"Time","upf=upf-1:loc=1:dnn=1:dscp0","upf=upf-2:loc=1:dnn=1:dscp0","upf=upf-3:loc=1:dnn=1:dscp0","upf=upf-4:loc=1:dnn=1:dscp0","upf=upf-1:loc=2:dnn=1:dscp0","upf=upf-2:loc=2:dnn=1:dscp0","upf=upf-3:loc=2:dnn=1:dscp0","upf=upf-4:loc=2:dnn=1:dscp0","upf=upf-1:loc=3:dnn=1:dscp0","upf=upf-2:loc=3:dnn=1:dscp0","upf=upf-3:loc=3:dnn=1:dscp0","upf=upf-4:loc=3:dnn=1:dscp0","upf=upf-1:loc=4:dnn=1:dscp0","upf=upf-2:loc=4:dnn=1:dscp0","upf=upf-3:loc=4:dnn=1:dscp0","upf=upf-4:loc=4:dnn=1:dscp0","upf=upf-1:loc=1:dnn=2:dscp0","upf=upf-2:loc=1:dnn=2:dscp0","upf=upf-3:loc=1:dnn=2:dscp0","upf=upf-4:loc=1:dnn=2:dscp0","upf=upf-1:loc=2:dnn=2:dscp0","upf=upf-2:loc=2:dnn=2:dscp0","upf=upf-3:loc=2:dnn=2:dscp0","upf=upf-4:loc=2:dnn=2:dscp0","upf=upf-1:loc=3:dnn=2:dscp0","upf=upf-2:loc=3:dnn=2:dscp0","upf=upf-3:loc=3:dnn=2:dscp0","upf=upf-4:loc=3:dnn=2:dscp0","upf=upf-1:loc=4:dnn=2:dscp0","upf=upf-2:loc=4:dnn=2:dscp0","upf=upf-3:loc=4:dnn=2:dscp0","upf=upf-4:loc=4:dnn=2:dscp0"
2026-08-20 16:36:40,0 p/s,0 p/s,0 p/s,0 p/s,112 p/s,0 p/s,0 p/s,18.6 kp/s,11.4 kp/s,7.36 kp/s,0 p/s,0 p/s,14.8 kp/s,3.84 kp/s,112 p/s,0 p/s,0 p/s,0 p/s,0 p/s,0 p/s,30.0 kp/s,0 p/s,0 p/s,30.0 kp/s,534 p/s,549 p/s,0 p/s,0 p/s,0 p/s,0 p/s,0 p/s,0 p/s
2026-08-20 16:37:00,0 p/s,0 p/s,0 p/s,0 p/s,112 p/s,0 p/s,0 p/s,18.6 kp/s,11.4 kp/s,7.36 kp/s,0 p/s,0 p/s,14.8 kp/s,3.84 kp/s,112 p/s,0 p/s,0 p/s,0 p/s,0 p/s,0 p/s,30.1 kp/s,0 p/s,0 p/s,30.1 kp/s,4.72 kp/s,4.75 kp/s,0 p/s,0 p/s,0 p/s,0 p/s,0 p/s,0 p/s
2026-08-20 16:37:20,0 p/s,0 p/s,0 p/s,0 p/s,112 p/s,0 p/s,0 p/s,18.7 kp/s,11.4 kp/s,7.36 kp/s,0 p/s,0 p/s,14.8 kp/s,3.84 kp/s,112 p/s,0 p/s,0 p/s,0 p/s,0 p/s,0 p/s,30.1 kp/s,0 p/s,0 p/s,30.1 kp/s,13.8 kp/s,13.8 kp/s,0 p/s,0 p/s,0 p/s,0 p/s,0 p/s,0 p/s
2026-08-20 16:37:40,0 p/s,0 p/s,0 p/s,0 p/s,112 p/s,0 p/s,0 p/s,18.7 kp/s,11.4 kp/s,7.37 kp/s,0 p/s,0 p/s,14.8 kp/s,3.84 kp/s,112 p/s,0 p/s,0 p/s,0 p/s,0 p/s,0 p/s,30.1 kp/s,0 p/s,0 p/s,30.1 kp/s,18.3 kp/s,18.3 kp/s,0 p/s,0 p/s,0 p/s,0 p/s,0 p/s,0 p/s
2026-08-20 16:38:00,0 p/s,0 p/s,0 p/s,0 p/s,112 p/s,0 p/s,0 p/s,18.7 kp/s,11.4 kp/s,7.37 kp/s,0 p/s,0 p/s,14.8 kp/s,3.84 kp/s,112 p/s,0 p/s,0 p/s,0 p/s,0 p/s,0 p/s,30.1 kp/s,0 p/s,0 p/s,30.1 kp/s,22.8 kp/s,22.8 kp/s,0 p/s,0 p/s,0 p/s,0 p/s,0 p/s,0 p/s
2026-08-20 16:38:20,0 p/s,0 p/s,0 p/s,0 p/s,112 p/s,0 p/s,0 p/s,18.4 kp/s,11.3 kp/s,7.34 kp/s,0 p/s,0 p/s,13.5 kp/s,3.66 kp/s,112 p/s,0 p/s,0 p/s,0 p/s,0 p/s,0 p/s,30.0 kp/s,0 p/s,0 p/s,30.1 kp/s,30.0 kp/s,30.0 kp/s,0 p/s,0 p/s,314 p/s,328 p/s,321 p/s,0 p/s
2026-08-20 16:38:40,0 p/s,0 p/s,0 p/s,0 p/s,112 p/s,0 p/s,0 p/s,18.5 kp/s,11.4 kp/s,7.37 kp/s,0 p/s,0 p/s,11.4 kp/s,3.64 kp/s,112 p/s,0 p/s,0 p/s,0 p/s,0 p/s,0 p/s,30.1 kp/s,0 p/s,0 p/s,30.1 kp/s,30.1 kp/s,30.1 kp/s,0 p/s,0 p/s,2.82 kp/s,2.86 kp/s,2.84 kp/s,0 p/s
2026-08-20 16:39:00,0 p/s,0 p/s,0 p/s,0 p/s,112 p/s,0 p/s,0 p/s,18.4 kp/s,11.4 kp/s,7.36 kp/s,0 p/s,0 p/s,9.56 kp/s,3.61 kp/s,112 p/s,0 p/s,0 p/s,0 p/s,0 p/s,0 p/s,30.1 kp/s,0 p/s,0 p/s,30.1 kp/s,30.1 kp/s,30.1 kp/s,0 p/s,0 p/s,6.25 kp/s,6.29 kp/s,6.27 kp/s,0 p/s
2026-08-20 16:39:20,0 p/s,0 p/s,0 p/s,0 p/s,112 p/s,0 p/s,0 p/s,18.4 kp/s,11.4 kp/s,7.35 kp/s,0 p/s,0 p/s,9.24 kp/s,3.61 kp/s,112 p/s,0 p/s,0 p/s,0 p/s,0 p/s,0 p/s,30.1 kp/s,0 p/s,0 p/s,30.1 kp/s,30.1 kp/s,30.1 kp/s,0 p/s,0 p/s,12.3 kp/s,12.3 kp/s,12.3 kp/s,0 p/s
2026-08-20 16:39:40,0 p/s,0 p/s,0 p/s,0 p/s,112 p/s,0 p/s,0 p/s,18.5 kp/s,11.4 kp/s,7.36 kp/s,0 p/s,0 p/s,9.24 kp/s,3.61 kp/s,112 p/s,0 p/s,0 p/s,0 p/s,0 p/s,0 p/s,30.1 kp/s,0 p/s,0 p/s,30.1 kp/s,30.1 kp/s,30.1 kp/s,0 p/s,0 p/s,15.3 kp/s,15.3 kp/s,15.3 kp/s,0 p/s
2026-08-20 16:40:00,0 p/s,0 p/s,0 p/s,0 p/s,112 p/s,0 p/s,0 p/s,18.4 kp/s,11.4 kp/s,7.36 kp/s,0 p/s,0 p/s,9.24 kp/s,3.61 kp/s,112 p/s,0 p/s,0 p/s,0 p/s,0 p/s,0 p/s,30.1 kp/s,0 p/s,0 p/s,30.1 kp/s,30.1 kp/s,30.1 kp/s,0 p/s,0 p/s,18.3 kp/s,18.3 kp/s,18.3 kp/s,0 p/s
2026-08-20 16:40:20,0 p/s,0 p/s,0 p/s,0 p/s,79.6 p/s,0 p/s,0 p/s,14.0 kp/s,8.69 kp/s,5.49 kp/s,0 p/s,0 p/s,7.03 kp/s,2.70 kp/s,89.7 p/s,0 p/s,0 p/s,0 p/s,0 p/s,0 p/s,19.1 kp/s,0 p/s,0 p/s,18.9 kp/s,23.0 kp/s,22.7 kp/s,0 p/s,0 p/s,15.3 kp/s,15.3 kp/s,15.2 kp/s,0 p/s
2026-08-20 16:40:40,0 p/s,0 p/s,0 p/s,0 p/s,61.9 p/s,0 p/s,0 p/s,11.6 kp/s,7.31 kp/s,4.50 kp/s,0 p/s,0 p/s,5.88 kp/s,2.23 kp/s,74.4 p/s,0 p/s,0 p/s,0 p/s,0 p/s,0 p/s,11.4 kp/s,0 p/s,0 p/s,11.9 kp/s,16.7 kp/s,17.4 kp/s,0 p/s,0 p/s,11.4 kp/s,11.4 kp/s,11.4 kp/s,0 p/s
2026-08-20 16:41:00,0 p/s,0 p/s,0 p/s,0 p/s,57.1 p/s,0 p/s,0 p/s,9.89 kp/s,6.20 kp/s,3.90 kp/s,0 p/s,0 p/s,5.01 kp/s,1.92 kp/s,58.4 p/s,0 p/s,0 p/s,0 p/s,0 p/s,0 p/s,7.38 kp/s,0 p/s,0 p/s,7.51 kp/s,13.9 kp/s,14.2 kp/s,0 p/s,0 p/s,9.40 kp/s,9.27 kp/s,9.36 kp/s,0 p/s
2026-08-20 16:41:20,0 p/s,0 p/s,0 p/s,0 p/s,50.3 p/s,0 p/s,0 p/s,7.98 kp/s,4.97 kp/s,3.11 kp/s,0 p/s,0 p/s,3.99 kp/s,1.57 kp/s,49.9 p/s,0 p/s,0 p/s,0 p/s,0 p/s,0 p/s,2.61 kp/s,0 p/s,0 p/s,2.55 kp/s,10.9 kp/s,10.8 kp/s,0 p/s,0 p/s,7.23 kp/s,7.23 kp/s,7.21 kp/s,0 p/s
2026-08-20 16:41:40,0 p/s,0 p/s,0 p/s,0 p/s,48.3 p/s,0 p/s,0 p/s,8.41 kp/s,5.32 kp/s,3.23 kp/s,0 p/s,0 p/s,4.30 kp/s,1.66 kp/s,50.5 p/s,0 p/s,0 p/s,0 p/s,0 p/s,0 p/s,1.13 kp/s,0 p/s,0 p/s,1.16 kp/s,10.1 kp/s,10.3 kp/s,0 p/s,0 p/s,6.83 kp/s,6.77 kp/s,6.78 kp/s,0 p/s
2026-08-20 16:42:00,0 p/s,0 p/s,0 p/s,0 p/s,66.7 p/s,0 p/s,0 p/s,12.3 kp/s,7.63 kp/s,4.82 kp/s,0 p/s,0 p/s,6.19 kp/s,2.41 kp/s,77.7 p/s,0 p/s,0 p/s,0 p/s,0 p/s,0 p/s,1.28 kp/s,0 p/s,0 p/s,1.46 kp/s,13.0 kp/s,14.5 kp/s,0 p/s,0 p/s,9.46 kp/s,9.07 kp/s,9.13 kp/s,0 p/s
2026-08-20 16:42:20,0 p/s,0 p/s,0 p/s,0 p/s,63.9 p/s,0 p/s,0 p/s,10.9 kp/s,6.89 kp/s,4.04 kp/s,0 p/s,0 p/s,5.38 kp/s,2.13 kp/s,76.5 p/s,0 p/s,0 p/s,0 p/s,0 p/s,0 p/s,1.23 kp/s,0 p/s,0 p/s,1.45 kp/s,12.4 kp/s,14.8 kp/s,0 p/s,0 p/s,8.91 kp/s,9.23 kp/s,9.04 kp/s,0 p/s
2026-08-20 16:42:40,0 p/s,0 p/s,0 p/s,0 p/s,57.3 p/s,0 p/s,0 p/s,9.46 kp/s,5.82 kp/s,3.74 kp/s,0 p/s,0 p/s,4.71 kp/s,1.84 kp/s,59.6 p/s,0 p/s,0 p/s,0 p/s,0 p/s,0 p/s,1.07 kp/s,0 p/s,0 p/s,1.24 kp/s,10.7 kp/s,12.4 kp/s,0 p/s,0 p/s,7.64 kp/s,7.79 kp/s,7.70 kp/s,0 p/s
2026-08-20 16:43:00,0 p/s,0 p/s,0 p/s,0 p/s,54.4 p/s,0 p/s,0 p/s,9.07 kp/s,5.68 kp/s,3.50 kp/s,0 p/s,0 p/s,4.55 kp/s,1.77 kp/s,57.3 p/s,0 p/s,0 p/s,0 p/s,0 p/s,0 p/s,1.02 kp/s,0 p/s,0 p/s,1.19 kp/s,10.3 kp/s,12.0 kp/s,0 p/s,0 p/s,7.45 kp/s,7.42 kp/s,7.44 kp/s,0 p/s
2026-08-20 16:43:20,0 p/s,0 p/s,0 p/s,0 p/s,52.8 p/s,0 p/s,0 p/s,9.27 kp/s,5.90 kp/s,3.53 kp/s,0 p/s,0 p/s,4.71 kp/s,1.82 kp/s,56.4 p/s,0 p/s,0 p/s,0 p/s,0 p/s,0 p/s,1.05 kp/s,0 p/s,0 p/s,1.26 kp/s,10.5 kp/s,12.6 kp/s,0 p/s,0 p/s,7.72 kp/s,7.64 kp/s,7.65 kp/s,0 p/s
2026-08-20 16:43:40,0 p/s,0 p/s,0 p/s,0 p/s,58.1 p/s,0 p/s,0 p/s,10.7 kp/s,6.68 kp/s,4.24 kp/s,0 p/s,0 p/s,5.48 kp/s,2.09 kp/s,70.7 p/s,0 p/s,0 p/s,0 p/s,0 p/s,0 p/s,1.20 kp/s,0 p/s,0 p/s,1.38 kp/s,12.1 kp/s,13.5 kp/s,0 p/s,0 p/s,8.76 kp/s,8.46 kp/s,8.57 kp/s,0 p/s
2026-08-20 16:44:00,0 p/s,0 p/s,0 p/s,0 p/s,70 p/s,0 p/s,0 p/s,10.9 kp/s,6.81 kp/s,4.17 kp/s,0 p/s,0 p/s,5.44 kp/s,2.09 kp/s,59.1 p/s,0 p/s,0 p/s,0 p/s,0 p/s,0 p/s,1.23 kp/s,0 p/s,0 p/s,1.38 kp/s,12.5 kp/s,14.0 kp/s,0 p/s,0 p/s,8.83 kp/s,8.65 kp/s,8.74 kp/s,0 p/s
2026-08-20 16:44:20,0 p/s,0 p/s,0 p/s,0 p/s,56.5 p/s,0 p/s,0 p/s,9.58 kp/s,5.94 kp/s,3.72 kp/s,0 p/s,0 p/s,4.79 kp/s,1.86 kp/s,66.4 p/s,0 p/s,0 p/s,0 p/s,0 p/s,0 p/s,1.12 kp/s,0 p/s,0 p/s,1.28 kp/s,11.2 kp/s,12.8 kp/s,0 p/s,0 p/s,7.91 kp/s,8.11 kp/s,7.99 kp/s,0 p/s
2026-08-20 16:44:40,0 p/s,0 p/s,0 p/s,0 p/s,52.4 p/s,0 p/s,0 p/s,8.91 kp/s,5.62 kp/s,3.39 kp/s,0 p/s,0 p/s,4.46 kp/s,1.74 kp/s,57.1 p/s,0 p/s,0 p/s,0 p/s,0 p/s,0 p/s,1.06 kp/s,0 p/s,0 p/s,1.23 kp/s,10.6 kp/s,12.4 kp/s,0 p/s,0 p/s,7.67 kp/s,7.68 kp/s,7.66 kp/s,0 p/s
2026-08-20 16:45:00,0 p/s,0 p/s,0 p/s,0 p/s,52.3 p/s,0 p/s,0 p/s,8.90 kp/s,5.63 kp/s,3.40 kp/s,0 p/s,0 p/s,4.47 kp/s,1.73 kp/s,56.8 p/s,0 p/s,0 p/s,0 p/s,0 p/s,0 p/s,1.03 kp/s,0 p/s,0 p/s,1.21 kp/s,10.3 kp/s,12.1 kp/s,0 p/s,0 p/s,7.50 kp/s,7.48 kp/s,7.48 kp/s,0 p/s
2026-08-20 16:45:20,0 p/s,0 p/s,0 p/s,0 p/s,60.4 p/s,0 p/s,0 p/s,11.4 kp/s,7.33 kp/s,4.25 kp/s,0 p/s,0 p/s,5.79 kp/s,2.22 kp/s,77.5 p/s,0 p/s,0 p/s,0 p/s,0 p/s,0 p/s,1.30 kp/s,0 p/s,0 p/s,1.59 kp/s,13.0 kp/s,15.6 kp/s,0 p/s,0 p/s,9.87 kp/s,9.49 kp/s,9.54 kp/s,0 p/s
2026-08-20 16:45:40,0 p/s,0 p/s,0 p/s,0 p/s,67.2 p/s,0 p/s,0 p/s,10.8 kp/s,6.91 kp/s,4.04 kp/s,0 p/s,0 p/s,5.49 kp/s,2.06 kp/s,61.6 p/s,0 p/s,0 p/s,0 p/s,0 p/s,0 p/s,1.23 kp/s,0 p/s,0 p/s,1.41 kp/s,12.5 kp/s,14.2 kp/s,0 p/s,0 p/s,8.87 kp/s,8.66 kp/s,8.82 kp/s,0 p/s
2026-08-20 16:46:00,0 p/s,0 p/s,0 p/s,0 p/s,68.7 p/s,0 p/s,0 p/s,11.4 kp/s,7.25 kp/s,4.21 kp/s,0 p/s,0 p/s,5.50 kp/s,2.21 kp/s,72.3 p/s,0 p/s,0 p/s,0 p/s,0 p/s,0 p/s,1.28 kp/s,0 p/s,0 p/s,1.49 kp/s,13.1 kp/s,15.2 kp/s,0 p/s,0 p/s,9.30 kp/s,9.64 kp/s,9.50 kp/s,0 p/s
2026-08-20 16:46:20,0 p/s,0 p/s,0 p/s,0 p/s,56.7 p/s,0 p/s,0 p/s,9.89 kp/s,6.41 kp/s,3.60 kp/s,0 p/s,0 p/s,4.97 kp/s,1.91 kp/s,65.7 p/s,0 p/s,0 p/s,0 p/s,0 p/s,0 p/s,1.11 kp/s,0 p/s,0 p/s,1.31 kp/s,11.2 kp/s,13.2 kp/s,0 p/s,0 p/s,8.16 kp/s,8.12 kp/s,8.12 kp/s,0 p/s
2026-08-20 16:46:40,0 p/s,0 p/s,0 p/s,0 p/s,50.4 p/s,0 p/s,0 p/s,8.31 kp/s,5.17 kp/s,3.25 kp/s,0 p/s,0 p/s,4.18 kp/s,1.62 kp/s,51.1 p/s,0 p/s,0 p/s,0 p/s,0 p/s,0 p/s,998 p/s,0 p/s,0 p/s,1.12 kp/s,10.0 kp/s,11.2 kp/s,0 p/s,0 p/s,7.10 kp/s,7.09 kp/s,7.09 kp/s,0 p/s
2026-08-20 16:47:00,0 p/s,0 p/s,0 p/s,0 p/s,53.7 p/s,0 p/s,0 p/s,9.54 kp/s,6.11 kp/s,3.56 kp/s,0 p/s,0 p/s,4.84 kp/s,1.87 kp/s,60.3 p/s,0 p/s,0 p/s,0 p/s,0 p/s,0 p/s,1.13 kp/s,0 p/s,0 p/s,1.30 kp/s,11.3 kp/s,13.0 kp/s,0 p/s,0 p/s,8.13 kp/s,8.05 kp/s,8.06 kp/s,0 p/s
2026-08-20 16:47:20,0 p/s,0 p/s,0 p/s,0 p/s,67.9 p/s,0 p/s,0 p/s,10.3 kp/s,6.59 kp/s,3.97 kp/s,0 p/s,0 p/s,5.17 kp/s,1.98 kp/s,58.3 p/s,0 p/s,0 p/s,0 p/s,0 p/s,0 p/s,1.22 kp/s,0 p/s,0 p/s,1.42 kp/s,12.3 kp/s,14.1 kp/s,0 p/s,0 p/s,8.83 kp/s,8.67 kp/s,8.80 kp/s,0 p/s
2026-08-20 16:47:40,0 p/s,0 p/s,0 p/s,0 p/s,63.3 p/s,0 p/s,0 p/s,10.8 kp/s,6.78 kp/s,4.04 kp/s,0 p/s,0 p/s,5.32 kp/s,2.10 kp/s,73.7 p/s,0 p/s,0 p/s,0 p/s,0 p/s,0 p/s,1.23 kp/s,0 p/s,0 p/s,1.41 kp/s,12.4 kp/s,14.4 kp/s,0 p/s,0 p/s,8.77 kp/s,9.11 kp/s,8.97 kp/s,0 p/s
2026-08-20 16:48:00,0 p/s,0 p/s,0 p/s,0 p/s,52.3 p/s,0 p/s,0 p/s,8.75 kp/s,5.49 kp/s,3.34 kp/s,0 p/s,0 p/s,4.37 kp/s,1.71 kp/s,56.4 p/s,0 p/s,0 p/s,0 p/s,0 p/s,0 p/s,1.05 kp/s,0 p/s,0 p/s,1.18 kp/s,10.6 kp/s,11.9 kp/s,0 p/s,0 p/s,7.42 kp/s,7.56 kp/s,7.48 kp/s,0 p/s
2026-08-20 16:48:20,0 p/s,0 p/s,0 p/s,0 p/s,52 p/s,0 p/s,0 p/s,8.74 kp/s,5.50 kp/s,3.37 kp/s,0 p/s,0 p/s,4.39 kp/s,1.70 kp/s,54.9 p/s,0 p/s,0 p/s,0 p/s,0 p/s,0 p/s,1.04 kp/s,0 p/s,0 p/s,1.23 kp/s,10.4 kp/s,12.3 kp/s,0 p/s,0 p/s,7.58 kp/s,7.56 kp/s,7.55 kp/s,0 p/s
2026-08-20 16:48:40,0 p/s,0 p/s,0 p/s,0 p/s,53.7 p/s,0 p/s,0 p/s,9.29 kp/s,5.90 kp/s,3.53 kp/s,0 p/s,0 p/s,4.69 kp/s,1.81 kp/s,60.4 p/s,0 p/s,0 p/s,0 p/s,0 p/s,0 p/s,1.09 kp/s,0 p/s,0 p/s,1.25 kp/s,10.9 kp/s,12.4 kp/s,0 p/s,0 p/s,7.83 kp/s,7.76 kp/s,7.78 kp/s,0 p/s
2026-08-20 16:49:00,0 p/s,0 p/s,0 p/s,0 p/s,58.1 p/s,0 p/s,0 p/s,11.3 kp/s,7.21 kp/s,4.18 kp/s,0 p/s,0 p/s,5.75 kp/s,2.21 kp/s,74 p/s,0 p/s,0 p/s,0 p/s,0 p/s,0 p/s,1.24 kp/s,0 p/s,0 p/s,1.52 kp/s,12.4 kp/s,14.9 kp/s,0 p/s,0 p/s,9.42 kp/s,9.03 kp/s,9.10 kp/s,0 p/s
2026-08-20 16:49:20,0 p/s,0 p/s,0 p/s,0 p/s,64 p/s,0 p/s,0 p/s,10.3 kp/s,6.57 kp/s,3.91 kp/s,0 p/s,0 p/s,5.08 kp/s,1.99 kp/s,59.5 p/s,0 p/s,0 p/s,0 p/s,0 p/s,0 p/s,1.17 kp/s,0 p/s,0 p/s,1.37 kp/s,11.9 kp/s,13.8 kp/s,0 p/s,0 p/s,8.60 kp/s,8.58 kp/s,8.61 kp/s,0 p/s
2026-08-20 16:49:40,0 p/s,0 p/s,0 p/s,0 p/s,59.1 p/s,0 p/s,0 p/s,9.99 kp/s,6.25 kp/s,3.82 kp/s,0 p/s,0 p/s,4.96 kp/s,1.95 kp/s,71.7 p/s,0 p/s,0 p/s,0 p/s,0 p/s,0 p/s,1.16 kp/s,0 p/s,0 p/s,1.37 kp/s,11.7 kp/s,13.9 kp/s,0 p/s,0 p/s,8.35 kp/s,8.71 kp/s,8.48 kp/s,0 p/s
2026-08-20 16:50:00,0 p/s,0 p/s,0 p/s,0 p/s,54.8 p/s,0 p/s,0 p/s,9.21 kp/s,5.80 kp/s,3.51 kp/s,0 p/s,0 p/s,4.62 kp/s,1.79 kp/s,59.9 p/s,0 p/s,0 p/s,0 p/s,0 p/s,0 p/s,1.02 kp/s,0 p/s,0 p/s,1.25 kp/s,10.2 kp/s,12.6 kp/s,0 p/s,0 p/s,7.59 kp/s,7.64 kp/s,7.60 kp/s,0 p/s
2026-08-20 16:50:20,0 p/s,0 p/s,0 p/s,0 p/s,51.3 p/s,0 p/s,0 p/s,8.69 kp/s,5.38 kp/s,3.42 kp/s,0 p/s,0 p/s,4.37 kp/s,1.70 kp/s,52.3 p/s,0 p/s,0 p/s,0 p/s,0 p/s,0 p/s,1.01 kp/s,0 p/s,0 p/s,1.12 kp/s,10.2 kp/s,11.2 kp/s,0 p/s,0 p/s,7.16 kp/s,7.08 kp/s,7.09 kp/s,0 p/s
2026-08-20 16:50:40,0 p/s,0 p/s,0 p/s,0 p/s,52.9 p/s,0 p/s,0 p/s,9.22 kp/s,5.76 kp/s,3.64 kp/s,0 p/s,0 p/s,4.76 kp/s,1.83 kp/s,57.2 p/s,0 p/s,0 p/s,0 p/s,0 p/s,0 p/s,1.09 kp/s,0 p/s,0 p/s,1.26 kp/s,10.7 kp/s,12.4 kp/s,0 p/s,0 p/s,7.81 kp/s,7.67 kp/s,7.72 kp/s,0 p/s
2026-08-20 16:51:00,0 p/s,0 p/s,0 p/s,0 p/s,62.3 p/s,0 p/s,0 p/s,10.8 kp/s,6.82 kp/s,4.11 kp/s,0 p/s,0 p/s,5.38 kp/s,2.07 kp/s,62.5 p/s,0 p/s,0 p/s,0 p/s,0 p/s,0 p/s,1.19 kp/s,0 p/s,0 p/s,1.43 kp/s,12.4 kp/s,14.5 kp/s,0 p/s,0 p/s,9.09 kp/s,8.75 kp/s,8.88 kp/s,0 p/s
2026-08-20 16:51:20,0 p/s,0 p/s,0 p/s,0 p/s,64.4 p/s,0 p/s,0 p/s,10.8 kp/s,6.73 kp/s,4.12 kp/s,0 p/s,0 p/s,5.32 kp/s,2.11 kp/s,72.5 p/s,0 p/s,0 p/s,0 p/s,0 p/s,0 p/s,1.19 kp/s,0 p/s,0 p/s,1.44 kp/s,12.0 kp/s,14.7 kp/s,0 p/s,0 p/s,8.72 kp/s,9.05 kp/s,8.89 kp/s,0 p/s
2026-08-20 16:51:40,0 p/s,0 p/s,0 p/s,0 p/s,54.7 p/s,0 p/s,0 p/s,9.27 kp/s,5.85 kp/s,3.50 kp/s,0 p/s,0 p/s,4.64 kp/s,1.81 kp/s,63.1 p/s,0 p/s,0 p/s,0 p/s,0 p/s,0 p/s,1.08 kp/s,0 p/s,0 p/s,1.28 kp/s,10.8 kp/s,12.9 kp/s,0 p/s,0 p/s,7.84 kp/s,7.99 kp/s,7.89 kp/s,0 p/s
2026-08-20 16:52:00,0 p/s,0 p/s,0 p/s,0 p/s,52.7 p/s,0 p/s,0 p/s,8.84 kp/s,5.54 kp/s,3.39 kp/s,0 p/s,0 p/s,4.44 kp/s,1.72 kp/s,55.3 p/s,0 p/s,0 p/s,0 p/s,0 p/s,0 p/s,1.04 kp/s,0 p/s,0 p/s,1.18 kp/s,10.4 kp/s,11.8 kp/s,0 p/s,0 p/s,7.43 kp/s,7.42 kp/s,7.41 kp/s,0 p/s
2026-08-20 16:52:20,0 p/s,0 p/s,0 p/s,0 p/s,52 p/s,0 p/s,0 p/s,8.96 kp/s,5.63 kp/s,3.46 kp/s,0 p/s,0 p/s,4.55 kp/s,1.76 kp/s,54.4 p/s,0 p/s,0 p/s,0 p/s,0 p/s,0 p/s,1.03 kp/s,0 p/s,0 p/s,1.20 kp/s,10.2 kp/s,12.0 kp/s,0 p/s,0 p/s,7.43 kp/s,7.36 kp/s,7.37 kp/s,0 p/s
2026-08-20 16:52:40,0 p/s,0 p/s,0 p/s,0 p/s,55.7 p/s,0 p/s,0 p/s,10.6 kp/s,6.75 kp/s,4.04 kp/s,0 p/s,0 p/s,5.43 kp/s,2.07 kp/s,71.7 p/s,0 p/s,0 p/s,0 p/s,0 p/s,0 p/s,1.23 kp/s,0 p/s,0 p/s,1.54 kp/s,12.4 kp/s,15.1 kp/s,0 p/s,0 p/s,9.48 kp/s,9.09 kp/s,9.17 kp/s,0 p/s
2026-08-20 16:53:00,0 p/s,0 p/s,0 p/s,0 p/s,66.9 p/s,0 p/s,0 p/s,10.8 kp/s,7.03 kp/s,3.97 kp/s,0 p/s,0 p/s,5.51 kp/s,2.08 kp/s,62.5 p/s,0 p/s,0 p/s,0 p/s,0 p/s,0 p/s,1.24 kp/s,0 p/s,0 p/s,1.48 kp/s,12.6 kp/s,14.9 kp/s,0 p/s,0 p/s,9.18 kp/s,8.96 kp/s,9.14 kp/s,0 p/s
2026-08-20 16:53:20,0 p/s,0 p/s,0 p/s,0 p/s,54.4 p/s,0 p/s,0 p/s,9.45 kp/s,6.18 kp/s,3.38 kp/s,0 p/s,0 p/s,4.75 kp/s,1.83 kp/s,66.1 p/s,0 p/s,0 p/s,0 p/s,0 p/s,0 p/s,1.12 kp/s,0 p/s,0 p/s,1.32 kp/s,11.3 kp/s,13.3 kp/s,0 p/s,0 p/s,8.15 kp/s,8.21 kp/s,8.17 kp/s,0 p/s
2026-08-20 16:53:40,0 p/s,0 p/s,0 p/s,0 p/s,51.2 p/s,0 p/s,0 p/s,8.59 kp/s,5.44 kp/s,3.27 kp/s,0 p/s,0 p/s,4.33 kp/s,1.67 kp/s,54.7 p/s,0 p/s,0 p/s,0 p/s,0 p/s,0 p/s,977 p/s,0 p/s,0 p/s,1.15 kp/s,9.85 kp/s,11.6 kp/s,0 p/s,0 p/s,7.17 kp/s,7.14 kp/s,7.14 kp/s,0 p/s
2026-08-20 16:54:00,0 p/s,0 p/s,0 p/s,0 p/s,56.8 p/s,0 p/s,0 p/s,9.68 kp/s,6.17 kp/s,3.64 kp/s,0 p/s,0 p/s,4.86 kp/s,1.88 kp/s,62.4 p/s,0 p/s,0 p/s,0 p/s,0 p/s,0 p/s,1.07 kp/s,0 p/s,0 p/s,1.29 kp/s,10.8 kp/s,12.9 kp/s,0 p/s,0 p/s,7.94 kp/s,7.91 kp/s,7.91 kp/s,0 p/s
2026-08-20 16:54:20,0 p/s,0 p/s,0 p/s,0 p/s,62.9 p/s,0 p/s,0 p/s,11.7 kp/s,7.58 kp/s,4.29 kp/s,0 p/s,0 p/s,5.94 kp/s,2.27 kp/s,78.3 p/s,0 p/s,0 p/s,0 p/s,0 p/s,0 p/s,1.30 kp/s,0 p/s,0 p/s,1.59 kp/s,13.2 kp/s,15.9 kp/s,0 p/s,0 p/s,9.98 kp/s,9.58 kp/s,9.64 kp/s,0 p/s
2026-08-20 16:54:40,0 p/s,0 p/s,0 p/s,0 p/s,70.3 p/s,0 p/s,0 p/s,11.1 kp/s,7.18 kp/s,4.18 kp/s,0 p/s,0 p/s,5.53 kp/s,2.12 kp/s,61.7 p/s,0 p/s,0 p/s,0 p/s,0 p/s,0 p/s,1.27 kp/s,0 p/s,0 p/s,1.48 kp/s,12.8 kp/s,14.9 kp/s,0 p/s,0 p/s,9.31 kp/s,9.15 kp/s,9.32 kp/s,0 p/s
2026-08-20 16:55:00,0 p/s,0 p/s,0 p/s,0 p/s,62.5 p/s,0 p/s,0 p/s,10.6 kp/s,6.63 kp/s,4.00 kp/s,0 p/s,0 p/s,5.25 kp/s,2.08 kp/s,75.3 p/s,0 p/s,0 p/s,0 p/s,0 p/s,0 p/s,1.20 kp/s,0 p/s,0 p/s,1.41 kp/s,12.1 kp/s,14.3 kp/s,0 p/s,0 p/s,8.56 kp/s,8.98 kp/s,8.75 kp/s,0 p/s
2026-08-20 16:55:20,0 p/s,0 p/s,0 p/s,0 p/s,51.7 p/s,0 p/s,0 p/s,8.62 kp/s,5.38 kp/s,3.36 kp/s,0 p/s,0 p/s,4.33 kp/s,1.68 kp/s,52.9 p/s,0 p/s,0 p/s,0 p/s,0 p/s,0 p/s,1.01 kp/s,0 p/s,0 p/s,1.16 kp/s,10.1 kp/s,11.6 kp/s,0 p/s,0 p/s,7.27 kp/s,7.24 kp/s,7.24 kp/s,0 p/s
2026-08-20 16:55:40,0 p/s,0 p/s,0 p/s,0 p/s,48.4 p/s,0 p/s,0 p/s,8.44 kp/s,5.33 kp/s,3.27 kp/s,0 p/s,0 p/s,4.29 kp/s,1.67 kp/s,56.9 p/s,0 p/s,0 p/s,0 p/s,0 p/s,0 p/s,1.04 kp/s,0 p/s,0 p/s,1.17 kp/s,10.2 kp/s,11.5 kp/s,0 p/s,0 p/s,7.34 kp/s,7.27 kp/s,7.29 kp/s,0 p/s
2026-08-20 16:56:00,0 p/s,0 p/s,0 p/s,0 p/s,51.7 p/s,0 p/s,0 p/s,9.28 kp/s,5.80 kp/s,3.61 kp/s,0 p/s,0 p/s,4.76 kp/s,1.83 kp/s,58.3 p/s,0 p/s,0 p/s,0 p/s,0 p/s,0 p/s,1.08 kp/s,0 p/s,0 p/s,1.26 kp/s,10.9 kp/s,12.4 kp/s,0 p/s,0 p/s,7.92 kp/s,7.69 kp/s,7.80 kp/s,0 p/s
2026-08-20 16:56:20,0 p/s,0 p/s,0 p/s,0 p/s,66.3 p/s,0 p/s,0 p/s,10.4 kp/s,6.90 kp/s,3.74 kp/s,0 p/s,0 p/s,5.21 kp/s,1.97 kp/s,61.5 p/s,0 p/s,0 p/s,0 p/s,0 p/s,0 p/s,1.23 kp/s,0 p/s,0 p/s,1.50 kp/s,12.4 kp/s,15.0 kp/s,0 p/s,0 p/s,9.22 kp/s,9.06 kp/s,9.24 kp/s,0 p/s
2026-08-20 16:56:40,0 p/s,0 p/s,0 p/s,0 p/s,60 p/s,0 p/s,0 p/s,10.4 kp/s,6.51 kp/s,3.91 kp/s,0 p/s,0 p/s,5.16 kp/s,2.05 kp/s,74 p/s,0 p/s,0 p/s,0 p/s,0 p/s,0 p/s,1.17 kp/s,0 p/s,0 p/s,1.39 kp/s,11.8 kp/s,14.2 kp/s,0 p/s,0 p/s,8.46 kp/s,8.90 kp/s,8.69 kp/s,0 p/s
2026-08-20 16:57:00,0 p/s,0 p/s,0 p/s,0 p/s,50.9 p/s,0 p/s,0 p/s,8.82 kp/s,5.65 kp/s,3.25 kp/s,0 p/s,0 p/s,4.42 kp/s,1.71 kp/s,61.2 p/s,0 p/s,0 p/s,0 p/s,0 p/s,0 p/s,1.03 kp/s,0 p/s,0 p/s,1.22 kp/s,10.4 kp/s,12.3 kp/s,0 p/s,0 p/s,7.47 kp/s,7.60 kp/s,7.52 kp/s,0 p/s
2026-08-20 16:57:20,0 p/s,0 p/s,0 p/s,0 p/s,48.1 p/s,0 p/s,0 p/s,8.19 kp/s,5.22 kp/s,3.07 kp/s,0 p/s,0 p/s,4.12 kp/s,1.59 kp/s,52.3 p/s,0 p/s,0 p/s,0 p/s,0 p/s,0 p/s,981 p/s,0 p/s,0 p/s,1.11 kp/s,9.88 kp/s,11.1 kp/s,0 p/s,0 p/s,7.03 kp/s,7.00 kp/s,7.01 kp/s,0 p/s
2026-08-20 16:57:40,0 p/s,0 p/s,0 p/s,0 p/s,47.9 p/s,0 p/s,0 p/s,8.80 kp/s,5.75 kp/s,3.19 kp/s,0 p/s,0 p/s,4.49 kp/s,1.72 kp/s,57.5 p/s,0 p/s,0 p/s,0 p/s,0 p/s,0 p/s,1.10 kp/s,0 p/s,0 p/s,1.24 kp/s,11.0 kp/s,12.3 kp/s,0 p/s,0 p/s,7.81 kp/s,7.73 kp/s,7.74 kp/s,0 p/s
2026-08-20 16:58:00,0 p/s,0 p/s,0 p/s,0 p/s,53.7 p/s,0 p/s,0 p/s,10.1 kp/s,6.57 kp/s,3.73 kp/s,0 p/s,0 p/s,5.20 kp/s,1.99 kp/s,77.1 p/s,0 p/s,0 p/s,0 p/s,0 p/s,0 p/s,1.19 kp/s,0 p/s,0 p/s,1.39 kp/s,11.7 kp/s,13.5 kp/s,0 p/s,0 p/s,8.64 kp/s,8.42 kp/s,8.55 kp/s,0 p/s
2026-08-20 16:58:20,0 p/s,0 p/s,0 p/s,0 p/s,65.5 p/s,0 p/s,0 p/s,10.8 kp/s,7.05 kp/s,3.97 kp/s,0 p/s,0 p/s,5.36 kp/s,2.06 kp/s,62.3 p/s,0 p/s,0 p/s,0 p/s,0 p/s,0 p/s,1.23 kp/s,0 p/s,0 p/s,1.46 kp/s,12.4 kp/s,14.6 kp/s,0 p/s,0 p/s,9.06 kp/s,8.95 kp/s,9.09 kp/s,0 p/s
2026-08-20 16:58:40,0 p/s,0 p/s,0 p/s,0 p/s,60.3 p/s,0 p/s,0 p/s,10.3 kp/s,6.49 kp/s,3.84 kp/s,0 p/s,0 p/s,5.06 kp/s,2.02 kp/s,77.2 p/s,0 p/s,0 p/s,0 p/s,0 p/s,0 p/s,1.22 kp/s,0 p/s,0 p/s,1.40 kp/s,12.2 kp/s,14.3 kp/s,0 p/s,0 p/s,8.56 kp/s,9.07 kp/s,8.81 kp/s,0 p/s
2026-08-20 16:59:00,0 p/s,0 p/s,0 p/s,0 p/s,51.6 p/s,0 p/s,0 p/s,9.00 kp/s,5.81 kp/s,3.30 kp/s,0 p/s,0 p/s,4.51 kp/s,1.74 kp/s,60.4 p/s,0 p/s,0 p/s,0 p/s,0 p/s,0 p/s,1.08 kp/s,0 p/s,0 p/s,1.25 kp/s,10.9 kp/s,12.5 kp/s,0 p/s,0 p/s,7.80 kp/s,7.82 kp/s,7.79 kp/s,0 p/s
2026-08-20 16:59:20,0 p/s,0 p/s,0 p/s,0 p/s,49.3 p/s,0 p/s,0 p/s,8.68 kp/s,5.60 kp/s,3.22 kp/s,0 p/s,0 p/s,4.38 kp/s,1.69 kp/s,56.9 p/s,0 p/s,0 p/s,0 p/s,0 p/s,0 p/s,1.05 kp/s,0 p/s,0 p/s,1.22 kp/s,10.5 kp/s,12.1 kp/s,0 p/s,0 p/s,7.59 kp/s,7.53 kp/s,7.55 kp/s,0 p/s
2026-08-20 16:59:40,0 p/s,0 p/s,0 p/s,0 p/s,50.1 p/s,0 p/s,0 p/s,9.48 kp/s,6.18 kp/s,3.50 kp/s,0 p/s,0 p/s,4.90 kp/s,1.87 kp/s,64.1 p/s,0 p/s,0 p/s,0 p/s,0 p/s,0 p/s,1.17 kp/s,0 p/s,0 p/s,1.37 kp/s,11.4 kp/s,13.3 kp/s,0 p/s,0 p/s,8.37 kp/s,8.22 kp/s,8.24 kp/s,0 p/s
2026-08-20 17:00:00,0 p/s,0 p/s,0 p/s,0 p/s,61.5 p/s,0 p/s,0 p/s,11.3 kp/s,7.15 kp/s,4.16 kp/s,0 p/s,0 p/s,5.60 kp/s,2.16 kp/s,68 p/s,0 p/s,0 p/s,0 p/s,0 p/s,0 p/s,1.21 kp/s,0 p/s,0 p/s,1.49 kp/s,12.6 kp/s,15.2 kp/s,0 p/s,0 p/s,9.46 kp/s,9.06 kp/s,9.17 kp/s,0 p/s
2026-08-20 17:00:20,0 p/s,0 p/s,0 p/s,0 p/s,61.2 p/s,0 p/s,0 p/s,10.5 kp/s,6.62 kp/s,3.91 kp/s,0 p/s,0 p/s,5.19 kp/s,2.05 kp/s,75.7 p/s,0 p/s,0 p/s,0 p/s,0 p/s,0 p/s,1.22 kp/s,0 p/s,0 p/s,1.40 kp/s,12.3 kp/s,14.3 kp/s,0 p/s,0 p/s,8.64 kp/s,9.09 kp/s,8.87 kp/s,0 p/s
2026-08-20 17:00:40,0 p/s,0 p/s,0 p/s,0 p/s,51.7 p/s,0 p/s,0 p/s,8.91 kp/s,5.69 kp/s,3.31 kp/s,0 p/s,0 p/s,4.47 kp/s,1.74 kp/s,60.7 p/s,0 p/s,0 p/s,0 p/s,0 p/s,0 p/s,1.09 kp/s,0 p/s,0 p/s,1.25 kp/s,11.0 kp/s,12.5 kp/s,0 p/s,0 p/s,7.79 kp/s,7.89 kp/s,7.82 kp/s,0 p/s
2026-08-20 17:01:00,0 p/s,0 p/s,0 p/s,0 p/s,49.2 p/s,0 p/s,0 p/s,8.21 kp/s,5.18 kp/s,3.13 kp/s,0 p/s,0 p/s,4.12 kp/s,1.59 kp/s,51.2 p/s,0 p/s,0 p/s,0 p/s,0 p/s,0 p/s,984 p/s,0 p/s,0 p/s,1.12 kp/s,9.90 kp/s,11.2 kp/s,0 p/s,0 p/s,7.06 kp/s,7.04 kp/s,7.04 kp/s,0 p/s
2026-08-20 17:01:20,0 p/s,0 p/s,0 p/s,0 p/s,50.4 p/s,0 p/s,0 p/s,9.09 kp/s,5.91 kp/s,3.33 kp/s,0 p/s,0 p/s,4.65 kp/s,1.77 kp/s,58.4 p/s,0 p/s,0 p/s,0 p/s,0 p/s,0 p/s,1.07 kp/s,0 p/s,0 p/s,1.25 kp/s,10.6 kp/s,12.4 kp/s,0 p/s,0 p/s,7.73 kp/s,7.63 kp/s,7.65 kp/s,0 p/s
2026-08-20 17:01:40,0 p/s,0 p/s,0 p/s,0 p/s,51.1 p/s,0 p/s,0 p/s,10.1 kp/s,6.50 kp/s,3.78 kp/s,0 p/s,0 p/s,5.23 kp/s,1.95 kp/s,75.9 p/s,0 p/s,0 p/s,0 p/s,0 p/s,0 p/s,1.17 kp/s,0 p/s,0 p/s,1.45 kp/s,11.7 kp/s,14.1 kp/s,0 p/s,0 p/s,8.82 kp/s,8.52 kp/s,8.71 kp/s,0 p/s
2026-08-20 17:02:00,0 p/s,0 p/s,0 p/s,0 p/s,72.4 p/s,0 p/s,0 p/s,11.5 kp/s,7.46 kp/s,4.14 kp/s,0 p/s,0 p/s,5.68 kp/s,2.20 kp/s,62 p/s,0 p/s,0 p/s,0 p/s,0 p/s,0 p/s,1.30 kp/s,0 p/s,0 p/s,1.52 kp/s,13.4 kp/s,15.6 kp/s,0 p/s,0 p/s,9.72 kp/s,9.50 kp/s,9.53 kp/s,0 p/s
2026-08-20 17:02:20,0 p/s,0 p/s,0 p/s,0 p/s,53.2 p/s,0 p/s,0 p/s,9.06 kp/s,5.76 kp/s,3.38 kp/s,0 p/s,0 p/s,4.53 kp/s,1.76 kp/s,66.5 p/s,0 p/s,0 p/s,0 p/s,0 p/s,0 p/s,1.10 kp/s,0 p/s,0 p/s,1.24 kp/s,11.0 kp/s,12.6 kp/s,0 p/s,0 p/s,7.74 kp/s,7.98 kp/s,7.83 kp/s,0 p/s
2026-08-20 17:02:40,0 p/s,0 p/s,0 p/s,0 p/s,51.9 p/s,0 p/s,0 p/s,9.04 kp/s,5.91 kp/s,3.25 kp/s,0 p/s,0 p/s,4.55 kp/s,1.75 kp/s,61.9 p/s,0 p/s,0 p/s,0 p/s,0 p/s,0 p/s,1.06 kp/s,0 p/s,0 p/s,1.26 kp/s,10.7 kp/s,12.7 kp/s,0 p/s,0 p/s,7.81 kp/s,7.77 kp/s,7.78 kp/s,0 p/s
2026-08-20 17:03:00,0 p/s,0 p/s,0 p/s,0 p/s,48.3 p/s,0 p/s,0 p/s,8.12 kp/s,5.09 kp/s,3.14 kp/s,0 p/s,0 p/s,4.08 kp/s,1.59 kp/s,49.9 p/s,0 p/s,0 p/s,0 p/s,0 p/s,0 p/s,958 p/s,0 p/s,0 p/s,1.13 kp/s,9.65 kp/s,11.3 kp/s,0 p/s,0 p/s,7.01 kp/s,6.97 kp/s,6.97 kp/s,0 p/s
2026-08-20 17:03:20,0 p/s,0 p/s,0 p/s,0 p/s,50.5 p/s,0 p/s,0 p/s,10.2 kp/s,6.59 kp/s,3.81 kp/s,0 p/s,0 p/s,5.29 kp/s,1.96 kp/s,73.1 p/s,0 p/s,0 p/s,0 p/s,0 p/s,0 p/s,1.20 kp/s,0 p/s,0 p/s,1.44 kp/s,12.1 kp/s,14.1 kp/s,0 p/s,0 p/s,8.83 kp/s,8.57 kp/s,8.76 kp/s,0 p/s
2026-08-20 17:03:40,0 p/s,0 p/s,0 p/s,0 p/s,68.5 p/s,0 p/s,0 p/s,10.9 kp/s,7.04 kp/s,3.94 kp/s,0 p/s,0 p/s,5.41 kp/s,2.09 kp/s,60.5 p/s,0 p/s,0 p/s,0 p/s,0 p/s,0 p/s,1.26 kp/s,0 p/s,0 p/s,1.48 kp/s,12.8 kp/s,15.0 kp/s,0 p/s,0 p/s,9.44 kp/s,9.18 kp/s,9.20 kp/s,0 p/s
2026-08-20 17:04:00,0 p/s,0 p/s,0 p/s,0 p/s,63.6 p/s,0 p/s,0 p/s,10.5 kp/s,6.86 kp/s,3.78 kp/s,0 p/s,0 p/s,5.15 kp/s,2.03 kp/s,63.5 p/s,0 p/s,0 p/s,0 p/s,0 p/s,0 p/s,1.23 kp/s,0 p/s,0 p/s,1.42 kp/s,12.5 kp/s,14.3 kp/s,0 p/s,0 p/s,8.97 kp/s,9.01 kp/s,9.02 kp/s,0 p/s
2026-08-20 17:04:20,0 p/s,0 p/s,0 p/s,0 p/s,51.6 p/s,0 p/s,0 p/s,8.92 kp/s,5.76 kp/s,3.28 kp/s,0 p/s,0 p/s,4.49 kp/s,1.73 kp/s,59.7 p/s,0 p/s,0 p/s,0 p/s,0 p/s,0 p/s,1.02 kp/s,0 p/s,0 p/s,1.24 kp/s,10.3 kp/s,12.5 kp/s,0 p/s,0 p/s,7.59 kp/s,7.58 kp/s,7.56 kp/s,0 p/s
2026-08-20 17:04:40,0 p/s,0 p/s,0 p/s,0 p/s,47.6 p/s,0 p/s,0 p/s,8.35 kp/s,5.42 kp/s,3.04 kp/s,0 p/s,0 p/s,4.18 kp/s,1.61 kp/s,55.2 p/s,0 p/s,0 p/s,0 p/s,0 p/s,0 p/s,995 p/s,0 p/s,0 p/s,1.18 kp/s,10.1 kp/s,11.8 kp/s,0 p/s,0 p/s,7.32 kp/s,7.30 kp/s,7.29 kp/s,0 p/s
2026-08-20 17:05:00,0 p/s,0 p/s,0 p/s,0 p/s,50 p/s,0 p/s,0 p/s,9.18 kp/s,6.02 kp/s,3.38 kp/s,0 p/s,0 p/s,4.71 kp/s,1.82 kp/s,64.1 p/s,0 p/s,0 p/s,0 p/s,0 p/s,0 p/s,1.14 kp/s,0 p/s,0 p/s,1.32 kp/s,11.1 kp/s,13.0 kp/s,0 p/s,0 p/s,8.10 kp/s,8.05 kp/s,8.05 kp/s,0 p/s
2026-08-20 17:05:20,0 p/s,0 p/s,0 p/s,0 p/s,66.1 p/s,0 p/s,0 p/s,10.3 kp/s,6.55 kp/s,3.91 kp/s,0 p/s,0 p/s,5.14 kp/s,1.98 kp/s,56.9 p/s,0 p/s,0 p/s,0 p/s,0 p/s,0 p/s,0 p/s,0 p/s,0 p/s,0 p/s,13.6 kp/s,13.7 kp/s,0 p/s,0 p/s,9.16 kp/s,9.00 kp/s,9.14 kp/s,0 p/s
2026-08-20 17:05:40,0 p/s,0 p/s,0 p/s,0 p/s,80 p/s,0 p/s,0 p/s,12.9 kp/s,7.97 kp/s,5.00 kp/s,0 p/s,0 p/s,6.36 kp/s,2.53 kp/s,85.7 p/s,0 p/s,0 p/s,0 p/s,0 p/s,0 p/s,0 p/s,0 p/s,0 p/s,0 p/s,6.09 kp/s,6.48 kp/s,0 p/s,0 p/s,11.9 kp/s,12.3 kp/s,12.1 kp/s,0 p/s
2026-08-20 17:06:00,0 p/s,0 p/s,0 p/s,0 p/s,112 p/s,0 p/s,0 p/s,18.5 kp/s,11.4 kp/s,7.37 kp/s,0 p/s,0 p/s,9.24 kp/s,3.61 kp/s,112 p/s,0 p/s,0 p/s,0 p/s,0 p/s,0 p/s,0 p/s,0 p/s,0 p/s,0 p/s,0 p/s,0 p/s,0 p/s,0 p/s,0 p/s,0 p/s,0 p/s,0 p/s
2026-08-20 17:06:20,0 p/s,0 p/s,0 p/s,0 p/s,112 p/s,0 p/s,0 p/s,18.5 kp/s,11.4 kp/s,7.37 kp/s,0 p/s,0 p/s,9.24 kp/s,3.61 kp/s,112 p/s,0 p/s,0 p/s,0 p/s,0 p/s,0 p/s,0 p/s,0 p/s,0 p/s,0 p/s,0 p/s,0 p/s,0 p/s,0 p/s,0 p/s,0 p/s,0 p/s,0 p/s
2026-08-20 17:06:40,0 p/s,0 p/s,0 p/s,0 p/s,112 p/s,0 p/s,0 p/s,18.5 kp/s,11.4 kp/s,7.36 kp/s,0 p/s,0 p/s,9.24 kp/s,3.61 kp/s,112 p/s,0 p/s,0 p/s,0 p/s,0 p/s,0 p/s,0 p/s,0 p/s,0 p/s,0 p/s,0 p/s,0 p/s,0 p/s,0 p/s,0 p/s,0 p/s,0 p/s,0 p/s
2026-08-20 17:07:00,0 p/s,0 p/s,0 p/s,0 p/s,112 p/s,0 p/s,0 p/s,18.5 kp/s,11.4 kp/s,7.37 kp/s,0 p/s,0 p/s,9.25 kp/s,3.61 kp/s,112 p/s,0 p/s,0 p/s,0 p/s,0 p/s,0 p/s,0 p/s,0 p/s,0 p/s,0 p/s,0 p/s,0 p/s,0 p/s,0 p/s,0 p/s,0 p/s,0 p/s,0 p/s
2026-08-20 17:07:20,0 p/s,0 p/s,0 p/s,0 p/s,112 p/s,0 p/s,0 p/s,18.5 kp/s,11.4 kp/s,7.36 kp/s,0 p/s,0 p/s,9.24 kp/s,3.61 kp/s,112 p/s,0 p/s,0 p/s,0 p/s,0 p/s,0 p/s,2.94 kp/s,0 p/s,0 p/s,2.97 kp/s,0 p/s,0 p/s,0 p/s,0 p/s,0 p/s,0 p/s,0 p/s,0 p/s
2026-08-20 17:07:40,0 p/s,0 p/s,0 p/s,0 p/s,112 p/s,0 p/s,0 p/s,18.5 kp/s,11.4 kp/s,7.36 kp/s,0 p/s,0 p/s,9.24 kp/s,3.61 kp/s,112 p/s,0 p/s,0 p/s,0 p/s,0 p/s,0 p/s,7.44 kp/s,0 p/s,0 p/s,7.47 kp/s,0 p/s,0 p/s,0 p/s,0 p/s,0 p/s,0 p/s,0 p/s,0 p/s
2026-08-20 17:08:00,0 p/s,0 p/s,0 p/s,0 p/s,112 p/s,0 p/s,0 p/s,18.5 kp/s,11.4 kp/s,7.36 kp/s,0 p/s,0 p/s,9.24 kp/s,3.61 kp/s,112 p/s,0 p/s,0 p/s,0 p/s,0 p/s,0 p/s,11.9 kp/s,0 p/s,0 p/s,12.0 kp/s,0 p/s,0 p/s,0 p/s,0 p/s,0 p/s,0 p/s,0 p/s,0 p/s
2026-08-20 17:08:20,0 p/s,0 p/s,0 p/s,0 p/s,112 p/s,0 p/s,0 p/s,18.5 kp/s,11.4 kp/s,7.36 kp/s,0 p/s,0 p/s,9.24 kp/s,3.61 kp/s,112 p/s,0 p/s,0 p/s,0 p/s,0 p/s,0 p/s,21.0 kp/s,0 p/s,0 p/s,21.0 kp/s,0 p/s,0 p/s,0 p/s,0 p/s,0 p/s,0 p/s,0 p/s,0 p/s
2026-08-20 17:08:40,0 p/s,0 p/s,0 p/s,0 p/s,112 p/s,0 p/s,0 p/s,18.5 kp/s,11.4 kp/s,7.36 kp/s,0 p/s,0 p/s,9.24 kp/s,3.61 kp/s,112 p/s,0 p/s,0 p/s,0 p/s,0 p/s,0 p/s,25.5 kp/s,0 p/s,0 p/s,25.5 kp/s,0 p/s,0 p/s,0 p/s,0 p/s,0 p/s,0 p/s,0 p/s,0 p/s
2026-08-20 17:09:00,0 p/s,0 p/s,0 p/s,0 p/s,112 p/s,0 p/s,0 p/s,18.5 kp/s,11.4 kp/s,7.36 kp/s,0 p/s,0 p/s,9.24 kp/s,3.61 kp/s,112 p/s,0 p/s,0 p/s,0 p/s,0 p/s,0 p/s,29.4 kp/s,0 p/s,0 p/s,29.4 kp/s,0 p/s,0 p/s,0 p/s,0 p/s,0 p/s,0 p/s,0 p/s,0 p/s
2026-08-20 17:09:20,0 p/s,0 p/s,0 p/s,0 p/s,112 p/s,0 p/s,0 p/s,18.5 kp/s,11.4 kp/s,7.36 kp/s,0 p/s,0 p/s,9.24 kp/s,3.61 kp/s,112 p/s,0 p/s,0 p/s,0 p/s,0 p/s,0 p/s,29.9 kp/s,0 p/s,0 p/s,30.0 kp/s,0 p/s,0 p/s,0 p/s,0 p/s,0 p/s,0 p/s,0 p/s,0 p/s
2026-08-20 17:09:40,0 p/s,0 p/s,0 p/s,0 p/s,112 p/s,0 p/s,0 p/s,18.5 kp/s,11.4 kp/s,7.36 kp/s,0 p/s,0 p/s,9.24 kp/s,3.61 kp/s,112 p/s,0 p/s,0 p/s,0 p/s,0 p/s,0 p/s,30.0 kp/s,0 p/s,0 p/s,30.0 kp/s,0 p/s,0 p/s,0 p/s,0 p/s,0 p/s,0 p/s,0 p/s,0 p/s
2026-08-20 17:10:00,0 p/s,0 p/s,0 p/s,0 p/s,112 p/s,0 p/s,0 p/s,18.5 kp/s,11.4 kp/s,7.37 kp/s,0 p/s,0 p/s,9.24 kp/s,3.61 kp/s,112 p/s,0 p/s,0 p/s,0 p/s,0 p/s,0 p/s,30.0 kp/s,0 p/s,0 p/s,30.0 kp/s,0 p/s,0 p/s,0 p/s,0 p/s,0 p/s,0 p/s,0 p/s,0 p/s
2026-08-20 17:10:20,0 p/s,0 p/s,0 p/s,0 p/s,112 p/s,0 p/s,0 p/s,18.5 kp/s,11.4 kp/s,7.36 kp/s,0 p/s,0 p/s,9.27 kp/s,3.61 kp/s,112 p/s,0 p/s,0 p/s,0 p/s,0 p/s,0 p/s,30.0 kp/s,0 p/s,0 p/s,30.0 kp/s,0 p/s,0 p/s,0 p/s,0 p/s,0 p/s,0 p/s,0 p/s,0 p/s
2026-08-20 17:10:40,0 p/s,0 p/s,0 p/s,0 p/s,112 p/s,0 p/s,0 p/s,18.4 kp/s,11.4 kp/s,7.36 kp/s,0 p/s,0 p/s,9.22 kp/s,3.61 kp/s,112 p/s,0 p/s,0 p/s,0 p/s,0 p/s,0 p/s,29.9 kp/s,0 p/s,0 p/s,30.0 kp/s,0 p/s,0 p/s,0 p/s,0 p/s,0 p/s,0 p/s,0 p/s,0 p/s
2026-08-20 17:11:00,0 p/s,0 p/s,0 p/s,0 p/s,112 p/s,0 p/s,0 p/s,18.4 kp/s,11.4 kp/s,7.36 kp/s,0 p/s,0 p/s,9.23 kp/s,3.61 kp/s,112 p/s,0 p/s,0 p/s,0 p/s,0 p/s,0 p/s,29.9 kp/s,0 p/s,0 p/s,30.0 kp/s,0 p/s,0 p/s,0 p/s,0 p/s,0 p/s,0 p/s,0 p/s,0 p/s
2026-08-20 17:11:20,0 p/s,0 p/s,0 p/s,0 p/s,112 p/s,0 p/s,0 p/s,18.4 kp/s,11.4 kp/s,7.36 kp/s,0 p/s,0 p/s,9.23 kp/s,3.61 kp/s,112 p/s,0 p/s,0 p/s,0 p/s,0 p/s,0 p/s,29.9 kp/s,0 p/s,0 p/s,30.0 kp/s,0 p/s,0 p/s,0 p/s,0 p/s,0 p/s,0 p/s,0 p/s,0 p/s
2026-08-20 17:11:40,0 p/s,0 p/s,0 p/s,0 p/s,112 p/s,0 p/s,0 p/s,18.5 kp/s,11.4 kp/s,7.36 kp/s,0 p/s,0 p/s,9.25 kp/s,3.61 kp/s,112 p/s,0 p/s,0 p/s,0 p/s,0 p/s,0 p/s,29.9 kp/s,0 p/s,0 p/s,30.0 kp/s,0 p/s,0 p/s,0 p/s,0 p/s,0 p/s,0 p/s,0 p/s,0 p/s
2026-08-20 17:12:00,0 p/s,0 p/s,0 p/s,0 p/s,112 p/s,0 p/s,0 p/s,18.5 kp/s,11.4 kp/s,7.36 kp/s,0 p/s,0 p/s,9.23 kp/s,3.61 kp/s,112 p/s,0 p/s,0 p/s,0 p/s,0 p/s,0 p/s,29.9 kp/s,0 p/s,0 p/s,30.0 kp/s,0 p/s,0 p/s,0 p/s,0 p/s,0 p/s,0 p/s,0 p/s,0 p/s
2026-08-20 17:12:20,0 p/s,0 p/s,0 p/s,0 p/s,112 p/s,0 p/s,0 p/s,18.4 kp/s,11.4 kp/s,7.36 kp/s,0 p/s,0 p/s,9.22 kp/s,3.61 kp/s,112 p/s,0 p/s,0 p/s,0 p/s,0 p/s,0 p/s,29.9 kp/s,0 p/s,0 p/s,30.0 kp/s,0 p/s,0 p/s,0 p/s,0 p/s,0 p/s,0 p/s,0 p/s,0 p/s
2026-08-20 17:12:40,0 p/s,0 p/s,0 p/s,0 p/s,112 p/s,0 p/s,0 p/s,18.5 kp/s,11.4 kp/s,7.37 kp/s,0 p/s,0 p/s,9.25 kp/s,3.61 kp/s,112 p/s,0 p/s,0 p/s,0 p/s,0 p/s,0 p/s,29.9 kp/s,0 p/s,0 p/s,30.0 kp/s,0 p/s,0 p/s,0 p/s,0 p/s,0 p/s,0 p/s,0 p/s,0 p/s
2026-08-20 17:13:00,0 p/s,0 p/s,0 p/s,0 p/s,112 p/s,0 p/s,0 p/s,18.5 kp/s,11.4 kp/s,7.36 kp/s,0 p/s,0 p/s,9.26 kp/s,3.62 kp/s,112 p/s,0 p/s,0 p/s,0 p/s,0 p/s,0 p/s,30.0 kp/s,0 p/s,0 p/s,30.0 kp/s,0 p/s,0 p/s,0 p/s,0 p/s,0 p/s,0 p/s,0 p/s,0 p/s
2026-08-20 17:13:20,0 p/s,0 p/s,0 p/s,0 p/s,112 p/s,0 p/s,0 p/s,18.5 kp/s,11.4 kp/s,7.36 kp/s,0 p/s,0 p/s,9.24 kp/s,3.61 kp/s,112 p/s,0 p/s,0 p/s,0 p/s,0 p/s,0 p/s,29.9 kp/s,0 p/s,0 p/s,30.0 kp/s,0 p/s,0 p/s,0 p/s,0 p/s,0 p/s,0 p/s,0 p/s,0 p/s
2026-08-20 17:13:40,0 p/s,0 p/s,0 p/s,0 p/s,112 p/s,0 p/s,0 p/s,18.5 kp/s,11.4 kp/s,7.36 kp/s,0 p/s,0 p/s,9.25 kp/s,3.62 kp/s,112 p/s,0 p/s,0 p/s,0 p/s,0 p/s,0 p/s,30.0 kp/s,0 p/s,0 p/s,30.0 kp/s,0 p/s,0 p/s,0 p/s,0 p/s,0 p/s,0 p/s,0 p/s,0 p/s
2026-08-20 17:14:00,0 p/s,0 p/s,0 p/s,0 p/s,112 p/s,0 p/s,0 p/s,18.5 kp/s,11.4 kp/s,7.36 kp/s,0 p/s,0 p/s,9.24 kp/s,3.61 kp/s,112 p/s,0 p/s,0 p/s,0 p/s,0 p/s,0 p/s,29.9 kp/s,0 p/s,0 p/s,30.0 kp/s,0 p/s,0 p/s,0 p/s,0 p/s,0 p/s,0 p/s,0 p/s,0 p/s
2026-08-20 17:14:20,0 p/s,0 p/s,0 p/s,0 p/s,112 p/s,0 p/s,0 p/s,18.5 kp/s,11.4 kp/s,7.36 kp/s,0 p/s,0 p/s,9.24 kp/s,3.61 kp/s,112 p/s,0 p/s,0 p/s,0 p/s,0 p/s,0 p/s,29.9 kp/s,0 p/s,0 p/s,30.0 kp/s,0 p/s,0 p/s,0 p/s,0 p/s,0 p/s,0 p/s,0 p/s,0 p/s
2026-08-20 17:14:40,0 p/s,0 p/s,0 p/s,0 p/s,112 p/s,0 p/s,0 p/s,18.5 kp/s,11.4 kp/s,7.36 kp/s,0 p/s,0 p/s,9.24 kp/s,3.61 kp/s,112 p/s,0 p/s,0 p/s,0 p/s,0 p/s,0 p/s,29.9 kp/s,0 p/s,0 p/s,30.0 kp/s,0 p/s,0 p/s,0 p/s,0 p/s,0 p/s,0 p/s,0 p/s,0 p/s
2026-08-20 17:15:00,0 p/s,0 p/s,0 p/s,0 p/s,112 p/s,0 p/s,0 p/s,18.5 kp/s,11.4 kp/s,7.36 kp/s,0 p/s,0 p/s,9.24 kp/s,3.61 kp/s,112 p/s,0 p/s,0 p/s,0 p/s,0 p/s,0 p/s,29.9 kp/s,0 p/s,0 p/s,30.0 kp/s,0 p/s,0 p/s,0 p/s,0 p/s,0 p/s,0 p/s,0 p/s,0 p/s
2026-08-20 17:15:20,0 p/s,0 p/s,0 p/s,0 p/s,112 p/s,0 p/s,0 p/s,18.5 kp/s,11.4 kp/s,7.36 kp/s,0 p/s,0 p/s,9.24 kp/s,3.61 kp/s,112 p/s,0 p/s,0 p/s,0 p/s,0 p/s,0 p/s,29.9 kp/s,0 p/s,0 p/s,30.0 kp/s,0 p/s,0 p/s,0 p/s,0 p/s,0 p/s,0 p/s,0 p/s,0 p/s
2026-08-20 17:15:40,0 p/s,0 p/s,0 p/s,0 p/s,112 p/s,0 p/s,0 p/s,18.5 kp/s,11.4 kp/s,7.36 kp/s,0 p/s,0 p/s,9.24 kp/s,3.61 kp/s,112 p/s,0 p/s,0 p/s,0 p/s,0 p/s,0 p/s,29.9 kp/s,0 p/s,0 p/s,30.0 kp/s,0 p/s,0 p/s,0 p/s,0 p/s,0 p/s,0 p/s,0 p/s,0 p/s
2026-08-20 17:16:00,0 p/s,0 p/s,0 p/s,0 p/s,112 p/s,0 p/s,0 p/s,18.5 kp/s,11.4 kp/s,7.36 kp/s,0 p/s,0 p/s,9.24 kp/s,3.61 kp/s,112 p/s,0 p/s,0 p/s,0 p/s,0 p/s,0 p/s,29.9 kp/s,0 p/s,0 p/s,30.0 kp/s,0 p/s,0 p/s,0 p/s,0 p/s,0 p/s,0 p/s,0 p/s,0 p/s
2026-08-20 17:16:20,0 p/s,0 p/s,0 p/s,0 p/s,112 p/s,0 p/s,0 p/s,18.5 kp/s,11.4 kp/s,7.36 kp/s,0 p/s,0 p/s,9.24 kp/s,3.61 kp/s,112 p/s,0 p/s,0 p/s,0 p/s,0 p/s,0 p/s,29.9 kp/s,0 p/s,0 p/s,30.0 kp/s,0 p/s,0 p/s,0 p/s,0 p/s,0 p/s,0 p/s,0 p/s,0 p/s
2026-08-20 17:16:40,0 p/s,0 p/s,0 p/s,0 p/s,112 p/s,0 p/s,0 p/s,18.5 kp/s,11.4 kp/s,7.36 kp/s,0 p/s,0 p/s,9.24 kp/s,3.61 kp/s,112 p/s,0 p/s,0 p/s,0 p/s,0 p/s,0 p/s,29.9 kp/s,0 p/s,0 p/s,30.0 kp/s,0 p/s,0 p/s,0 p/s,0 p/s,0 p/s,0 p/s,0 p/s,0 p/s
2026-08-20 17:17:00,0 p/s,0 p/s,0 p/s,0 p/s,112 p/s,0 p/s,0 p/s,18.5 kp/s,11.4 kp/s,7.36 kp/s,0 p/s,0 p/s,9.24 kp/s,3.61 kp/s,112 p/s,0 p/s,0 p/s,0 p/s,0 p/s,0 p/s,12.1 kp/s,0 p/s,0 p/s,12.1 kp/s,0 p/s,0 p/s,0 p/s,0 p/s,0 p/s,0 p/s,0 p/s,0 p/s
2026-08-20 17:17:20,0 p/s,0 p/s,0 p/s,0 p/s,112 p/s,0 p/s,0 p/s,18.5 kp/s,11.4 kp/s,7.36 kp/s,0 p/s,0 p/s,9.24 kp/s,3.61 kp/s,112 p/s,0 p/s,0 p/s,0 p/s,0 p/s,0 p/s,0 p/s,0 p/s,0 p/s,0 p/s,0 p/s,0 p/s,0 p/s,0 p/s,0 p/s,0 p/s,0 p/s,0 p/s
2026-08-20 17:17:40,0 p/s,0 p/s,0 p/s,0 p/s,112 p/s,0 p/s,0 p/s,18.5 kp/s,11.4 kp/s,7.37 kp/s,0 p/s,0 p/s,9.24 kp/s,3.61 kp/s,112 p/s,0 p/s,0 p/s,0 p/s,0 p/s,0 p/s,0 p/s,0 p/s,0 p/s,0 p/s,0 p/s,0 p/s,0 p/s,0 p/s,0 p/s,0 p/s,0 p/s,0 p/s
2026-08-20 17:18:00,0 p/s,0 p/s,0 p/s,0 p/s,112 p/s,0 p/s,0 p/s,18.5 kp/s,11.4 kp/s,7.36 kp/s,0 p/s,0 p/s,9.24 kp/s,3.61 kp/s,112 p/s,0 p/s,0 p/s,0 p/s,0 p/s,0 p/s,0 p/s,0 p/s,0 p/s,0 p/s,0 p/s,0 p/s,0 p/s,0 p/s,0 p/s,0 p/s,0 p/s,0 p/s
2026-08-20 17:18:20,0 p/s,0 p/s,0 p/s,0 p/s,112 p/s,0 p/s,0 p/s,18.5 kp/s,11.4 kp/s,7.37 kp/s,0 p/s,0 p/s,9.24 kp/s,3.61 kp/s,112 p/s,0 p/s,0 p/s,0 p/s,0 p/s,0 p/s,0 p/s,0 p/s,0 p/s,0 p/s,0 p/s,0 p/s,0 p/s,0 p/s,0 p/s,0 p/s,0 p/s,0 p/s
2026-08-20 17:18:40,0 p/s,0 p/s,0 p/s,0 p/s,112 p/s,0 p/s,0 p/s,18.4 kp/s,11.3 kp/s,7.36 kp/s,0 p/s,0 p/s,9.24 kp/s,3.61 kp/s,112 p/s,0 p/s,0 p/s,0 p/s,0 p/s,0 p/s,0 p/s,0 p/s,0 p/s,0 p/s,0 p/s,0 p/s,0 p/s,0 p/s,0 p/s,0 p/s,0 p/s,0 p/s
2026-08-20 17:19:00,0 p/s,0 p/s,0 p/s,0 p/s,112 p/s,0 p/s,0 p/s,18.5 kp/s,11.4 kp/s,7.36 kp/s,0 p/s,0 p/s,9.24 kp/s,3.61 kp/s,112 p/s,0 p/s,0 p/s,0 p/s,0 p/s,0 p/s,0 p/s,0 p/s,0 p/s,0 p/s,0 p/s,0 p/s,0 p/s,0 p/s,0 p/s,0 p/s,0 p/s,0 p/s
2026-08-20 17:19:20,0 p/s,0 p/s,0 p/s,0 p/s,112 p/s,0 p/s,0 p/s,18.4 kp/s,11.4 kp/s,7.36 kp/s,0 p/s,0 p/s,9.24 kp/s,3.61 kp/s,112 p/s,0 p/s,0 p/s,0 p/s,0 p/s,0 p/s,0 p/s,0 p/s,0 p/s,0 p/s,0 p/s,0 p/s,0 p/s,0 p/s,0 p/s,0 p/s,0 p/s,0 p/s
2026-08-20 17:19:40,0 p/s,0 p/s,0 p/s,0 p/s,112 p/s,0 p/s,0 p/s,18.5 kp/s,11.4 kp/s,7.37 kp/s,0 p/s,0 p/s,9.24 kp/s,3.61 kp/s,112 p/s,0 p/s,0 p/s,0 p/s,0 p/s,0 p/s,0 p/s,0 p/s,0 p/s,0 p/s,0 p/s,0 p/s,0 p/s,0 p/s,0 p/s,0 p/s,0 p/s,0 p/s
2026-08-20 17:20:00,0 p/s,0 p/s,0 p/s,0 p/s,112 p/s,0 p/s,0 p/s,18.4 kp/s,11.4 kp/s,7.36 kp/s,0 p/s,0 p/s,9.24 kp/s,3.61 kp/s,112 p/s,0 p/s,0 p/s,0 p/s,0 p/s,0 p/s,0 p/s,0 p/s,0 p/s,0 p/s,0 p/s,0 p/s,0 p/s,0 p/s,0 p/s,0 p/s,0 p/s,0 p/s
2026-08-20 17:20:20,0 p/s,0 p/s,0 p/s,0 p/s,112 p/s,0 p/s,0 p/s,18.5 kp/s,11.4 kp/s,7.37 kp/s,0 p/s,0 p/s,9.24 kp/s,3.61 kp/s,112 p/s,0 p/s,0 p/s,0 p/s,0 p/s,0 p/s,0 p/s,0 p/s,0 p/s,0 p/s,0 p/s,0 p/s,0 p/s,0 p/s,0 p/s,0 p/s,0 p/s,0 p/s
2026-08-20 17:20:40,0 p/s,0 p/s,0 p/s,0 p/s,112 p/s,0 p/s,0 p/s,18.5 kp/s,11.4 kp/s,7.36 kp/s,0 p/s,0 p/s,9.24 kp/s,3.61 kp/s,112 p/s,0 p/s,0 p/s,0 p/s,0 p/s,0 p/s,0 p/s,0 p/s,0 p/s,0 p/s,0 p/s,0 p/s,0 p/s,0 p/s,0 p/s,0 p/s,0 p/s,0 p/s
2026-08-20 17:21:00,0 p/s,0 p/s,0 p/s,0 p/s,112 p/s,0 p/s,0 p/s,18.5 kp/s,11.4 kp/s,7.36 kp/s,0 p/s,0 p/s,9.24 kp/s,3.61 kp/s,112 p/s,0 p/s,0 p/s,0 p/s,0 p/s,0 p/s,0 p/s,0 p/s,0 p/s,0 p/s,0 p/s,0 p/s,0 p/s,0 p/s,0 p/s,0 p/s,0 p/s,0 p/s
2026-08-20 17:21:20,0 p/s,0 p/s,0 p/s,0 p/s,112 p/s,0 p/s,0 p/s,18.4 kp/s,11.4 kp/s,7.36 kp/s,0 p/s,0 p/s,9.24 kp/s,3.61 kp/s,112 p/s,0 p/s,0 p/s,0 p/s,0 p/s,0 p/s,0 p/s,0 p/s,0 p/s,0 p/s,0 p/s,0 p/s,0 p/s,0 p/s,0 p/s,0 p/s,0 p/s,0 p/s
2026-08-20 17:21:40,0 p/s,0 p/s,0 p/s,0 p/s,112 p/s,0 p/s,0 p/s,18.5 kp/s,11.4 kp/s,7.36 kp/s,0 p/s,0 p/s,9.24 kp/s,3.61 kp/s,112 p/s,0 p/s,0 p/s,0 p/s,0 p/s,0 p/s,0 p/s,0 p/s,0 p/s,0 p/s,0 p/s,0 p/s,0 p/s,0 p/s,0 p/s,0 p/s,0 p/s,0 p/s
2026-08-20 17:22:00,0 p/s,0 p/s,0 p/s,0 p/s,112 p/s,0 p/s,0 p/s,18.5 kp/s,11.4 kp/s,7.36 kp/s,0 p/s,0 p/s,9.24 kp/s,3.61 kp/s,112 p/s,0 p/s,0 p/s,0 p/s,0 p/s,0 p/s,0 p/s,0 p/s,0 p/s,0 p/s,0 p/s,0 p/s,0 p/s,0 p/s,0 p/s,0 p/s,0 p/s,0 p/s
2026-08-20 17:22:20,0 p/s,0 p/s,0 p/s,0 p/s,112 p/s,0 p/s,0 p/s,18.5 kp/s,11.4 kp/s,7.36 kp/s,0 p/s,0 p/s,9.24 kp/s,3.61 kp/s,112 p/s,0 p/s,0 p/s,0 p/s,0 p/s,0 p/s,0 p/s,0 p/s,0 p/s,0 p/s,0 p/s,0 p/s,0 p/s,0 p/s,0 p/s,0 p/s,0 p/s,0 p/s
2026-08-20 17:22:40,0 p/s,0 p/s,0 p/s,0 p/s,112 p/s,0 p/s,0 p/s,18.4 kp/s,11.4 kp/s,7.36 kp/s,0 p/s,0 p/s,9.24 kp/s,3.61 kp/s,112 p/s,0 p/s,0 p/s,0 p/s,0 p/s,0 p/s,0 p/s,0 p/s,0 p/s,0 p/s,0 p/s,0 p/s,0 p/s,0 p/s,0 p/s,0 p/s,0 p/s,0 p/s
2026-08-20 17:23:00,0 p/s,0 p/s,0 p/s,0 p/s,112 p/s,0 p/s,0 p/s,18.5 kp/s,11.4 kp/s,7.36 kp/s,0 p/s,0 p/s,9.24 kp/s,3.61 kp/s,112 p/s,0 p/s,0 p/s,0 p/s,0 p/s,0 p/s,0 p/s,0 p/s,0 p/s,0 p/s,0 p/s,0 p/s,0 p/s,0 p/s,0 p/s,0 p/s,0 p/s,0 p/s
2026-08-20 17:23:20,0 p/s,0 p/s,0 p/s,0 p/s,112 p/s,0 p/s,0 p/s,18.5 kp/s,11.4 kp/s,7.36 kp/s,0 p/s,0 p/s,9.24 kp/s,3.61 kp/s,112 p/s,0 p/s,0 p/s,0 p/s,0 p/s,0 p/s,0 p/s,0 p/s,0 p/s,0 p/s,0 p/s,0 p/s,0 p/s,0 p/s,0 p/s,0 p/s,0 p/s,0 p/s
2026-08-20 17:23:40,0 p/s,0 p/s,0 p/s,0 p/s,110 p/s,0 p/s,0 p/s,18.1 kp/s,11.1 kp/s,7.22 kp/s,0 p/s,0 p/s,9.06 kp/s,3.55 kp/s,111 p/s,0 p/s,0 p/s,0 p/s,0 p/s,0 p/s,368 p/s,0 p/s,0 p/s,3.53 kp/s,2.67 kp/s,566 p/s,0 p/s,0 p/s,528 p/s,2.09 kp/s,38.8 p/s,0 p/s
2026-08-20 17:24:00,0 p/s,0 p/s,0 p/s,0 p/s,81.1 p/s,0 p/s,0 p/s,13.6 kp/s,8.47 kp/s,5.28 kp/s,0 p/s,0 p/s,6.72 kp/s,2.65 kp/s,89.6 p/s,0 p/s,0 p/s,0 p/s,0 p/s,0 p/s,289 p/s,0 p/s,0 p/s,8.50 kp/s,7.19 kp/s,1.04 kp/s,0 p/s,0 p/s,715 p/s,6.55 kp/s,389 p/s,0 p/s
2026-08-20 17:24:20,0 p/s,0 p/s,0 p/s,0 p/s,58.3 p/s,0 p/s,0 p/s,10.2 kp/s,6.41 kp/s,4.01 kp/s,0 p/s,0 p/s,5.11 kp/s,2.00 kp/s,63.3 p/s,0 p/s,0 p/s,0 p/s,0 p/s,0 p/s,236 p/s,0 p/s,0 p/s,15.9 kp/s,14.0 kp/s,1.63 kp/s,0 p/s,0 p/s,1.00 kp/s,13.6 kp/s,790 p/s,0 p/s
2026-08-20 17:24:40,0 p/s,0 p/s,0 p/s,0 p/s,55.1 p/s,0 p/s,0 p/s,9.84 kp/s,6.15 kp/s,3.87 kp/s,0 p/s,0 p/s,4.91 kp/s,1.92 kp/s,63.3 p/s,0 p/s,0 p/s,0 p/s,0 p/s,0 p/s,220 p/s,0 p/s,0 p/s,19.8 kp/s,17.9 kp/s,1.97 kp/s,0 p/s,0 p/s,1.11 kp/s,17.1 kp/s,1.01 kp/s,0 p/s
2026-08-20 17:25:00,0 p/s,0 p/s,0 p/s,0 p/s,53.3 p/s,0 p/s,0 p/s,9.44 kp/s,5.87 kp/s,3.63 kp/s,0 p/s,0 p/s,4.70 kp/s,1.85 kp/s,60.4 p/s,0 p/s,0 p/s,0 p/s,0 p/s,0 p/s,209 p/s,0 p/s,0 p/s,23.3 kp/s,20.9 kp/s,2.34 kp/s,0 p/s,0 p/s,1.33 kp/s,20.4 kp/s,1.22 kp/s,0 p/s
2026-08-20 17:25:20,0 p/s,0 p/s,0 p/s,0 p/s,49.3 p/s,0 p/s,0 p/s,8.76 kp/s,5.51 kp/s,3.40 kp/s,0 p/s,0 p/s,4.36 kp/s,1.71 kp/s,54.9 p/s,0 p/s,0 p/s,0 p/s,0 p/s,0 p/s,191 p/s,0 p/s,0 p/s,28.4 kp/s,25.5 kp/s,3.18 kp/s,0 p/s,0 p/s,2.13 kp/s,24.9 kp/s,1.60 kp/s,0 p/s
2026-08-20 17:25:40,0 p/s,0 p/s,0 p/s,0 p/s,50 p/s,0 p/s,0 p/s,8.56 kp/s,5.35 kp/s,3.33 kp/s,0 p/s,0 p/s,4.27 kp/s,1.67 kp/s,53.6 p/s,0 p/s,0 p/s,0 p/s,0 p/s,0 p/s,185 p/s,0 p/s,0 p/s,27.6 kp/s,24.7 kp/s,3.11 kp/s,0 p/s,0 p/s,2.11 kp/s,24.2 kp/s,1.56 kp/s,0 p/s
2026-08-20 17:26:00,0 p/s,0 p/s,0 p/s,0 p/s,50.3 p/s,0 p/s,0 p/s,8.65 kp/s,5.39 kp/s,3.36 kp/s,0 p/s,0 p/s,4.31 kp/s,1.69 kp/s,54.5 p/s,0 p/s,0 p/s,0 p/s,0 p/s,0 p/s,187 p/s,0 p/s,0 p/s,27.8 kp/s,24.9 kp/s,3.12 kp/s,0 p/s,0 p/s,2.11 kp/s,24.3 kp/s,1.56 kp/s,0 p/s
2026-08-20 17:26:20,0 p/s,0 p/s,0 p/s,0 p/s,50.1 p/s,0 p/s,0 p/s,8.73 kp/s,5.48 kp/s,3.41 kp/s,0 p/s,0 p/s,4.36 kp/s,1.71 kp/s,53.6 p/s,0 p/s,0 p/s,0 p/s,0 p/s,0 p/s,188 p/s,0 p/s,0 p/s,27.8 kp/s,24.9 kp/s,3.12 kp/s,0 p/s,0 p/s,2.11 kp/s,24.3 kp/s,1.56 kp/s,0 p/s
2026-08-20 17:26:40,0 p/s,0 p/s,0 p/s,0 p/s,51.2 p/s,0 p/s,0 p/s,8.67 kp/s,5.43 kp/s,3.36 kp/s,0 p/s,0 p/s,4.31 kp/s,1.70 kp/s,53.7 p/s,0 p/s,0 p/s,0 p/s,0 p/s,0 p/s,185 p/s,0 p/s,0 p/s,27.5 kp/s,24.6 kp/s,3.09 kp/s,0 p/s,0 p/s,2.09 kp/s,24.1 kp/s,1.55 kp/s,0 p/s
2026-08-20 17:27:00,0 p/s,0 p/s,0 p/s,0 p/s,48.8 p/s,0 p/s,0 p/s,8.66 kp/s,5.41 kp/s,3.37 kp/s,0 p/s,0 p/s,4.31 kp/s,1.69 kp/s,53.9 p/s,0 p/s,0 p/s,0 p/s,0 p/s,0 p/s,187 p/s,0 p/s,0 p/s,27.4 kp/s,24.6 kp/s,3.08 kp/s,0 p/s,0 p/s,2.10 kp/s,24.0 kp/s,1.55 kp/s,0 p/s
2026-08-20 17:27:20,0 p/s,0 p/s,0 p/s,0 p/s,50.3 p/s,0 p/s,0 p/s,8.67 kp/s,5.44 kp/s,3.34 kp/s,0 p/s,0 p/s,4.32 kp/s,1.70 kp/s,53.9 p/s,0 p/s,0 p/s,0 p/s,0 p/s,0 p/s,192 p/s,0 p/s,0 p/s,28.1 kp/s,25.2 kp/s,3.15 kp/s,0 p/s,0 p/s,2.15 kp/s,24.6 kp/s,1.59 kp/s,0 p/s
2026-08-20 17:27:40,0 p/s,0 p/s,0 p/s,0 p/s,51.6 p/s,0 p/s,0 p/s,8.69 kp/s,5.44 kp/s,3.38 kp/s,0 p/s,0 p/s,4.33 kp/s,1.70 kp/s,54.8 p/s,0 p/s,0 p/s,0 p/s,0 p/s,0 p/s,188 p/s,0 p/s,0 p/s,28.1 kp/s,25.1 kp/s,3.16 kp/s,0 p/s,0 p/s,2.13 kp/s,24.6 kp/s,1.57 kp/s,0 p/s
2026-08-20 17:28:00,0 p/s,0 p/s,0 p/s,0 p/s,49.3 p/s,0 p/s,0 p/s,8.59 kp/s,5.36 kp/s,3.32 kp/s,0 p/s,0 p/s,4.27 kp/s,1.68 kp/s,53.5 p/s,0 p/s,0 p/s,0 p/s,0 p/s,0 p/s,188 p/s,0 p/s,0 p/s,27.9 kp/s,25.0 kp/s,3.13 kp/s,0 p/s,0 p/s,2.13 kp/s,24.5 kp/s,1.58 kp/s,0 p/s
2026-08-20 17:28:20,0 p/s,0 p/s,0 p/s,0 p/s,49.7 p/s,0 p/s,0 p/s,8.55 kp/s,5.33 kp/s,3.35 kp/s,0 p/s,0 p/s,4.27 kp/s,1.66 kp/s,53.3 p/s,0 p/s,0 p/s,0 p/s,0 p/s,0 p/s,185 p/s,0 p/s,0 p/s,27.8 kp/s,24.9 kp/s,3.13 kp/s,0 p/s,0 p/s,2.11 kp/s,24.3 kp/s,1.56 kp/s,0 p/s
2026-08-20 17:28:40,0 p/s,0 p/s,0 p/s,0 p/s,49.5 p/s,0 p/s,0 p/s,8.56 kp/s,5.36 kp/s,3.35 kp/s,0 p/s,0 p/s,4.27 kp/s,1.67 kp/s,53.3 p/s,0 p/s,0 p/s,0 p/s,0 p/s,0 p/s,183 p/s,0 p/s,0 p/s,28.0 kp/s,25.1 kp/s,3.15 kp/s,0 p/s,0 p/s,2.14 kp/s,24.5 kp/s,1.58 kp/s,0 p/s
2026-08-20 17:29:00,0 p/s,0 p/s,0 p/s,0 p/s,49.7 p/s,0 p/s,0 p/s,8.49 kp/s,5.30 kp/s,3.32 kp/s,0 p/s,0 p/s,4.24 kp/s,1.66 kp/s,52.5 p/s,0 p/s,0 p/s,0 p/s,0 p/s,0 p/s,187 p/s,0 p/s,0 p/s,27.7 kp/s,24.8 kp/s,3.10 kp/s,0 p/s,0 p/s,2.10 kp/s,24.3 kp/s,1.57 kp/s,0 p/s
2026-08-20 17:29:20,0 p/s,0 p/s,0 p/s,0 p/s,49.3 p/s,0 p/s,0 p/s,8.47 kp/s,5.27 kp/s,3.28 kp/s,0 p/s,0 p/s,4.23 kp/s,1.65 kp/s,53.3 p/s,0 p/s,0 p/s,0 p/s,0 p/s,0 p/s,187 p/s,0 p/s,0 p/s,28.1 kp/s,25.1 kp/s,3.15 kp/s,0 p/s,0 p/s,2.13 kp/s,24.6 kp/s,1.58 kp/s,0 p/s
2026-08-20 17:29:40,0 p/s,0 p/s,0 p/s,0 p/s,50.1 p/s,0 p/s,0 p/s,8.55 kp/s,5.37 kp/s,3.32 kp/s,0 p/s,0 p/s,4.26 kp/s,1.67 kp/s,53.1 p/s,0 p/s,0 p/s,0 p/s,0 p/s,0 p/s,186 p/s,0 p/s,0 p/s,27.9 kp/s,25.0 kp/s,3.14 kp/s,0 p/s,0 p/s,2.13 kp/s,24.4 kp/s,1.57 kp/s,0 p/s
2026-08-20 17:30:00,0 p/s,0 p/s,0 p/s,0 p/s,49.7 p/s,0 p/s,0 p/s,8.58 kp/s,5.37 kp/s,3.32 kp/s,0 p/s,0 p/s,4.27 kp/s,1.68 kp/s,53.9 p/s,0 p/s,0 p/s,0 p/s,0 p/s,0 p/s,191 p/s,0 p/s,0 p/s,27.9 kp/s,25.0 kp/s,3.14 kp/s,0 p/s,0 p/s,2.11 kp/s,24.4 kp/s,1.57 kp/s,0 p/s
2026-08-20 17:30:20,0 p/s,0 p/s,0 p/s,0 p/s,49.2 p/s,0 p/s,0 p/s,8.56 kp/s,5.32 kp/s,3.35 kp/s,0 p/s,0 p/s,4.26 kp/s,1.67 kp/s,52.9 p/s,0 p/s,0 p/s,0 p/s,0 p/s,0 p/s,188 p/s,0 p/s,0 p/s,28.0 kp/s,25.1 kp/s,3.14 kp/s,0 p/s,0 p/s,2.13 kp/s,24.5 kp/s,1.58 kp/s,0 p/s
2026-08-20 17:30:40,0 p/s,0 p/s,0 p/s,0 p/s,50 p/s,0 p/s,0 p/s,8.57 kp/s,5.35 kp/s,3.32 kp/s,0 p/s,0 p/s,4.27 kp/s,1.67 kp/s,52.9 p/s,0 p/s,0 p/s,0 p/s,0 p/s,0 p/s,186 p/s,0 p/s,0 p/s,27.5 kp/s,24.6 kp/s,3.07 kp/s,0 p/s,0 p/s,2.09 kp/s,24.1 kp/s,1.55 kp/s,0 p/s
2026-08-20 17:31:00,0 p/s,0 p/s,0 p/s,0 p/s,49.3 p/s,0 p/s,0 p/s,8.49 kp/s,5.30 kp/s,3.30 kp/s,0 p/s,0 p/s,4.23 kp/s,1.66 kp/s,53.3 p/s,0 p/s,0 p/s,0 p/s,0 p/s,0 p/s,183 p/s,0 p/s,0 p/s,27.9 kp/s,24.9 kp/s,3.13 kp/s,0 p/s,0 p/s,2.13 kp/s,24.4 kp/s,1.57 kp/s,0 p/s
2026-08-20 17:31:20,0 p/s,0 p/s,0 p/s,0 p/s,51.9 p/s,0 p/s,0 p/s,8.79 kp/s,5.49 kp/s,3.42 kp/s,0 p/s,0 p/s,4.38 kp/s,1.72 kp/s,54.4 p/s,0 p/s,0 p/s,0 p/s,0 p/s,0 p/s,192 p/s,0 p/s,0 p/s,27.8 kp/s,24.9 kp/s,3.11 kp/s,0 p/s,0 p/s,2.12 kp/s,24.3 kp/s,1.56 kp/s,0 p/s
2026-08-20 17:31:40,0 p/s,0 p/s,0 p/s,0 p/s,49.3 p/s,0 p/s,0 p/s,8.68 kp/s,5.45 kp/s,3.37 kp/s,0 p/s,0 p/s,4.33 kp/s,1.70 kp/s,53.9 p/s,0 p/s,0 p/s,0 p/s,0 p/s,0 p/s,190 p/s,0 p/s,0 p/s,28.3 kp/s,25.3 kp/s,3.17 kp/s,0 p/s,0 p/s,2.15 kp/s,24.8 kp/s,1.60 kp/s,0 p/s
2026-08-20 17:32:00,0 p/s,0 p/s,0 p/s,0 p/s,51.3 p/s,0 p/s,0 p/s,8.67 kp/s,5.40 kp/s,3.38 kp/s,0 p/s,0 p/s,4.33 kp/s,1.69 kp/s,53.6 p/s,0 p/s,0 p/s,0 p/s,0 p/s,0 p/s,188 p/s,0 p/s,0 p/s,28.0 kp/s,25.0 kp/s,3.14 kp/s,0 p/s,0 p/s,2.12 kp/s,24.5 kp/s,1.58 kp/s,0 p/s
2026-08-20 17:32:20,0 p/s,0 p/s,0 p/s,0 p/s,50 p/s,0 p/s,0 p/s,8.63 kp/s,5.39 kp/s,3.35 kp/s,0 p/s,0 p/s,4.30 kp/s,1.68 kp/s,54.5 p/s,0 p/s,0 p/s,0 p/s,0 p/s,0 p/s,185 p/s,0 p/s,0 p/s,28.1 kp/s,25.2 kp/s,3.16 kp/s,0 p/s,0 p/s,2.14 kp/s,24.6 kp/s,1.58 kp/s,0 p/s
2026-08-20 17:32:40,0 p/s,0 p/s,0 p/s,0 p/s,50.5 p/s,0 p/s,0 p/s,8.64 kp/s,5.39 kp/s,3.36 kp/s,0 p/s,0 p/s,4.29 kp/s,1.69 kp/s,52.5 p/s,0 p/s,0 p/s,0 p/s,0 p/s,0 p/s,179 p/s,0 p/s,0 p/s,27.2 kp/s,24.3 kp/s,3.05 kp/s,0 p/s,0 p/s,2.06 kp/s,23.8 kp/s,1.53 kp/s,0 p/s
2026-08-20 17:33:00,0 p/s,0 p/s,0 p/s,0 p/s,50 p/s,0 p/s,0 p/s,8.64 kp/s,5.41 kp/s,3.36 kp/s,0 p/s,0 p/s,4.32 kp/s,1.69 kp/s,54.4 p/s,0 p/s,0 p/s,0 p/s,0 p/s,0 p/s,189 p/s,0 p/s,0 p/s,27.9 kp/s,25.0 kp/s,3.13 kp/s,0 p/s,0 p/s,2.13 kp/s,24.4 kp/s,1.56 kp/s,0 p/s
2026-08-20 17:33:20,0 p/s,0 p/s,0 p/s,0 p/s,49.9 p/s,0 p/s,0 p/s,8.67 kp/s,5.42 kp/s,3.37 kp/s,0 p/s,0 p/s,4.31 kp/s,1.69 kp/s,54.1 p/s,0 p/s,0 p/s,0 p/s,0 p/s,0 p/s,183 p/s,0 p/s,0 p/s,28.1 kp/s,25.1 kp/s,3.15 kp/s,0 p/s,0 p/s,2.13 kp/s,24.6 kp/s,1.58 kp/s,0 p/s
2026-08-20 17:33:40,0 p/s,0 p/s,0 p/s,0 p/s,51.1 p/s,0 p/s,0 p/s,8.72 kp/s,5.44 kp/s,3.40 kp/s,0 p/s,0 p/s,4.34 kp/s,1.71 kp/s,54.8 p/s,0 p/s,0 p/s,0 p/s,0 p/s,0 p/s,224 p/s,0 p/s,0 p/s,28.4 kp/s,25.4 kp/s,3.18 kp/s,0 p/s,0 p/s,2.17 kp/s,24.8 kp/s,1.59 kp/s,0 p/s
2026-08-20 17:34:00,0 p/s,0 p/s,0 p/s,0 p/s,51.1 p/s,0 p/s,0 p/s,8.70 kp/s,5.39 kp/s,3.43 kp/s,0 p/s,0 p/s,4.32 kp/s,1.70 kp/s,53.7 p/s,0 p/s,0 p/s,0 p/s,0 p/s,0 p/s,407 p/s,0 p/s,0 p/s,30.3 kp/s,27.0 kp/s,3.33 kp/s,0 p/s,0 p/s,3.78 kp/s,24.6 kp/s,1.59 kp/s,0 p/s
2026-08-20 17:34:20,0 p/s,0 p/s,0 p/s,0 p/s,50.7 p/s,0 p/s,0 p/s,8.71 kp/s,5.44 kp/s,3.39 kp/s,0 p/s,0 p/s,4.32 kp/s,1.71 kp/s,54.1 p/s,0 p/s,0 p/s,0 p/s,0 p/s,0 p/s,384 p/s,0 p/s,0 p/s,35.5 kp/s,31.5 kp/s,3.77 kp/s,0 p/s,0 p/s,10.4 kp/s,23.2 kp/s,1.48 kp/s,0 p/s
2026-08-20 17:34:40,0 p/s,0 p/s,0 p/s,0 p/s,50 p/s,0 p/s,0 p/s,8.57 kp/s,5.34 kp/s,3.34 kp/s,0 p/s,0 p/s,4.27 kp/s,1.68 kp/s,54.4 p/s,0 p/s,0 p/s,0 p/s,0 p/s,0 p/s,359 p/s,0 p/s,0 p/s,36.8 kp/s,33.0 kp/s,3.78 kp/s,0 p/s,0 p/s,13.2 kp/s,22.0 kp/s,1.39 kp/s,0 p/s
2026-08-20 17:35:00,0 p/s,0 p/s,0 p/s,0 p/s,49.9 p/s,0 p/s,0 p/s,8.66 kp/s,5.39 kp/s,3.39 kp/s,0 p/s,0 p/s,4.31 kp/s,1.69 kp/s,53.7 p/s,0 p/s,0 p/s,0 p/s,0 p/s,0 p/s,326 p/s,0 p/s,0 p/s,36.9 kp/s,33.3 kp/s,3.60 kp/s,0 p/s,0 p/s,15.1 kp/s,20.2 kp/s,1.27 kp/s,0 p/s
2026-08-20 17:35:20,0 p/s,0 p/s,0 p/s,0 p/s,50.5 p/s,0 p/s,0 p/s,8.67 kp/s,5.38 kp/s,3.41 kp/s,0 p/s,0 p/s,4.31 kp/s,1.70 kp/s,53.5 p/s,0 p/s,0 p/s,0 p/s,0 p/s,0 p/s,285 p/s,0 p/s,0 p/s,37.2 kp/s,33.7 kp/s,3.67 kp/s,0 p/s,0 p/s,18.2 kp/s,18.0 kp/s,1.10 kp/s,0 p/s
2026-08-20 17:35:40,0 p/s,0 p/s,0 p/s,0 p/s,50.3 p/s,0 p/s,0 p/s,8.79 kp/s,5.49 kp/s,3.40 kp/s,0 p/s,0 p/s,4.37 kp/s,1.71 kp/s,54.8 p/s,0 p/s,0 p/s,0 p/s,0 p/s,0 p/s,286 p/s,0 p/s,0 p/s,38.1 kp/s,34.5 kp/s,3.87 kp/s,0 p/s,0 p/s,19.0 kp/s,18.3 kp/s,1.11 kp/s,0 p/s
2026-08-20 17:36:00,0 p/s,0 p/s,0 p/s,0 p/s,49.7 p/s,0 p/s,0 p/s,8.49 kp/s,5.25 kp/s,3.34 kp/s,0 p/s,0 p/s,4.22 kp/s,1.66 kp/s,52.3 p/s,0 p/s,0 p/s,0 p/s,0 p/s,0 p/s,276 p/s,0 p/s,0 p/s,37.0 kp/s,33.5 kp/s,3.78 kp/s,0 p/s,0 p/s,18.5 kp/s,17.7 kp/s,1.08 kp/s,0 p/s
2026-08-20 17:36:20,0 p/s,0 p/s,0 p/s,0 p/s,49.1 p/s,0 p/s,0 p/s,8.60 kp/s,5.34 kp/s,3.38 kp/s,0 p/s,0 p/s,4.29 kp/s,1.68 kp/s,53.2 p/s,0 p/s,0 p/s,0 p/s,0 p/s,0 p/s,287 p/s,0 p/s,0 p/s,38.1 kp/s,34.5 kp/s,3.88 kp/s,0 p/s,0 p/s,19.0 kp/s,18.3 kp/s,1.11 kp/s,0 p/s
2026-08-20 17:36:40,0 p/s,0 p/s,0 p/s,0 p/s,50.3 p/s,0 p/s,0 p/s,8.66 kp/s,5.38 kp/s,3.38 kp/s,0 p/s,0 p/s,4.31 kp/s,1.69 kp/s,53.7 p/s,0 p/s,0 p/s,0 p/s,0 p/s,0 p/s,282 p/s,0 p/s,0 p/s,37.7 kp/s,34.2 kp/s,3.83 kp/s,0 p/s,0 p/s,18.8 kp/s,18.1 kp/s,1.10 kp/s,0 p/s
2026-08-20 17:37:00,0 p/s,0 p/s,0 p/s,0 p/s,50.5 p/s,0 p/s,0 p/s,8.67 kp/s,5.43 kp/s,3.38 kp/s,0 p/s,0 p/s,4.32 kp/s,1.69 kp/s,54.1 p/s,0 p/s,0 p/s,0 p/s,0 p/s,0 p/s,287 p/s,0 p/s,0 p/s,38.6 kp/s,35.0 kp/s,3.93 kp/s,0 p/s,0 p/s,19.3 kp/s,18.5 kp/s,1.13 kp/s,0 p/s
2026-08-20 17:37:20,0 p/s,0 p/s,0 p/s,0 p/s,52.1 p/s,0 p/s,0 p/s,8.86 kp/s,5.50 kp/s,3.46 kp/s,0 p/s,0 p/s,4.40 kp/s,1.73 kp/s,54 p/s,0 p/s,0 p/s,0 p/s,0 p/s,0 p/s,282 p/s,0 p/s,0 p/s,37.5 kp/s,33.9 kp/s,3.81 kp/s,0 p/s,0 p/s,18.7 kp/s,18.0 kp/s,1.09 kp/s,0 p/s
2026-08-20 17:37:40,0 p/s,0 p/s,0 p/s,0 p/s,49.5 p/s,0 p/s,0 p/s,8.63 kp/s,5.38 kp/s,3.37 kp/s,0 p/s,0 p/s,4.30 kp/s,1.68 kp/s,53.7 p/s,0 p/s,0 p/s,0 p/s,0 p/s,0 p/s,283 p/s,0 p/s,0 p/s,37.5 kp/s,33.9 kp/s,3.81 kp/s,0 p/s,0 p/s,18.7 kp/s,18.0 kp/s,1.09 kp/s,0 p/s
2026-08-20 17:38:00,0 p/s,0 p/s,0 p/s,0 p/s,49.3 p/s,0 p/s,0 p/s,8.62 kp/s,5.34 kp/s,3.37 kp/s,0 p/s,0 p/s,4.28 kp/s,1.69 kp/s,53.5 p/s,0 p/s,0 p/s,0 p/s,0 p/s,0 p/s,284 p/s,0 p/s,0 p/s,37.8 kp/s,34.2 kp/s,3.85 kp/s,0 p/s,0 p/s,18.8 kp/s,18.1 kp/s,1.10 kp/s,0 p/s
2026-08-20 17:38:20,0 p/s,0 p/s,0 p/s,0 p/s,48.8 p/s,0 p/s,0 p/s,8.52 kp/s,5.33 kp/s,3.35 kp/s,0 p/s,0 p/s,4.24 kp/s,1.67 kp/s,52.5 p/s,0 p/s,0 p/s,0 p/s,0 p/s,0 p/s,278 p/s,0 p/s,0 p/s,37.0 kp/s,33.5 kp/s,3.77 kp/s,0 p/s,0 p/s,18.4 kp/s,17.8 kp/s,1.09 kp/s,0 p/s
2026-08-20 17:38:40,0 p/s,0 p/s,0 p/s,0 p/s,50.7 p/s,0 p/s,0 p/s,8.75 kp/s,5.47 kp/s,3.40 kp/s,0 p/s,0 p/s,4.37 kp/s,1.71 kp/s,53.1 p/s,0 p/s,0 p/s,0 p/s,0 p/s,0 p/s,285 p/s,0 p/s,0 p/s,37.6 kp/s,34.1 kp/s,3.83 kp/s,0 p/s,0 p/s,18.8 kp/s,18.1 kp/s,1.10 kp/s,0 p/s
2026-08-20 17:39:00,0 p/s,0 p/s,0 p/s,0 p/s,49.6 p/s,0 p/s,0 p/s,8.56 kp/s,5.29 kp/s,3.37 kp/s,0 p/s,0 p/s,4.25 kp/s,1.68 kp/s,53.3 p/s,0 p/s,0 p/s,0 p/s,0 p/s,0 p/s,276 p/s,0 p/s,0 p/s,36.2 kp/s,32.8 kp/s,3.68 kp/s,0 p/s,0 p/s,18.1 kp/s,17.4 kp/s,1.06 kp/s,0 p/s
2026-08-20 17:39:20,0 p/s,0 p/s,0 p/s,0 p/s,49.3 p/s,0 p/s,0 p/s,8.60 kp/s,5.36 kp/s,3.35 kp/s,0 p/s,0 p/s,4.29 kp/s,1.69 kp/s,54.5 p/s,0 p/s,0 p/s,0 p/s,0 p/s,0 p/s,287 p/s,0 p/s,0 p/s,38.0 kp/s,34.4 kp/s,3.87 kp/s,0 p/s,0 p/s,19.0 kp/s,18.2 kp/s,1.11 kp/s,0 p/s
2026-08-20 17:39:40,0 p/s,0 p/s,0 p/s,0 p/s,48.5 p/s,0 p/s,0 p/s,8.61 kp/s,5.36 kp/s,3.36 kp/s,0 p/s,0 p/s,4.28 kp/s,1.68 kp/s,53.2 p/s,0 p/s,0 p/s,0 p/s,0 p/s,0 p/s,278 p/s,0 p/s,0 p/s,37.1 kp/s,33.7 kp/s,3.78 kp/s,0 p/s,0 p/s,18.5 kp/s,17.8 kp/s,1.09 kp/s,0 p/s
2026-08-20 17:40:00,0 p/s,0 p/s,0 p/s,0 p/s,50.1 p/s,0 p/s,0 p/s,8.67 kp/s,5.39 kp/s,3.38 kp/s,0 p/s,0 p/s,4.32 kp/s,1.70 kp/s,53.3 p/s,0 p/s,0 p/s,0 p/s,0 p/s,0 p/s,279 p/s,0 p/s,0 p/s,37.1 kp/s,33.6 kp/s,3.77 kp/s,0 p/s,0 p/s,18.5 kp/s,17.8 kp/s,1.08 kp/s,0 p/s
2026-08-20 17:40:20,0 p/s,0 p/s,0 p/s,0 p/s,51.5 p/s,0 p/s,0 p/s,8.68 kp/s,5.41 kp/s,3.38 kp/s,0 p/s,0 p/s,4.31 kp/s,1.70 kp/s,53.3 p/s,0 p/s,0 p/s,0 p/s,0 p/s,0 p/s,290 p/s,0 p/s,0 p/s,38.7 kp/s,35.1 kp/s,3.94 kp/s,0 p/s,0 p/s,19.3 kp/s,18.6 kp/s,1.13 kp/s,0 p/s
2026-08-20 17:40:40,0 p/s,0 p/s,0 p/s,0 p/s,48.4 p/s,0 p/s,0 p/s,8.69 kp/s,5.42 kp/s,3.41 kp/s,0 p/s,0 p/s,4.33 kp/s,1.70 kp/s,54.4 p/s,0 p/s,0 p/s,0 p/s,0 p/s,0 p/s,286 p/s,0 p/s,0 p/s,38.0 kp/s,34.4 kp/s,3.87 kp/s,0 p/s,0 p/s,19.0 kp/s,18.2 kp/s,1.11 kp/s,0 p/s
2026-08-20 17:41:00,0 p/s,0 p/s,0 p/s,0 p/s,50.8 p/s,0 p/s,0 p/s,8.68 kp/s,5.38 kp/s,3.41 kp/s,0 p/s,0 p/s,4.31 kp/s,1.70 kp/s,53.3 p/s,0 p/s,0 p/s,0 p/s,0 p/s,0 p/s,287 p/s,0 p/s,0 p/s,38.0 kp/s,34.4 kp/s,3.87 kp/s,0 p/s,0 p/s,19.0 kp/s,18.2 kp/s,1.11 kp/s,0 p/s
2026-08-20 17:41:20,0 p/s,0 p/s,0 p/s,0 p/s,50.1 p/s,0 p/s,0 p/s,8.75 kp/s,5.47 kp/s,3.42 kp/s,0 p/s,0 p/s,4.36 kp/s,1.71 kp/s,54.1 p/s,0 p/s,0 p/s,0 p/s,0 p/s,0 p/s,287 p/s,0 p/s,0 p/s,37.8 kp/s,34.2 kp/s,3.83 kp/s,0 p/s,0 p/s,18.8 kp/s,18.1 kp/s,1.11 kp/s,0 p/s
2026-08-20 17:41:40,0 p/s,0 p/s,0 p/s,0 p/s,49.5 p/s,0 p/s,0 p/s,8.64 kp/s,5.41 kp/s,3.35 kp/s,0 p/s,0 p/s,4.30 kp/s,1.70 kp/s,53.2 p/s,0 p/s,0 p/s,0 p/s,0 p/s,0 p/s,276 p/s,0 p/s,0 p/s,36.2 kp/s,32.9 kp/s,3.69 kp/s,0 p/s,0 p/s,18.1 kp/s,17.4 kp/s,1.06 kp/s,0 p/s
2026-08-20 17:42:00,0 p/s,0 p/s,0 p/s,0 p/s,51.3 p/s,0 p/s,0 p/s,8.86 kp/s,5.52 kp/s,3.45 kp/s,0 p/s,0 p/s,4.41 kp/s,1.73 kp/s,55.6 p/s,0 p/s,0 p/s,0 p/s,0 p/s,0 p/s,299 p/s,0 p/s,0 p/s,39.2 kp/s,35.5 kp/s,3.98 kp/s,0 p/s,0 p/s,19.6 kp/s,18.8 kp/s,1.14 kp/s,0 p/s
2026-08-20 17:42:20,0 p/s,0 p/s,0 p/s,0 p/s,51.3 p/s,0 p/s,0 p/s,8.64 kp/s,5.39 kp/s,3.37 kp/s,0 p/s,0 p/s,4.30 kp/s,1.69 kp/s,54 p/s,0 p/s,0 p/s,0 p/s,0 p/s,0 p/s,278 p/s,0 p/s,0 p/s,36.9 kp/s,33.5 kp/s,3.76 kp/s,0 p/s,0 p/s,18.4 kp/s,17.7 kp/s,1.08 kp/s,0 p/s
2026-08-20 17:42:40,0 p/s,0 p/s,0 p/s,0 p/s,51.1 p/s,0 p/s,0 p/s,8.78 kp/s,5.48 kp/s,3.43 kp/s,0 p/s,0 p/s,4.37 kp/s,1.72 kp/s,55.1 p/s,0 p/s,0 p/s,0 p/s,0 p/s,0 p/s,288 p/s,0 p/s,0 p/s,38.1 kp/s,34.5 kp/s,3.88 kp/s,0 p/s,0 p/s,19.0 kp/s,18.3 kp/s,1.11 kp/s,0 p/s
2026-08-20 17:43:00,0 p/s,0 p/s,0 p/s,0 p/s,50.9 p/s,0 p/s,0 p/s,8.72 kp/s,5.43 kp/s,3.42 kp/s,0 p/s,0 p/s,4.35 kp/s,1.71 kp/s,52.8 p/s,0 p/s,0 p/s,0 p/s,0 p/s,0 p/s,293 p/s,0 p/s,0 p/s,39.0 kp/s,35.4 kp/s,3.97 kp/s,0 p/s,0 p/s,19.5 kp/s,18.7 kp/s,1.14 kp/s,0 p/s
2026-08-20 17:43:20,0 p/s,0 p/s,0 p/s,0 p/s,50.8 p/s,0 p/s,0 p/s,8.81 kp/s,5.46 kp/s,3.44 kp/s,0 p/s,0 p/s,4.39 kp/s,1.72 kp/s,55.1 p/s,0 p/s,0 p/s,0 p/s,0 p/s,0 p/s,282 p/s,0 p/s,0 p/s,37.5 kp/s,34.0 kp/s,3.82 kp/s,0 p/s,0 p/s,18.8 kp/s,18.0 kp/s,1.09 kp/s,0 p/s
2026-08-20 17:43:40,0 p/s,0 p/s,0 p/s,0 p/s,50.9 p/s,0 p/s,0 p/s,8.64 kp/s,5.40 kp/s,3.37 kp/s,0 p/s,0 p/s,4.29 kp/s,1.70 kp/s,53.9 p/s,0 p/s,0 p/s,0 p/s,0 p/s,0 p/s,279 p/s,0 p/s,0 p/s,37.3 kp/s,33.7 kp/s,3.79 kp/s,0 p/s,0 p/s,18.6 kp/s,17.9 kp/s,1.09 kp/s,0 p/s
2026-08-20 17:44:00,0 p/s,0 p/s,0 p/s,0 p/s,50.4 p/s,0 p/s,0 p/s,8.67 kp/s,5.39 kp/s,3.40 kp/s,0 p/s,0 p/s,4.30 kp/s,1.70 kp/s,52.8 p/s,0 p/s,0 p/s,0 p/s,0 p/s,0 p/s,282 p/s,0 p/s,0 p/s,36.9 kp/s,32.3 kp/s,3.80 kp/s,0 p/s,0 p/s,18.4 kp/s,17.8 kp/s,1.01 kp/s,0 p/s
2026-08-20 17:44:20,0 p/s,0 p/s,0 p/s,0 p/s,53.1 p/s,0 p/s,0 p/s,9.06 kp/s,5.58 kp/s,3.60 kp/s,0 p/s,0 p/s,4.46 kp/s,1.78 kp/s,54.5 p/s,0 p/s,0 p/s,0 p/s,0 p/s,0 p/s,770 p/s,0 p/s,0 p/s,32.6 kp/s,27.2 kp/s,5.79 kp/s,0 p/s,0 p/s,18.3 kp/s,15.4 kp/s,1.14 kp/s,0 p/s
2026-08-20 17:44:40,0 p/s,0 p/s,0 p/s,0 p/s,54.5 p/s,0 p/s,0 p/s,9.34 kp/s,5.80 kp/s,3.64 kp/s,0 p/s,0 p/s,4.61 kp/s,1.83 kp/s,58.1 p/s,0 p/s,0 p/s,0 p/s,0 p/s,0 p/s,1.07 kp/s,0 p/s,0 p/s,31.1 kp/s,28.5 kp/s,6.45 kp/s,0 p/s,0 p/s,19.0 kp/s,15.7 kp/s,1.47 kp/s,0 p/s
2026-08-20 17:45:00,0 p/s,0 p/s,0 p/s,0 p/s,54.5 p/s,0 p/s,0 p/s,9.54 kp/s,5.94 kp/s,3.73 kp/s,0 p/s,0 p/s,4.72 kp/s,1.87 kp/s,60.4 p/s,0 p/s,0 p/s,0 p/s,0 p/s,0 p/s,1.20 kp/s,0 p/s,0 p/s,29.1 kp/s,27.1 kp/s,6.55 kp/s,0 p/s,0 p/s,18.3 kp/s,14.5 kp/s,1.44 kp/s,0 p/s
2026-08-20 17:45:20,0 p/s,0 p/s,0 p/s,0 p/s,58.9 p/s,0 p/s,0 p/s,10.1 kp/s,6.31 kp/s,3.90 kp/s,0 p/s,0 p/s,5.00 kp/s,1.96 kp/s,63.6 p/s,0 p/s,0 p/s,0 p/s,0 p/s,0 p/s,1.64 kp/s,0 p/s,0 p/s,27.4 kp/s,25.5 kp/s,7.03 kp/s,0 p/s,0 p/s,17.4 kp/s,10.1 kp/s,1.76 kp/s,0 p/s
2026-08-20 17:45:40,0 p/s,0 p/s,0 p/s,0 p/s,58.8 p/s,0 p/s,0 p/s,10.2 kp/s,6.41 kp/s,3.91 kp/s,0 p/s,0 p/s,5.09 kp/s,1.98 kp/s,65.1 p/s,0 p/s,0 p/s,0 p/s,0 p/s,0 p/s,1.75 kp/s,0 p/s,0 p/s,28.1 kp/s,26.2 kp/s,7.37 kp/s,0 p/s,0 p/s,17.8 kp/s,10.8 kp/s,1.85 kp/s,0 p/s
2026-08-20 17:46:00,0 p/s,0 p/s,0 p/s,0 p/s,58.3 p/s,0 p/s,0 p/s,10.1 kp/s,6.36 kp/s,3.90 kp/s,0 p/s,0 p/s,5.07 kp/s,1.98 kp/s,64.1 p/s,0 p/s,0 p/s,0 p/s,0 p/s,0 p/s,1.78 kp/s,0 p/s,0 p/s,28.2 kp/s,26.4 kp/s,7.41 kp/s,0 p/s,0 p/s,17.9 kp/s,10.9 kp/s,1.87 kp/s,0 p/s
2026-08-20 17:46:20,0 p/s,0 p/s,0 p/s,0 p/s,60 p/s,0 p/s,0 p/s,10.2 kp/s,6.42 kp/s,3.94 kp/s,0 p/s,0 p/s,5.10 kp/s,1.99 kp/s,65.1 p/s,0 p/s,0 p/s,0 p/s,0 p/s,0 p/s,1.78 kp/s,0 p/s,0 p/s,28.4 kp/s,26.5 kp/s,7.45 kp/s,0 p/s,0 p/s,18.0 kp/s,11.0 kp/s,1.88 kp/s,0 p/s
2026-08-20 17:46:40,0 p/s,0 p/s,0 p/s,0 p/s,59.7 p/s,0 p/s,0 p/s,10.1 kp/s,6.35 kp/s,3.93 kp/s,0 p/s,0 p/s,5.06 kp/s,1.98 kp/s,64.1 p/s,0 p/s,0 p/s,0 p/s,0 p/s,0 p/s,1.78 kp/s,0 p/s,0 p/s,28.3 kp/s,26.5 kp/s,7.44 kp/s,0 p/s,0 p/s,17.9 kp/s,10.9 kp/s,1.88 kp/s,0 p/s
2026-08-20 17:47:00,0 p/s,0 p/s,0 p/s,0 p/s,59.6 p/s,0 p/s,0 p/s,10.1 kp/s,6.37 kp/s,3.92 kp/s,0 p/s,0 p/s,5.07 kp/s,1.98 kp/s,64 p/s,0 p/s,0 p/s,0 p/s,0 p/s,0 p/s,1.79 kp/s,0 p/s,0 p/s,28.5 kp/s,26.6 kp/s,7.48 kp/s,0 p/s,0 p/s,18.0 kp/s,11.0 kp/s,1.89 kp/s,0 p/s
2026-08-20 17:47:20,0 p/s,0 p/s,0 p/s,0 p/s,59.2 p/s,0 p/s,0 p/s,10.1 kp/s,6.32 kp/s,3.95 kp/s,0 p/s,0 p/s,5.03 kp/s,1.98 kp/s,63.3 p/s,0 p/s,0 p/s,0 p/s,0 p/s,0 p/s,1.78 kp/s,0 p/s,0 p/s,28.3 kp/s,26.4 kp/s,7.43 kp/s,0 p/s,0 p/s,17.9 kp/s,10.9 kp/s,1.87 kp/s,0 p/s
2026-08-20 17:47:40,0 p/s,0 p/s,0 p/s,0 p/s,59.2 p/s,0 p/s,0 p/s,10.1 kp/s,6.33 kp/s,3.88 kp/s,0 p/s,0 p/s,5.04 kp/s,1.97 kp/s,64.5 p/s,0 p/s,0 p/s,0 p/s,0 p/s,0 p/s,1.79 kp/s,0 p/s,0 p/s,28.5 kp/s,26.6 kp/s,7.47 kp/s,0 p/s,0 p/s,18.0 kp/s,11.0 kp/s,1.89 kp/s,0 p/s
2026-08-20 17:48:00,0 p/s,0 p/s,0 p/s,0 p/s,59.2 p/s,0 p/s,0 p/s,10.0 kp/s,6.27 kp/s,3.91 kp/s,0 p/s,0 p/s,5.02 kp/s,1.96 kp/s,62.9 p/s,0 p/s,0 p/s,0 p/s,0 p/s,0 p/s,1.84 kp/s,0 p/s,0 p/s,29.1 kp/s,27.2 kp/s,7.65 kp/s,0 p/s,0 p/s,18.4 kp/s,11.3 kp/s,1.93 kp/s,0 p/s
2026-08-20 17:48:20,0 p/s,0 p/s,0 p/s,0 p/s,59.9 p/s,0 p/s,0 p/s,10.1 kp/s,6.31 kp/s,3.93 kp/s,0 p/s,0 p/s,5.04 kp/s,1.97 kp/s,63.5 p/s,0 p/s,0 p/s,0 p/s,0 p/s,0 p/s,1.78 kp/s,0 p/s,0 p/s,28.4 kp/s,26.5 kp/s,7.43 kp/s,0 p/s,0 p/s,17.9 kp/s,10.9 kp/s,1.88 kp/s,0 p/s
2026-08-20 17:48:40,0 p/s,0 p/s,0 p/s,0 p/s,59.1 p/s,0 p/s,0 p/s,10.1 kp/s,6.34 kp/s,3.93 kp/s,0 p/s,0 p/s,5.06 kp/s,1.97 kp/s,64.1 p/s,0 p/s,0 p/s,0 p/s,0 p/s,0 p/s,1.78 kp/s,0 p/s,0 p/s,28.2 kp/s,26.3 kp/s,7.40 kp/s,0 p/s,0 p/s,17.8 kp/s,10.9 kp/s,1.87 kp/s,0 p/s
2026-08-20 17:49:00,0 p/s,0 p/s,0 p/s,0 p/s,59.7 p/s,0 p/s,0 p/s,10.2 kp/s,6.40 kp/s,3.90 kp/s,0 p/s,0 p/s,5.08 kp/s,1.99 kp/s,64.4 p/s,0 p/s,0 p/s,0 p/s,0 p/s,0 p/s,1.81 kp/s,0 p/s,0 p/s,28.9 kp/s,26.9 kp/s,7.56 kp/s,0 p/s,0 p/s,18.2 kp/s,11.1 kp/s,1.91 kp/s,0 p/s
2026-08-20 17:49:20,0 p/s,0 p/s,0 p/s,0 p/s,58.8 p/s,0 p/s,0 p/s,10.1 kp/s,6.29 kp/s,3.90 kp/s,0 p/s,0 p/s,5.02 kp/s,1.96 kp/s,62.5 p/s,0 p/s,0 p/s,0 p/s,0 p/s,0 p/s,1.83 kp/s,0 p/s,0 p/s,29.0 kp/s,27.1 kp/s,7.62 kp/s,0 p/s,0 p/s,18.4 kp/s,11.2 kp/s,1.92 kp/s,0 p/s
2026-08-20 17:49:40,0 p/s,0 p/s,0 p/s,0 p/s,58.8 p/s,0 p/s,0 p/s,10.1 kp/s,6.39 kp/s,3.91 kp/s,0 p/s,0 p/s,5.08 kp/s,1.98 kp/s,65.2 p/s,0 p/s,0 p/s,0 p/s,0 p/s,0 p/s,1.81 kp/s,0 p/s,0 p/s,28.8 kp/s,26.9 kp/s,7.56 kp/s,0 p/s,0 p/s,18.2 kp/s,11.1 kp/s,1.92 kp/s,0 p/s
2026-08-20 17:50:00,0 p/s,0 p/s,0 p/s,0 p/s,62.4 p/s,0 p/s,0 p/s,10.6 kp/s,6.65 kp/s,4.04 kp/s,0 p/s,0 p/s,5.27 kp/s,2.05 kp/s,67.5 p/s,0 p/s,0 p/s,0 p/s,0 p/s,0 p/s,1.85 kp/s,0 p/s,0 p/s,29.4 kp/s,27.4 kp/s,7.71 kp/s,0 p/s,0 p/s,18.6 kp/s,11.3 kp/s,1.95 kp/s,0 p/s
2026-08-20 17:50:20,0 p/s,0 p/s,0 p/s,0 p/s,58.8 p/s,0 p/s,0 p/s,10.1 kp/s,6.37 kp/s,3.88 kp/s,0 p/s,0 p/s,5.05 kp/s,1.96 kp/s,64.3 p/s,0 p/s,0 p/s,0 p/s,0 p/s,0 p/s,1.75 kp/s,0 p/s,0 p/s,27.8 kp/s,26.0 kp/s,7.31 kp/s,0 p/s,0 p/s,17.6 kp/s,10.7 kp/s,1.84 kp/s,0 p/s
2026-08-20 17:50:40,0 p/s,0 p/s,0 p/s,0 p/s,58.1 p/s,0 p/s,0 p/s,10.1 kp/s,6.34 kp/s,3.90 kp/s,0 p/s,0 p/s,5.05 kp/s,1.98 kp/s,64.3 p/s,0 p/s,0 p/s,0 p/s,0 p/s,0 p/s,1.76 kp/s,0 p/s,0 p/s,28.0 kp/s,26.1 kp/s,7.34 kp/s,0 p/s,0 p/s,17.7 kp/s,10.8 kp/s,1.85 kp/s,0 p/s
2026-08-20 17:51:00,0 p/s,0 p/s,0 p/s,0 p/s,59.2 p/s,0 p/s,0 p/s,10.2 kp/s,6.44 kp/s,3.89 kp/s,0 p/s,0 p/s,5.09 kp/s,1.98 kp/s,65.6 p/s,0 p/s,0 p/s,0 p/s,0 p/s,0 p/s,1.76 kp/s,0 p/s,0 p/s,27.9 kp/s,26.0 kp/s,7.32 kp/s,0 p/s,0 p/s,17.6 kp/s,10.8 kp/s,1.85 kp/s,0 p/s
2026-08-20 17:51:20,0 p/s,0 p/s,0 p/s,0 p/s,58.8 p/s,0 p/s,0 p/s,10.1 kp/s,6.35 kp/s,3.87 kp/s,0 p/s,0 p/s,5.02 kp/s,1.97 kp/s,63.9 p/s,0 p/s,0 p/s,0 p/s,0 p/s,0 p/s,1.76 kp/s,0 p/s,0 p/s,27.9 kp/s,26.0 kp/s,7.34 kp/s,0 p/s,0 p/s,17.6 kp/s,10.8 kp/s,1.84 kp/s,0 p/s
2026-08-20 17:51:40,0 p/s,0 p/s,0 p/s,0 p/s,58.7 p/s,0 p/s,0 p/s,10.1 kp/s,6.35 kp/s,3.88 kp/s,0 p/s,0 p/s,5.03 kp/s,1.96 kp/s,64.7 p/s,0 p/s,0 p/s,0 p/s,0 p/s,0 p/s,1.75 kp/s,0 p/s,0 p/s,27.8 kp/s,26.0 kp/s,7.30 kp/s,0 p/s,0 p/s,17.6 kp/s,10.7 kp/s,1.84 kp/s,0 p/s
2026-08-20 17:52:00,0 p/s,0 p/s,0 p/s,0 p/s,59.1 p/s,0 p/s,0 p/s,10.2 kp/s,6.42 kp/s,3.89 kp/s,0 p/s,0 p/s,5.07 kp/s,1.98 kp/s,64.4 p/s,0 p/s,0 p/s,0 p/s,0 p/s,0 p/s,1.77 kp/s,0 p/s,0 p/s,28.1 kp/s,26.2 kp/s,7.37 kp/s,0 p/s,0 p/s,17.8 kp/s,10.8 kp/s,1.86 kp/s,0 p/s
2026-08-20 17:52:20,0 p/s,0 p/s,0 p/s,0 p/s,58 p/s,0 p/s,0 p/s,10.1 kp/s,6.32 kp/s,3.86 kp/s,0 p/s,0 p/s,5.03 kp/s,1.96 kp/s,64.4 p/s,0 p/s,0 p/s,0 p/s,0 p/s,0 p/s,1.76 kp/s,0 p/s,0 p/s,27.9 kp/s,26.0 kp/s,7.32 kp/s,0 p/s,0 p/s,17.6 kp/s,10.8 kp/s,1.85 kp/s,0 p/s
2026-08-20 17:52:40,0 p/s,0 p/s,0 p/s,0 p/s,58 p/s,0 p/s,0 p/s,10.1 kp/s,6.35 kp/s,3.87 kp/s,0 p/s,0 p/s,5.02 kp/s,1.96 kp/s,63.7 p/s,0 p/s,0 p/s,0 p/s,0 p/s,0 p/s,1.76 kp/s,0 p/s,0 p/s,28.0 kp/s,26.1 kp/s,7.34 kp/s,0 p/s,0 p/s,17.7 kp/s,10.8 kp/s,1.85 kp/s,0 p/s
2026-08-20 17:53:00,0 p/s,0 p/s,0 p/s,0 p/s,58.4 p/s,0 p/s,0 p/s,10.2 kp/s,6.40 kp/s,3.88 kp/s,0 p/s,0 p/s,5.08 kp/s,1.97 kp/s,65.5 p/s,0 p/s,0 p/s,0 p/s,0 p/s,0 p/s,1.76 kp/s,0 p/s,0 p/s,27.9 kp/s,26.1 kp/s,7.33 kp/s,0 p/s,0 p/s,17.6 kp/s,10.8 kp/s,1.85 kp/s,0 p/s
2026-08-20 17:53:20,0 p/s,0 p/s,0 p/s,0 p/s,59.7 p/s,0 p/s,0 p/s,10.1 kp/s,6.38 kp/s,3.92 kp/s,0 p/s,0 p/s,5.05 kp/s,1.97 kp/s,63.6 p/s,0 p/s,0 p/s,0 p/s,0 p/s,0 p/s,1.76 kp/s,0 p/s,0 p/s,27.9 kp/s,26.0 kp/s,7.33 kp/s,0 p/s,0 p/s,17.6 kp/s,10.8 kp/s,1.85 kp/s,0 p/s
2026-08-20 17:53:40,0 p/s,0 p/s,0 p/s,0 p/s,59.7 p/s,0 p/s,0 p/s,10.1 kp/s,6.31 kp/s,3.87 kp/s,0 p/s,0 p/s,5.03 kp/s,1.97 kp/s,64 p/s,0 p/s,0 p/s,0 p/s,0 p/s,0 p/s,1.76 kp/s,0 p/s,0 p/s,27.9 kp/s,26.1 kp/s,7.33 kp/s,0 p/s,0 p/s,17.7 kp/s,10.8 kp/s,1.85 kp/s,0 p/s
2026-08-20 17:54:00,0 p/s,0 p/s,0 p/s,0 p/s,60.4 p/s,0 p/s,0 p/s,10.1 kp/s,6.34 kp/s,3.88 kp/s,0 p/s,0 p/s,5.01 kp/s,1.97 kp/s,64.4 p/s,0 p/s,0 p/s,0 p/s,0 p/s,0 p/s,1.74 kp/s,0 p/s,0 p/s,28.3 kp/s,26.4 kp/s,7.45 kp/s,0 p/s,0 p/s,17.9 kp/s,10.9 kp/s,1.88 kp/s,0 p/s
2026-08-20 17:54:20,0 p/s,0 p/s,0 p/s,0 p/s,66.1 p/s,0 p/s,0 p/s,11.1 kp/s,7.00 kp/s,4.29 kp/s,0 p/s,0 p/s,5.54 kp/s,2.18 kp/s,68.4 p/s,0 p/s,0 p/s,0 p/s,0 p/s,0 p/s,1.93 kp/s,0 p/s,0 p/s,28.4 kp/s,29.1 kp/s,6.86 kp/s,0 p/s,0 p/s,17.2 kp/s,12.5 kp/s,2.23 kp/s,0 p/s
2026-08-20 17:54:40,0 p/s,0 p/s,0 p/s,0 p/s,63.2 p/s,0 p/s,0 p/s,10.9 kp/s,6.87 kp/s,4.19 kp/s,0 p/s,0 p/s,5.40 kp/s,2.13 kp/s,67.7 p/s,0 p/s,0 p/s,0 p/s,0 p/s,0 p/s,1.38 kp/s,0 p/s,0 p/s,25.7 kp/s,27.3 kp/s,5.83 kp/s,0 p/s,0 p/s,15.2 kp/s,11.9 kp/s,1.74 kp/s,0 p/s
2026-08-20 17:55:00,0 p/s,0 p/s,0 p/s,0 p/s,62 p/s,0 p/s,0 p/s,10.3 kp/s,6.48 kp/s,3.99 kp/s,0 p/s,0 p/s,5.11 kp/s,2.02 kp/s,65.9 p/s,0 p/s,0 p/s,0 p/s,0 p/s,0 p/s,1.32 kp/s,0 p/s,0 p/s,21.0 kp/s,23.5 kp/s,5.30 kp/s,0 p/s,0 p/s,12.5 kp/s,10.1 kp/s,1.73 kp/s,0 p/s
2026-08-20 17:55:20,0 p/s,0 p/s,0 p/s,0 p/s,62.4 p/s,0 p/s,0 p/s,10.6 kp/s,6.73 kp/s,4.05 kp/s,0 p/s,0 p/s,5.30 kp/s,2.07 kp/s,68.8 p/s,0 p/s,0 p/s,0 p/s,0 p/s,0 p/s,599 p/s,0 p/s,0 p/s,10.2 kp/s,15.5 kp/s,3.13 kp/s,0 p/s,0 p/s,5.85 kp/s,6.35 kp/s,1.08 kp/s,0 p/s
2026-08-20 17:55:40,0 p/s,0 p/s,0 p/s,0 p/s,65.2 p/s,0 p/s,0 p/s,11.1 kp/s,7.04 kp/s,4.26 kp/s,0 p/s,0 p/s,5.55 kp/s,2.17 kp/s,71.2 p/s,0 p/s,0 p/s,0 p/s,0 p/s,0 p/s,178 p/s,0 p/s,0 p/s,4.60 kp/s,12.1 kp/s,1.42 kp/s,0 p/s,0 p/s,2.08 kp/s,4.11 kp/s,754 p/s,0 p/s
2026-08-20 17:56:00,0 p/s,0 p/s,0 p/s,0 p/s,65.9 p/s,0 p/s,0 p/s,11.5 kp/s,7.34 kp/s,4.32 kp/s,0 p/s,0 p/s,5.79 kp/s,2.25 kp/s,75.7 p/s,0 p/s,0 p/s,0 p/s,0 p/s,0 p/s,31.9 p/s,0 p/s,0 p/s,3.85 kp/s,11.8 kp/s,945 p/s,0 p/s,0 p/s,1.21 kp/s,3.43 kp/s,650 p/s,0 p/s
2026-08-20 17:56:20,0 p/s,0 p/s,0 p/s,0 p/s,65.9 p/s,0 p/s,0 p/s,11.5 kp/s,7.37 kp/s,4.31 kp/s,0 p/s,0 p/s,5.78 kp/s,2.24 kp/s,75.7 p/s,0 p/s,0 p/s,0 p/s,0 p/s,0 p/s,31.6 p/s,0 p/s,0 p/s,3.94 kp/s,12.1 kp/s,967 p/s,0 p/s,0 p/s,1.24 kp/s,3.52 kp/s,671 p/s,0 p/s
2026-08-20 17:56:40,0 p/s,0 p/s,0 p/s,0 p/s,66.5 p/s,0 p/s,0 p/s,11.5 kp/s,7.33 kp/s,4.32 kp/s,0 p/s,0 p/s,5.77 kp/s,2.24 kp/s,75.2 p/s,0 p/s,0 p/s,0 p/s,0 p/s,0 p/s,31.7 p/s,0 p/s,0 p/s,3.94 kp/s,12.1 kp/s,966 p/s,0 p/s,0 p/s,1.24 kp/s,3.51 kp/s,670 p/s,0 p/s
2026-08-20 17:57:00,0 p/s,0 p/s,0 p/s,0 p/s,66.8 p/s,0 p/s,0 p/s,11.5 kp/s,7.36 kp/s,4.32 kp/s,0 p/s,0 p/s,5.78 kp/s,2.24 kp/s,75.3 p/s,0 p/s,0 p/s,0 p/s,0 p/s,0 p/s,32.7 p/s,0 p/s,0 p/s,3.99 kp/s,12.3 kp/s,985 p/s,0 p/s,0 p/s,1.26 kp/s,3.56 kp/s,677 p/s,0 p/s
2026-08-20 17:57:20,0 p/s,0 p/s,0 p/s,0 p/s,64.9 p/s,0 p/s,0 p/s,11.2 kp/s,7.14 kp/s,4.20 kp/s,0 p/s,0 p/s,5.61 kp/s,2.18 kp/s,73.2 p/s,0 p/s,0 p/s,0 p/s,0 p/s,0 p/s,32.1 p/s,0 p/s,0 p/s,3.95 kp/s,12.1 kp/s,965 p/s,0 p/s,0 p/s,1.24 kp/s,3.52 kp/s,671 p/s,0 p/s
2026-08-20 17:57:40,0 p/s,0 p/s,0 p/s,0 p/s,65.2 p/s,0 p/s,0 p/s,11.3 kp/s,7.20 kp/s,4.23 kp/s,0 p/s,0 p/s,5.66 kp/s,2.19 kp/s,74.3 p/s,0 p/s,0 p/s,0 p/s,0 p/s,0 p/s,32.7 p/s,0 p/s,0 p/s,3.97 kp/s,12.2 kp/s,979 p/s,0 p/s,0 p/s,1.25 kp/s,3.55 kp/s,678 p/s,0 p/s
2026-08-20 17:58:00,0 p/s,0 p/s,0 p/s,0 p/s,66.3 p/s,0 p/s,0 p/s,11.4 kp/s,7.26 kp/s,4.28 kp/s,0 p/s,0 p/s,5.73 kp/s,2.22 kp/s,75.3 p/s,0 p/s,0 p/s,0 p/s,0 p/s,0 p/s,32.3 p/s,0 p/s,0 p/s,3.97 kp/s,12.2 kp/s,974 p/s,0 p/s,0 p/s,1.25 kp/s,3.55 kp/s,679 p/s,0 p/s
2026-08-20 17:58:20,0 p/s,0 p/s,0 p/s,0 p/s,65.5 p/s,0 p/s,0 p/s,11.3 kp/s,7.20 kp/s,4.25 kp/s,0 p/s,0 p/s,5.66 kp/s,2.19 kp/s,74.7 p/s,0 p/s,0 p/s,0 p/s,0 p/s,0 p/s,32.3 p/s,0 p/s,0 p/s,3.97 kp/s,12.2 kp/s,976 p/s,0 p/s,0 p/s,1.25 kp/s,3.55 kp/s,680 p/s,0 p/s
2026-08-20 17:58:40,0 p/s,0 p/s,0 p/s,0 p/s,65.1 p/s,0 p/s,0 p/s,11.3 kp/s,7.19 kp/s,4.25 kp/s,0 p/s,0 p/s,5.68 kp/s,2.20 kp/s,74.3 p/s,0 p/s,0 p/s,0 p/s,0 p/s,0 p/s,32.5 p/s,0 p/s,0 p/s,3.94 kp/s,12.1 kp/s,965 p/s,0 p/s,0 p/s,1.24 kp/s,3.51 kp/s,670 p/s,0 p/s
2026-08-20 17:59:00,0 p/s,0 p/s,0 p/s,0 p/s,66.4 p/s,0 p/s,0 p/s,11.4 kp/s,7.31 kp/s,4.27 kp/s,0 p/s,0 p/s,5.72 kp/s,2.21 kp/s,75.2 p/s,0 p/s,0 p/s,0 p/s,0 p/s,0 p/s,32.4 p/s,0 p/s,0 p/s,4.00 kp/s,12.3 kp/s,981 p/s,0 p/s,0 p/s,1.26 kp/s,3.58 kp/s,685 p/s,0 p/s
2026-08-20 17:59:20,0 p/s,0 p/s,0 p/s,0 p/s,66.1 p/s,0 p/s,0 p/s,11.3 kp/s,7.19 kp/s,4.23 kp/s,0 p/s,0 p/s,5.66 kp/s,2.19 kp/s,74.5 p/s,0 p/s,0 p/s,0 p/s,0 p/s,0 p/s,32.5 p/s,0 p/s,0 p/s,4.01 kp/s,12.3 kp/s,985 p/s,0 p/s,0 p/s,1.26 kp/s,3.58 kp/s,686 p/s,0 p/s
2026-08-20 17:59:40,0 p/s,0 p/s,0 p/s,0 p/s,65.3 p/s,0 p/s,0 p/s,11.2 kp/s,7.11 kp/s,4.24 kp/s,0 p/s,0 p/s,5.62 kp/s,2.18 kp/s,73.2 p/s,0 p/s,0 p/s,0 p/s,0 p/s,0 p/s,32.5 p/s,0 p/s,0 p/s,3.99 kp/s,12.3 kp/s,980 p/s,0 p/s,0 p/s,1.26 kp/s,3.57 kp/s,681 p/s,0 p/s
2026-08-20 18:00:00,0 p/s,0 p/s,0 p/s,0 p/s,64.7 p/s,0 p/s,0 p/s,11.2 kp/s,7.14 kp/s,4.23 kp/s,0 p/s,0 p/s,5.64 kp/s,2.19 kp/s,74 p/s,0 p/s,0 p/s,0 p/s,0 p/s,0 p/s,32.3 p/s,0 p/s,0 p/s,3.96 kp/s,12.2 kp/s,972 p/s,0 p/s,0 p/s,1.25 kp/s,3.55 kp/s,678 p/s,0 p/s
2026-08-20 18:00:20,0 p/s,0 p/s,0 p/s,0 p/s,65.7 p/s,0 p/s,0 p/s,11.3 kp/s,7.24 kp/s,4.23 kp/s,0 p/s,0 p/s,5.69 kp/s,2.20 kp/s,75.2 p/s,0 p/s,0 p/s,0 p/s,0 p/s,0 p/s,32.5 p/s,0 p/s,0 p/s,3.98 kp/s,12.2 kp/s,976 p/s,0 p/s,0 p/s,1.26 kp/s,3.56 kp/s,681 p/s,0 p/s
2026-08-20 18:00:40,0 p/s,0 p/s,0 p/s,0 p/s,66 p/s,0 p/s,0 p/s,11.4 kp/s,7.34 kp/s,4.26 kp/s,0 p/s,0 p/s,5.74 kp/s,2.22 kp/s,76.3 p/s,0 p/s,0 p/s,0 p/s,0 p/s,0 p/s,31.9 p/s,0 p/s,0 p/s,3.95 kp/s,12.2 kp/s,969 p/s,0 p/s,0 p/s,1.24 kp/s,3.53 kp/s,677 p/s,0 p/s
2026-08-20 18:01:00,0 p/s,0 p/s,0 p/s,0 p/s,65.3 p/s,0 p/s,0 p/s,11.4 kp/s,7.32 kp/s,4.27 kp/s,0 p/s,0 p/s,5.74 kp/s,2.22 kp/s,75.7 p/s,0 p/s,0 p/s,0 p/s,0 p/s,0 p/s,32 p/s,0 p/s,0 p/s,3.94 kp/s,12.1 kp/s,969 p/s,0 p/s,0 p/s,1.24 kp/s,3.52 kp/s,676 p/s,0 p/s
2026-08-20 18:01:20,0 p/s,0 p/s,0 p/s,0 p/s,65.7 p/s,0 p/s,0 p/s,11.4 kp/s,7.30 kp/s,4.29 kp/s,0 p/s,0 p/s,5.73 kp/s,2.22 kp/s,75.5 p/s,0 p/s,0 p/s,0 p/s,0 p/s,0 p/s,32.5 p/s,0 p/s,0 p/s,4.00 kp/s,12.3 kp/s,986 p/s,0 p/s,0 p/s,1.26 kp/s,3.58 kp/s,682 p/s,0 p/s
2026-08-20 18:01:40,0 p/s,0 p/s,0 p/s,0 p/s,66.5 p/s,0 p/s,0 p/s,11.4 kp/s,7.28 kp/s,4.25 kp/s,0 p/s,0 p/s,5.71 kp/s,2.21 kp/s,75.5 p/s,0 p/s,0 p/s,0 p/s,0 p/s,0 p/s,32.4 p/s,0 p/s,0 p/s,4.00 kp/s,12.3 kp/s,982 p/s,0 p/s,0 p/s,1.26 kp/s,3.57 kp/s,686 p/s,0 p/s
2026-08-20 18:02:00,0 p/s,0 p/s,0 p/s,0 p/s,65.2 p/s,0 p/s,0 p/s,11.3 kp/s,7.19 kp/s,4.26 kp/s,0 p/s,0 p/s,5.65 kp/s,2.19 kp/s,73.9 p/s,0 p/s,0 p/s,0 p/s,0 p/s,0 p/s,32.5 p/s,0 p/s,0 p/s,4.00 kp/s,12.3 kp/s,985 p/s,0 p/s,0 p/s,1.26 kp/s,3.58 kp/s,685 p/s,0 p/s
2026-08-20 18:02:20,0 p/s,0 p/s,0 p/s,0 p/s,66.5 p/s,0 p/s,0 p/s,11.4 kp/s,7.29 kp/s,4.30 kp/s,0 p/s,0 p/s,5.74 kp/s,2.22 kp/s,74.8 p/s,0 p/s,0 p/s,0 p/s,0 p/s,0 p/s,31.7 p/s,0 p/s,0 p/s,3.96 kp/s,12.2 kp/s,973 p/s,0 p/s,0 p/s,1.24 kp/s,3.53 kp/s,679 p/s,0 p/s
2026-08-20 18:02:40,0 p/s,0 p/s,0 p/s,0 p/s,65.7 p/s,0 p/s,0 p/s,11.3 kp/s,7.20 kp/s,4.28 kp/s,0 p/s,0 p/s,5.70 kp/s,2.21 kp/s,74.1 p/s,0 p/s,0 p/s,0 p/s,0 p/s,0 p/s,31.6 p/s,0 p/s,0 p/s,3.94 kp/s,12.2 kp/s,971 p/s,0 p/s,0 p/s,1.24 kp/s,3.53 kp/s,678 p/s,0 p/s
2026-08-20 18:03:00,0 p/s,0 p/s,0 p/s,0 p/s,66.5 p/s,0 p/s,0 p/s,11.5 kp/s,7.34 kp/s,4.26 kp/s,0 p/s,0 p/s,5.75 kp/s,2.22 kp/s,76.5 p/s,0 p/s,0 p/s,0 p/s,0 p/s,0 p/s,32.4 p/s,0 p/s,0 p/s,3.98 kp/s,12.3 kp/s,977 p/s,0 p/s,0 p/s,1.25 kp/s,3.56 kp/s,682 p/s,0 p/s
2026-08-20 18:03:20,0 p/s,0 p/s,0 p/s,0 p/s,65.2 p/s,0 p/s,0 p/s,11.3 kp/s,7.20 kp/s,4.22 kp/s,0 p/s,0 p/s,5.66 kp/s,2.19 kp/s,74.7 p/s,0 p/s,0 p/s,0 p/s,0 p/s,0 p/s,32.4 p/s,0 p/s,0 p/s,3.95 kp/s,12.1 kp/s,970 p/s,0 p/s,0 p/s,1.24 kp/s,3.52 kp/s,670 p/s,0 p/s
2026-08-20 18:03:40,0 p/s,0 p/s,0 p/s,0 p/s,66.4 p/s,0 p/s,0 p/s,11.3 kp/s,7.20 kp/s,4.25 kp/s,0 p/s,0 p/s,5.68 kp/s,2.20 kp/s,74.3 p/s,0 p/s,0 p/s,0 p/s,0 p/s,0 p/s,32.3 p/s,0 p/s,0 p/s,4.00 kp/s,12.3 kp/s,984 p/s,0 p/s,0 p/s,1.26 kp/s,3.58 kp/s,685 p/s,0 p/s
2026-08-20 18:04:00,0 p/s,0 p/s,0 p/s,0 p/s,65.2 p/s,0 p/s,0 p/s,11.2 kp/s,7.10 kp/s,4.23 kp/s,0 p/s,0 p/s,5.60 kp/s,2.17 kp/s,72.8 p/s,0 p/s,0 p/s,0 p/s,0 p/s,0 p/s,32.7 p/s,0 p/s,0 p/s,3.96 kp/s,12.2 kp/s,974 p/s,0 p/s,0 p/s,1.25 kp/s,3.55 kp/s,674 p/s,0 p/s
2026-08-20 18:04:20,0 p/s,0 p/s,0 p/s,0 p/s,65.1 p/s,0 p/s,0 p/s,11.3 kp/s,7.21 kp/s,4.26 kp/s,0 p/s,0 p/s,5.68 kp/s,2.21 kp/s,74.8 p/s,0 p/s,0 p/s,0 p/s,0 p/s,0 p/s,61.2 p/s,0 p/s,0 p/s,4.03 kp/s,12.3 kp/s,987 p/s,0 p/s,0 p/s,1.26 kp/s,3.57 kp/s,679 p/s,0 p/s
2026-08-20 18:04:40,0 p/s,0 p/s,0 p/s,0 p/s,65.5 p/s,0 p/s,0 p/s,11.3 kp/s,7.20 kp/s,4.22 kp/s,0 p/s,0 p/s,5.66 kp/s,2.19 kp/s,75.1 p/s,0 p/s,0 p/s,0 p/s,0 p/s,0 p/s,446 p/s,0 p/s,0 p/s,5.98 kp/s,12.9 kp/s,2.28 kp/s,0 p/s,0 p/s,1.34 kp/s,4.02 kp/s,1.90 kp/s,0 p/s
2026-08-20 18:05:00,0 p/s,0 p/s,0 p/s,0 p/s,64.7 p/s,0 p/s,0 p/s,11.0 kp/s,6.98 kp/s,4.17 kp/s,0 p/s,0 p/s,5.51 kp/s,2.14 kp/s,71.9 p/s,0 p/s,0 p/s,0 p/s,0 p/s,0 p/s,1.04 kp/s,0 p/s,0 p/s,9.41 kp/s,12.2 kp/s,6.29 kp/s,0 p/s,0 p/s,1.42 kp/s,3.99 kp/s,5.73 kp/s,0 p/s
2026-08-20 18:05:20,0 p/s,0 p/s,0 p/s,0 p/s,63.3 p/s,0 p/s,0 p/s,10.7 kp/s,6.82 kp/s,4.07 kp/s,0 p/s,0 p/s,5.36 kp/s,2.09 kp/s,69.9 p/s,0 p/s,0 p/s,0 p/s,0 p/s,0 p/s,1.54 kp/s,0 p/s,0 p/s,15.2 kp/s,10.5 kp/s,12.8 kp/s,0 p/s,0 p/s,1.47 kp/s,3.63 kp/s,11.9 kp/s,0 p/s
2026-08-20 18:05:40,0 p/s,0 p/s,0 p/s,0 p/s,63.2 p/s,0 p/s,0 p/s,10.6 kp/s,6.67 kp/s,4.06 kp/s,0 p/s,0 p/s,5.30 kp/s,2.06 kp/s,67.5 p/s,0 p/s,0 p/s,0 p/s,0 p/s,0 p/s,1.67 kp/s,0 p/s,0 p/s,17.9 kp/s,10.1 kp/s,15.7 kp/s,0 p/s,0 p/s,1.51 kp/s,3.54 kp/s,15.0 kp/s,0 p/s
2026-08-20 18:06:00,0 p/s,0 p/s,0 p/s,0 p/s,62.8 p/s,0 p/s,0 p/s,10.5 kp/s,6.57 kp/s,4.04 kp/s,0 p/s,0 p/s,5.22 kp/s,2.04 kp/s,67.1 p/s,0 p/s,0 p/s,0 p/s,0 p/s,0 p/s,1.87 kp/s,0 p/s,0 p/s,20.5 kp/s,9.83 kp/s,18.3 kp/s,0 p/s,0 p/s,1.61 kp/s,3.60 kp/s,17.5 kp/s,0 p/s
2026-08-20 18:06:20,0 p/s,0 p/s,0 p/s,0 p/s,61.3 p/s,0 p/s,0 p/s,10.4 kp/s,6.56 kp/s,3.99 kp/s,0 p/s,0 p/s,5.19 kp/s,2.03 kp/s,65.9 p/s,0 p/s,0 p/s,0 p/s,0 p/s,0 p/s,2.05 kp/s,0 p/s,0 p/s,22.5 kp/s,9.51 kp/s,20.8 kp/s,0 p/s,0 p/s,1.93 kp/s,3.72 kp/s,19.8 kp/s,0 p/s
2026-08-20 18:06:40,0 p/s,0 p/s,0 p/s,0 p/s,62 p/s,0 p/s,0 p/s,10.4 kp/s,6.57 kp/s,4.01 kp/s,0 p/s,0 p/s,5.22 kp/s,2.03 kp/s,66.7 p/s,0 p/s,0 p/s,0 p/s,0 p/s,0 p/s,2.06 kp/s,0 p/s,0 p/s,22.6 kp/s,9.58 kp/s,20.9 kp/s,0 p/s,0 p/s,1.95 kp/s,3.75 kp/s,19.9 kp/s,0 p/s
2026-08-20 18:07:00,0 p/s,0 p/s,0 p/s,0 p/s,61.3 p/s,0 p/s,0 p/s,10.2 kp/s,6.43 kp/s,3.96 kp/s,0 p/s,0 p/s,5.12 kp/s,2.00 kp/s,64.5 p/s,0 p/s,0 p/s,0 p/s,0 p/s,0 p/s,2.07 kp/s,0 p/s,0 p/s,22.7 kp/s,9.63 kp/s,21.0 kp/s,0 p/s,0 p/s,1.95 kp/s,3.76 kp/s,20.0 kp/s,0 p/s
2026-08-20 18:07:20,0 p/s,0 p/s,0 p/s,0 p/s,61.6 p/s,0 p/s,0 p/s,10.4 kp/s,6.55 kp/s,3.99 kp/s,0 p/s,0 p/s,5.21 kp/s,2.03 kp/s,66.8 p/s,0 p/s,0 p/s,0 p/s,0 p/s,0 p/s,2.07 kp/s,0 p/s,0 p/s,22.7 kp/s,9.62 kp/s,21.0 kp/s,0 p/s,0 p/s,1.95 kp/s,3.76 kp/s,20.0 kp/s,0 p/s
2026-08-20 18:07:40,0 p/s,0 p/s,0 p/s,0 p/s,61.1 p/s,0 p/s,0 p/s,10.3 kp/s,6.49 kp/s,3.95 kp/s,0 p/s,0 p/s,5.13 kp/s,2.00 kp/s,65.9 p/s,0 p/s,0 p/s,0 p/s,0 p/s,0 p/s,2.06 kp/s,0 p/s,0 p/s,22.6 kp/s,9.60 kp/s,20.9 kp/s,0 p/s,0 p/s,1.95 kp/s,3.75 kp/s,19.9 kp/s,0 p/s
2026-08-20 18:08:00,0 p/s,0 p/s,0 p/s,0 p/s,61.2 p/s,0 p/s,0 p/s,10.4 kp/s,6.56 kp/s,4.02 kp/s,0 p/s,0 p/s,5.21 kp/s,2.03 kp/s,66 p/s,0 p/s,0 p/s,0 p/s,0 p/s,0 p/s,2.08 kp/s,0 p/s,0 p/s,22.9 kp/s,9.69 kp/s,21.2 kp/s,0 p/s,0 p/s,1.97 kp/s,3.79 kp/s,20.1 kp/s,0 p/s
2026-08-20 18:08:20,0 p/s,0 p/s,0 p/s,0 p/s,61.7 p/s,0 p/s,0 p/s,10.4 kp/s,6.58 kp/s,4.03 kp/s,0 p/s,0 p/s,5.25 kp/s,2.04 kp/s,66.4 p/s,0 p/s,0 p/s,0 p/s,0 p/s,0 p/s,2.06 kp/s,0 p/s,0 p/s,22.6 kp/s,9.61 kp/s,20.9 kp/s,0 p/s,0 p/s,1.95 kp/s,3.75 kp/s,19.9 kp/s,0 p/s
2026-08-20 18:08:40,0 p/s,0 p/s,0 p/s,0 p/s,59.9 p/s,0 p/s,0 p/s,10.2 kp/s,6.44 kp/s,3.93 kp/s,0 p/s,0 p/s,5.12 kp/s,2.00 kp/s,65.2 p/s,0 p/s,0 p/s,0 p/s,0 p/s,0 p/s,2.03 kp/s,0 p/s,0 p/s,22.4 kp/s,9.47 kp/s,20.7 kp/s,0 p/s,0 p/s,1.93 kp/s,3.71 kp/s,19.7 kp/s,0 p/s
2026-08-20 18:09:00,0 p/s,0 p/s,0 p/s,0 p/s,60.9 p/s,0 p/s,0 p/s,10.3 kp/s,6.48 kp/s,3.95 kp/s,0 p/s,0 p/s,5.16 kp/s,2.00 kp/s,66.3 p/s,0 p/s,0 p/s,0 p/s,0 p/s,0 p/s,2.07 kp/s,0 p/s,0 p/s,22.7 kp/s,9.64 kp/s,21.0 kp/s,0 p/s,0 p/s,1.96 kp/s,3.76 kp/s,20.0 kp/s,0 p/s
2026-08-20 18:09:20,0 p/s,0 p/s,0 p/s,0 p/s,61.3 p/s,0 p/s,0 p/s,10.3 kp/s,6.48 kp/s,3.94 kp/s,0 p/s,0 p/s,5.13 kp/s,2.00 kp/s,65.3 p/s,0 p/s,0 p/s,0 p/s,0 p/s,0 p/s,2.01 kp/s,0 p/s,0 p/s,22.1 kp/s,9.35 kp/s,20.4 kp/s,0 p/s,0 p/s,1.89 kp/s,3.65 kp/s,19.4 kp/s,0 p/s
2026-08-20 18:09:40,0 p/s,0 p/s,0 p/s,0 p/s,60.7 p/s,0 p/s,0 p/s,10.3 kp/s,6.50 kp/s,3.96 kp/s,0 p/s,0 p/s,5.15 kp/s,2.00 kp/s,66.1 p/s,0 p/s,0 p/s,0 p/s,0 p/s,0 p/s,2.02 kp/s,0 p/s,0 p/s,22.2 kp/s,9.42 kp/s,20.6 kp/s,0 p/s,0 p/s,1.92 kp/s,3.68 kp/s,19.6 kp/s,0 p/s
2026-08-20 18:10:00,0 p/s,0 p/s,0 p/s,0 p/s,61.2 p/s,0 p/s,0 p/s,10.4 kp/s,6.58 kp/s,3.98 kp/s,0 p/s,0 p/s,5.21 kp/s,2.03 kp/s,67.3 p/s,0 p/s,0 p/s,0 p/s,0 p/s,0 p/s,2.04 kp/s,0 p/s,0 p/s,22.4 kp/s,9.47 kp/s,20.7 kp/s,0 p/s,0 p/s,1.93 kp/s,3.70 kp/s,19.7 kp/s,0 p/s
2026-08-20 18:10:20,0 p/s,0 p/s,0 p/s,0 p/s,60.8 p/s,0 p/s,0 p/s,10.2 kp/s,6.46 kp/s,3.94 kp/s,0 p/s,0 p/s,5.12 kp/s,2.00 kp/s,66 p/s,0 p/s,0 p/s,0 p/s,0 p/s,0 p/s,2.03 kp/s,0 p/s,0 p/s,22.3 kp/s,9.46 kp/s,20.6 kp/s,0 p/s,0 p/s,1.92 kp/s,3.70 kp/s,19.7 kp/s,0 p/s
2026-08-20 18:10:40,0 p/s,0 p/s,0 p/s,0 p/s,62 p/s,0 p/s,0 p/s,10.3 kp/s,6.49 kp/s,3.98 kp/s,0 p/s,0 p/s,5.16 kp/s,2.01 kp/s,65.6 p/s,0 p/s,0 p/s,0 p/s,0 p/s,0 p/s,2.05 kp/s,0 p/s,0 p/s,22.5 kp/s,9.52 kp/s,20.8 kp/s,0 p/s,0 p/s,1.94 kp/s,3.73 kp/s,19.8 kp/s,0 p/s
2026-08-20 18:11:00,0 p/s,0 p/s,0 p/s,0 p/s,60.4 p/s,0 p/s,0 p/s,10.3 kp/s,6.52 kp/s,3.97 kp/s,0 p/s,0 p/s,5.18 kp/s,2.02 kp/s,65.7 p/s,0 p/s,0 p/s,0 p/s,0 p/s,0 p/s,2.05 kp/s,0 p/s,0 p/s,22.4 kp/s,9.51 kp/s,20.8 kp/s,0 p/s,0 p/s,1.94 kp/s,3.72 kp/s,19.8 kp/s,0 p/s
2026-08-20 18:11:20,0 p/s,0 p/s,0 p/s,0 p/s,61.3 p/s,0 p/s,0 p/s,10.3 kp/s,6.52 kp/s,3.97 kp/s,0 p/s,0 p/s,5.17 kp/s,2.01 kp/s,66.3 p/s,0 p/s,0 p/s,0 p/s,0 p/s,0 p/s,2.06 kp/s,0 p/s,0 p/s,22.6 kp/s,9.58 kp/s,20.9 kp/s,0 p/s,0 p/s,1.94 kp/s,3.74 kp/s,19.9 kp/s,0 p/s
2026-08-20 18:11:40,0 p/s,0 p/s,0 p/s,0 p/s,61.2 p/s,0 p/s,0 p/s,10.3 kp/s,6.47 kp/s,3.97 kp/s,0 p/s,0 p/s,5.14 kp/s,2.01 kp/s,64.9 p/s,0 p/s,0 p/s,0 p/s,0 p/s,0 p/s,2.03 kp/s,0 p/s,0 p/s,22.3 kp/s,9.46 kp/s,20.7 kp/s,0 p/s,0 p/s,1.92 kp/s,3.70 kp/s,19.7 kp/s,0 p/s
2026-08-20 18:12:00,0 p/s,0 p/s,0 p/s,0 p/s,60.4 p/s,0 p/s,0 p/s,10.3 kp/s,6.50 kp/s,4.01 kp/s,0 p/s,0 p/s,5.18 kp/s,2.01 kp/s,65.9 p/s,0 p/s,0 p/s,0 p/s,0 p/s,0 p/s,2.04 kp/s,0 p/s,0 p/s,22.4 kp/s,9.50 kp/s,20.7 kp/s,0 p/s,0 p/s,1.94 kp/s,3.71 kp/s,19.7 kp/s,0 p/s
2026-08-20 18:12:20,0 p/s,0 p/s,0 p/s,0 p/s,60.7 p/s,0 p/s,0 p/s,10.3 kp/s,6.52 kp/s,3.95 kp/s,0 p/s,0 p/s,5.17 kp/s,2.00 kp/s,66.3 p/s,0 p/s,0 p/s,0 p/s,0 p/s,0 p/s,2.02 kp/s,0 p/s,0 p/s,22.1 kp/s,9.38 kp/s,20.5 kp/s,0 p/s,0 p/s,1.90 kp/s,3.67 kp/s,19.5 kp/s,0 p/s
2026-08-20 18:12:40,0 p/s,0 p/s,0 p/s,0 p/s,60.1 p/s,0 p/s,0 p/s,10.3 kp/s,6.50 kp/s,3.95 kp/s,0 p/s,0 p/s,5.17 kp/s,2.01 kp/s,65.6 p/s,0 p/s,0 p/s,0 p/s,0 p/s,0 p/s,2.05 kp/s,0 p/s,0 p/s,22.4 kp/s,9.51 kp/s,20.8 kp/s,0 p/s,0 p/s,1.93 kp/s,3.71 kp/s,19.8 kp/s,0 p/s
2026-08-20 18:13:00,0 p/s,0 p/s,0 p/s,0 p/s,61.2 p/s,0 p/s,0 p/s,10.4 kp/s,6.56 kp/s,3.99 kp/s,0 p/s,0 p/s,5.21 kp/s,2.02 kp/s,66.9 p/s,0 p/s,0 p/s,0 p/s,0 p/s,0 p/s,2.04 kp/s,0 p/s,0 p/s,22.4 kp/s,9.50 kp/s,20.8 kp/s,0 p/s,0 p/s,1.94 kp/s,3.72 kp/s,19.8 kp/s,0 p/s
2026-08-20 18:13:20,0 p/s,0 p/s,0 p/s,0 p/s,61.5 p/s,0 p/s,0 p/s,10.4 kp/s,6.54 kp/s,3.99 kp/s,0 p/s,0 p/s,5.20 kp/s,2.03 kp/s,66.9 p/s,0 p/s,0 p/s,0 p/s,0 p/s,0 p/s,2.08 kp/s,0 p/s,0 p/s,22.8 kp/s,9.67 kp/s,21.1 kp/s,0 p/s,0 p/s,1.97 kp/s,3.78 kp/s,20.1 kp/s,0 p/s
2026-08-20 18:13:40,0 p/s,0 p/s,0 p/s,0 p/s,60.7 p/s,0 p/s,0 p/s,10.4 kp/s,6.57 kp/s,3.99 kp/s,0 p/s,0 p/s,5.21 kp/s,2.02 kp/s,67.1 p/s,0 p/s,0 p/s,0 p/s,0 p/s,0 p/s,2.03 kp/s,0 p/s,0 p/s,22.3 kp/s,9.46 kp/s,20.7 kp/s,0 p/s,0 p/s,1.92 kp/s,3.70 kp/s,19.7 kp/s,0 p/s
2026-08-20 18:14:00,0 p/s,0 p/s,0 p/s,0 p/s,61.5 p/s,0 p/s,0 p/s,10.3 kp/s,6.53 kp/s,3.99 kp/s,0 p/s,0 p/s,5.18 kp/s,2.02 kp/s,65.7 p/s,0 p/s,0 p/s,0 p/s,0 p/s,0 p/s,2.02 kp/s,0 p/s,0 p/s,22.1 kp/s,9.37 kp/s,20.5 kp/s,0 p/s,0 p/s,1.90 kp/s,3.66 kp/s,19.5 kp/s,0 p/s
2026-08-20 18:14:20,0 p/s,0 p/s,0 p/s,0 p/s,60.7 p/s,0 p/s,0 p/s,10.4 kp/s,6.60 kp/s,4.00 kp/s,0 p/s,0 p/s,5.22 kp/s,2.03 kp/s,67.9 p/s,0 p/s,0 p/s,0 p/s,0 p/s,0 p/s,2.05 kp/s,0 p/s,0 p/s,22.6 kp/s,9.56 kp/s,20.9 kp/s,0 p/s,0 p/s,1.95 kp/s,3.74 kp/s,19.9 kp/s,0 p/s
2026-08-20 18:14:40,0 p/s,0 p/s,0 p/s,0 p/s,61.2 p/s,0 p/s,0 p/s,10.3 kp/s,6.52 kp/s,3.96 kp/s,0 p/s,0 p/s,5.16 kp/s,2.01 kp/s,66.3 p/s,0 p/s,0 p/s,0 p/s,0 p/s,0 p/s,2.12 kp/s,0 p/s,0 p/s,23.1 kp/s,9.87 kp/s,21.2 kp/s,0 p/s,0 p/s,1.99 kp/s,3.82 kp/s,20.1 kp/s,0 p/s
2026-08-20 18:15:00,0 p/s,0 p/s,0 p/s,0 p/s,60.3 p/s,0 p/s,0 p/s,10.3 kp/s,6.47 kp/s,3.96 kp/s,0 p/s,0 p/s,5.14 kp/s,2.00 kp/s,65.9 p/s,0 p/s,0 p/s,0 p/s,0 p/s,0 p/s,2.13 kp/s,0 p/s,0 p/s,24.3 kp/s,10.4 kp/s,21.3 kp/s,0 p/s,0 p/s,2.53 kp/s,3.95 kp/s,20.3 kp/s,0 p/s
2026-08-20 18:15:20,0 p/s,0 p/s,0 p/s,0 p/s,60.7 p/s,0 p/s,0 p/s,10.2 kp/s,6.43 kp/s,3.96 kp/s,0 p/s,0 p/s,5.10 kp/s,2.00 kp/s,64.7 p/s,0 p/s,0 p/s,0 p/s,0 p/s,0 p/s,1.93 kp/s,0 p/s,0 p/s,28.1 kp/s,10.9 kp/s,23.9 kp/s,0 p/s,0 p/s,3.67 kp/s,3.73 kp/s,22.9 kp/s,0 p/s
2026-08-20 18:15:40,0 p/s,0 p/s,0 p/s,0 p/s,60.3 p/s,0 p/s,0 p/s,10.1 kp/s,6.31 kp/s,3.94 kp/s,0 p/s,0 p/s,5.05 kp/s,1.97 kp/s,63.7 p/s,0 p/s,0 p/s,0 p/s,0 p/s,0 p/s,1.83 kp/s,0 p/s,0 p/s,29.1 kp/s,10.8 kp/s,24.7 kp/s,0 p/s,0 p/s,4.22 kp/s,3.58 kp/s,23.5 kp/s,0 p/s
2026-08-20 18:16:00,0 p/s,0 p/s,0 p/s,0 p/s,59.6 p/s,0 p/s,0 p/s,10.0 kp/s,6.29 kp/s,3.91 kp/s,0 p/s,0 p/s,5.00 kp/s,1.96 kp/s,63.5 p/s,0 p/s,0 p/s,0 p/s,0 p/s,0 p/s,1.73 kp/s,0 p/s,0 p/s,30.1 kp/s,10.8 kp/s,25.4 kp/s,0 p/s,0 p/s,4.56 kp/s,3.50 kp/s,24.0 kp/s,0 p/s
2026-08-20 18:16:20,0 p/s,0 p/s,0 p/s,0 p/s,59.7 p/s,0 p/s,0 p/s,10.0 kp/s,6.28 kp/s,3.90 kp/s,0 p/s,0 p/s,5.02 kp/s,1.95 kp/s,63.1 p/s,0 p/s,0 p/s,0 p/s,0 p/s,0 p/s,1.56 kp/s,0 p/s,0 p/s,31.0 kp/s,10.7 kp/s,25.9 kp/s,0 p/s,0 p/s,5.28 kp/s,3.36 kp/s,24.4 kp/s,0 p/s
2026-08-20 18:16:40,0 p/s,0 p/s,0 p/s,0 p/s,58.4 p/s,0 p/s,0 p/s,9.99 kp/s,6.29 kp/s,3.89 kp/s,0 p/s,0 p/s,5.01 kp/s,1.95 kp/s,64.4 p/s,0 p/s,0 p/s,0 p/s,0 p/s,0 p/s,1.55 kp/s,0 p/s,0 p/s,30.9 kp/s,10.8 kp/s,25.8 kp/s,0 p/s,0 p/s,5.43 kp/s,3.42 kp/s,24.3 kp/s,0 p/s
2026-08-20 18:17:00,0 p/s,0 p/s,0 p/s,0 p/s,59.6 p/s,0 p/s,0 p/s,9.95 kp/s,6.24 kp/s,3.91 kp/s,0 p/s,0 p/s,4.97 kp/s,1.94 kp/s,61.7 p/s,0 p/s,0 p/s,0 p/s,0 p/s,0 p/s,1.52 kp/s,0 p/s,0 p/s,30.5 kp/s,10.6 kp/s,25.4 kp/s,0 p/s,0 p/s,5.34 kp/s,3.37 kp/s,24.0 kp/s,0 p/s
2026-08-20 18:17:20,0 p/s,0 p/s,0 p/s,0 p/s,58.8 p/s,0 p/s,0 p/s,10.1 kp/s,6.36 kp/s,3.89 kp/s,0 p/s,0 p/s,5.05 kp/s,1.97 kp/s,65.6 p/s,0 p/s,0 p/s,0 p/s,0 p/s,0 p/s,1.54 kp/s,0 p/s,0 p/s,30.8 kp/s,10.7 kp/s,25.6 kp/s,0 p/s,0 p/s,5.38 kp/s,3.40 kp/s,24.2 kp/s,0 p/s
2026-08-20 18:17:40,0 p/s,0 p/s,0 p/s,0 p/s,60.4 p/s,0 p/s,0 p/s,10.1 kp/s,6.35 kp/s,3.91 kp/s,0 p/s,0 p/s,5.08 kp/s,1.98 kp/s,63.6 p/s,0 p/s,0 p/s,0 p/s,0 p/s,0 p/s,1.57 kp/s,0 p/s,0 p/s,31.3 kp/s,10.9 kp/s,26.1 kp/s,0 p/s,0 p/s,5.49 kp/s,3.46 kp/s,24.6 kp/s,0 p/s
2026-08-20 18:18:00,0 p/s,0 p/s,0 p/s,0 p/s,59.1 p/s,0 p/s,0 p/s,10.1 kp/s,6.33 kp/s,3.91 kp/s,0 p/s,0 p/s,5.04 kp/s,1.96 kp/s,63.2 p/s,0 p/s,0 p/s,0 p/s,0 p/s,0 p/s,1.53 kp/s,0 p/s,0 p/s,30.6 kp/s,10.7 kp/s,25.5 kp/s,0 p/s,0 p/s,5.35 kp/s,3.37 kp/s,24.0 kp/s,0 p/s
2026-08-20 18:18:20,0 p/s,0 p/s,0 p/s,0 p/s,60.4 p/s,0 p/s,0 p/s,10.1 kp/s,6.35 kp/s,3.94 kp/s,0 p/s,0 p/s,5.06 kp/s,1.97 kp/s,64 p/s,0 p/s,0 p/s,0 p/s,0 p/s,0 p/s,1.53 kp/s,0 p/s,0 p/s,30.6 kp/s,10.7 kp/s,25.5 kp/s,0 p/s,0 p/s,5.36 kp/s,3.38 kp/s,24.1 kp/s,0 p/s
2026-08-20 18:18:40,0 p/s,0 p/s,0 p/s,0 p/s,59.6 p/s,0 p/s,0 p/s,10.0 kp/s,6.30 kp/s,3.88 kp/s,0 p/s,0 p/s,5.02 kp/s,1.96 kp/s,63.9 p/s,0 p/s,0 p/s,0 p/s,0 p/s,0 p/s,1.54 kp/s,0 p/s,0 p/s,30.7 kp/s,10.7 kp/s,25.6 kp/s,0 p/s,0 p/s,5.39 kp/s,3.40 kp/s,24.1 kp/s,0 p/s
2026-08-20 18:19:00,0 p/s,0 p/s,0 p/s,0 p/s,59.3 p/s,0 p/s,0 p/s,10.1 kp/s,6.31 kp/s,3.89 kp/s,0 p/s,0 p/s,5.04 kp/s,1.96 kp/s,64.8 p/s,0 p/s,0 p/s,0 p/s,0 p/s,0 p/s,1.54 kp/s,0 p/s,0 p/s,30.8 kp/s,10.7 kp/s,25.7 kp/s,0 p/s,0 p/s,5.39 kp/s,3.40 kp/s,24.2 kp/s,0 p/s
2026-08-20 18:19:20,0 p/s,0 p/s,0 p/s,0 p/s,60.7 p/s,0 p/s,0 p/s,10.1 kp/s,6.36 kp/s,3.92 kp/s,0 p/s,0 p/s,5.06 kp/s,1.97 kp/s,64.1 p/s,0 p/s,0 p/s,0 p/s,0 p/s,0 p/s,1.55 kp/s,0 p/s,0 p/s,30.9 kp/s,10.8 kp/s,25.7 kp/s,0 p/s,0 p/s,5.41 kp/s,3.42 kp/s,24.3 kp/s,0 p/s
2026-08-20 18:19:40,0 p/s,0 p/s,0 p/s,0 p/s,59.5 p/s,0 p/s,0 p/s,10.1 kp/s,6.36 kp/s,3.92 kp/s,0 p/s,0 p/s,5.06 kp/s,1.97 kp/s,64.1 p/s,0 p/s,0 p/s,0 p/s,0 p/s,0 p/s,1.53 kp/s,0 p/s,0 p/s,30.6 kp/s,10.7 kp/s,25.5 kp/s,0 p/s,0 p/s,5.35 kp/s,3.37 kp/s,24.0 kp/s,0 p/s
2026-08-20 18:20:00,0 p/s,0 p/s,0 p/s,0 p/s,59.7 p/s,0 p/s,0 p/s,10.0 kp/s,6.29 kp/s,3.89 kp/s,0 p/s,0 p/s,5.02 kp/s,1.96 kp/s,63.9 p/s,0 p/s,0 p/s,0 p/s,0 p/s,0 p/s,1.53 kp/s,0 p/s,0 p/s,30.6 kp/s,10.7 kp/s,25.5 kp/s,0 p/s,0 p/s,5.35 kp/s,3.38 kp/s,24.1 kp/s,0 p/s
2026-08-20 18:20:20,0 p/s,0 p/s,0 p/s,0 p/s,60.3 p/s,0 p/s,0 p/s,10.1 kp/s,6.33 kp/s,3.92 kp/s,0 p/s,0 p/s,5.05 kp/s,1.97 kp/s,63.9 p/s,0 p/s,0 p/s,0 p/s,0 p/s,0 p/s,1.55 kp/s,0 p/s,0 p/s,31.1 kp/s,10.8 kp/s,25.9 kp/s,0 p/s,0 p/s,5.43 kp/s,3.43 kp/s,24.4 kp/s,0 p/s
2026-08-20 18:20:40,0 p/s,0 p/s,0 p/s,0 p/s,60.3 p/s,0 p/s,0 p/s,10.1 kp/s,6.37 kp/s,3.89 kp/s,0 p/s,0 p/s,5.06 kp/s,1.97 kp/s,64.5 p/s,0 p/s,0 p/s,0 p/s,0 p/s,0 p/s,1.56 kp/s,0 p/s,0 p/s,31.2 kp/s,10.9 kp/s,26.0 kp/s,0 p/s,0 p/s,5.47 kp/s,3.45 kp/s,24.5 kp/s,0 p/s
2026-08-20 18:21:00,0 p/s,0 p/s,0 p/s,0 p/s,58.9 p/s,0 p/s,0 p/s,9.98 kp/s,6.25 kp/s,3.90 kp/s,0 p/s,0 p/s,5.00 kp/s,1.95 kp/s,62.4 p/s,0 p/s,0 p/s,0 p/s,0 p/s,0 p/s,1.55 kp/s,0 p/s,0 p/s,31.0 kp/s,10.8 kp/s,25.9 kp/s,0 p/s,0 p/s,5.43 kp/s,3.42 kp/s,24.4 kp/s,0 p/s
2026-08-20 18:21:20,0 p/s,0 p/s,0 p/s,0 p/s,58.1 p/s,0 p/s,0 p/s,9.98 kp/s,6.27 kp/s,3.86 kp/s,0 p/s,0 p/s,5.01 kp/s,1.95 kp/s,63.9 p/s,0 p/s,0 p/s,0 p/s,0 p/s,0 p/s,1.55 kp/s,0 p/s,0 p/s,31.1 kp/s,10.8 kp/s,25.9 kp/s,0 p/s,0 p/s,5.44 kp/s,3.43 kp/s,24.4 kp/s,0 p/s
2026-08-20 18:21:40,0 p/s,0 p/s,0 p/s,0 p/s,59.5 p/s,0 p/s,0 p/s,10.0 kp/s,6.30 kp/s,3.87 kp/s,0 p/s,0 p/s,5.00 kp/s,1.95 kp/s,64.4 p/s,0 p/s,0 p/s,0 p/s,0 p/s,0 p/s,1.54 kp/s,0 p/s,0 p/s,30.8 kp/s,10.8 kp/s,25.7 kp/s,0 p/s,0 p/s,5.39 kp/s,3.41 kp/s,24.2 kp/s,0 p/s
2026-08-20 18:22:00,0 p/s,0 p/s,0 p/s,0 p/s,59.5 p/s,0 p/s,0 p/s,9.93 kp/s,6.22 kp/s,3.86 kp/s,0 p/s,0 p/s,4.98 kp/s,1.94 kp/s,62 p/s,0 p/s,0 p/s,0 p/s,0 p/s,0 p/s,1.55 kp/s,0 p/s,0 p/s,30.9 kp/s,10.8 kp/s,25.8 kp/s,0 p/s,0 p/s,5.41 kp/s,3.41 kp/s,24.3 kp/s,0 p/s
2026-08-20 18:22:20,0 p/s,0 p/s,0 p/s,0 p/s,59.3 p/s,0 p/s,0 p/s,10.1 kp/s,6.33 kp/s,3.91 kp/s,0 p/s,0 p/s,5.06 kp/s,1.97 kp/s,63.2 p/s,0 p/s,0 p/s,0 p/s,0 p/s,0 p/s,1.53 kp/s,0 p/s,0 p/s,30.5 kp/s,10.6 kp/s,25.4 kp/s,0 p/s,0 p/s,5.34 kp/s,3.37 kp/s,24.0 kp/s,0 p/s
2026-08-20 18:22:40,0 p/s,0 p/s,0 p/s,0 p/s,60.8 p/s,0 p/s,0 p/s,10.2 kp/s,6.40 kp/s,3.95 kp/s,0 p/s,0 p/s,5.09 kp/s,1.98 kp/s,64.4 p/s,0 p/s,0 p/s,0 p/s,0 p/s,0 p/s,1.53 kp/s,0 p/s,0 p/s,30.6 kp/s,10.7 kp/s,25.5 kp/s,0 p/s,0 p/s,5.35 kp/s,3.38 kp/s,24.1 kp/s,0 p/s
2026-08-20 18:23:00,0 p/s,0 p/s,0 p/s,0 p/s,59.6 p/s,0 p/s,0 p/s,10.0 kp/s,6.27 kp/s,3.91 kp/s,0 p/s,0 p/s,5.02 kp/s,1.96 kp/s,62.9 p/s,0 p/s,0 p/s,0 p/s,0 p/s,0 p/s,1.54 kp/s,0 p/s,0 p/s,30.9 kp/s,10.8 kp/s,25.7 kp/s,0 p/s,0 p/s,5.40 kp/s,3.41 kp/s,24.2 kp/s,0 p/s
2026-08-20 18:23:20,0 p/s,0 p/s,0 p/s,0 p/s,60.5 p/s,0 p/s,0 p/s,10.1 kp/s,6.36 kp/s,3.92 kp/s,0 p/s,0 p/s,5.06 kp/s,1.97 kp/s,64.3 p/s,0 p/s,0 p/s,0 p/s,0 p/s,0 p/s,1.53 kp/s,0 p/s,0 p/s,30.6 kp/s,10.7 kp/s,25.5 kp/s,0 p/s,0 p/s,5.36 kp/s,3.39 kp/s,24.1 kp/s,0 p/s
2026-08-20 18:23:40,0 p/s,0 p/s,0 p/s,0 p/s,59.3 p/s,0 p/s,0 p/s,10.1 kp/s,6.35 kp/s,3.92 kp/s,0 p/s,0 p/s,5.05 kp/s,1.97 kp/s,63.3 p/s,0 p/s,0 p/s,0 p/s,0 p/s,0 p/s,1.55 kp/s,0 p/s,0 p/s,31.0 kp/s,10.8 kp/s,25.8 kp/s,0 p/s,0 p/s,5.42 kp/s,3.42 kp/s,24.3 kp/s,0 p/s
2026-08-20 18:24:00,0 p/s,0 p/s,0 p/s,0 p/s,60.3 p/s,0 p/s,0 p/s,10.1 kp/s,6.36 kp/s,3.95 kp/s,0 p/s,0 p/s,5.07 kp/s,1.97 kp/s,63.6 p/s,0 p/s,0 p/s,0 p/s,0 p/s,0 p/s,1.54 kp/s,0 p/s,0 p/s,30.8 kp/s,10.7 kp/s,25.6 kp/s,0 p/s,0 p/s,5.39 kp/s,3.40 kp/s,24.2 kp/s,0 p/s
2026-08-20 18:24:20,0 p/s,0 p/s,0 p/s,0 p/s,58.4 p/s,0 p/s,0 p/s,9.98 kp/s,6.27 kp/s,3.86 kp/s,0 p/s,0 p/s,4.99 kp/s,1.95 kp/s,63.3 p/s,0 p/s,0 p/s,0 p/s,0 p/s,0 p/s,1.53 kp/s,0 p/s,0 p/s,30.5 kp/s,10.7 kp/s,25.4 kp/s,0 p/s,0 p/s,5.34 kp/s,3.38 kp/s,24.0 kp/s,0 p/s
2026-08-20 18:24:40,0 p/s,0 p/s,0 p/s,0 p/s,60.5 p/s,0 p/s,0 p/s,10.1 kp/s,6.36 kp/s,3.92 kp/s,0 p/s,0 p/s,5.05 kp/s,1.97 kp/s,63.7 p/s,0 p/s,0 p/s,0 p/s,0 p/s,0 p/s,1.51 kp/s,0 p/s,0 p/s,30.8 kp/s,10.7 kp/s,25.7 kp/s,0 p/s,0 p/s,5.40 kp/s,3.38 kp/s,24.3 kp/s,0 p/s
2026-08-20 18:25:00,0 p/s,0 p/s,0 p/s,0 p/s,60.3 p/s,0 p/s,0 p/s,10.2 kp/s,6.43 kp/s,3.95 kp/s,0 p/s,0 p/s,5.10 kp/s,2.00 kp/s,65.2 p/s,0 p/s,0 p/s,0 p/s,0 p/s,0 p/s,1.18 kp/s,0 p/s,0 p/s,30.2 kp/s,10.4 kp/s,25.7 kp/s,0 p/s,0 p/s,5.42 kp/s,3.11 kp/s,24.3 kp/s,0 p/s
2026-08-20 18:25:20,0 p/s,0 p/s,0 p/s,0 p/s,61.1 p/s,0 p/s,0 p/s,10.5 kp/s,6.59 kp/s,4.04 kp/s,0 p/s,0 p/s,5.25 kp/s,2.05 kp/s,66.3 p/s,0 p/s,0 p/s,0 p/s,0 p/s,0 p/s,848 p/s,0 p/s,0 p/s,26.1 kp/s,11.1 kp/s,21.8 kp/s,0 p/s,0 p/s,5.02 kp/s,3.35 kp/s,20.4 kp/s,0 p/s
2026-08-20 18:25:40,0 p/s,0 p/s,0 p/s,0 p/s,60.5 p/s,0 p/s,0 p/s,10.3 kp/s,6.48 kp/s,4.00 kp/s,0 p/s,0 p/s,5.09 kp/s,2.01 kp/s,63.9 p/s,0 p/s,0 p/s,0 p/s,0 p/s,0 p/s,708 p/s,0 p/s,0 p/s,21.1 kp/s,10.6 kp/s,17.3 kp/s,0 p/s,0 p/s,4.38 kp/s,3.35 kp/s,16.1 kp/s,0 p/s
2026-08-20 18:26:00,0 p/s,0 p/s,0 p/s,0 p/s,61.6 p/s,0 p/s,0 p/s,10.4 kp/s,6.51 kp/s,4.00 kp/s,0 p/s,0 p/s,5.11 kp/s,2.03 kp/s,63.2 p/s,0 p/s,0 p/s,0 p/s,0 p/s,0 p/s,556 p/s,0 p/s,0 p/s,16.5 kp/s,10.9 kp/s,12.9 kp/s,0 p/s,0 p/s,3.85 kp/s,3.48 kp/s,11.9 kp/s,0 p/s
2026-08-20 18:26:20,0 p/s,0 p/s,0 p/s,0 p/s,63.5 p/s,0 p/s,0 p/s,10.9 kp/s,6.90 kp/s,4.13 kp/s,0 p/s,0 p/s,5.39 kp/s,2.11 kp/s,70 p/s,0 p/s,0 p/s,0 p/s,0 p/s,0 p/s,48.1 p/s,0 p/s,0 p/s,4.98 kp/s,11.5 kp/s,1.94 kp/s,0 p/s,0 p/s,2.11 kp/s,3.53 kp/s,1.61 kp/s,0 p/s
2026-08-20 18:26:40,0 p/s,0 p/s,0 p/s,0 p/s,65.1 p/s,0 p/s,0 p/s,11.3 kp/s,7.20 kp/s,4.24 kp/s,0 p/s,0 p/s,5.65 kp/s,2.20 kp/s,73.3 p/s,0 p/s,0 p/s,0 p/s,0 p/s,0 p/s,36.8 p/s,0 p/s,0 p/s,3.81 kp/s,11.7 kp/s,902 p/s,0 p/s,0 p/s,1.22 kp/s,3.41 kp/s,650 p/s,0 p/s
2026-08-20 18:27:00,0 p/s,0 p/s,0 p/s,0 p/s,64.5 p/s,0 p/s,0 p/s,11.4 kp/s,7.23 kp/s,4.29 kp/s,0 p/s,0 p/s,5.71 kp/s,2.21 kp/s,75.5 p/s,0 p/s,0 p/s,0 p/s,0 p/s,0 p/s,37.1 p/s,0 p/s,0 p/s,3.87 kp/s,11.9 kp/s,918 p/s,0 p/s,0 p/s,1.24 kp/s,3.47 kp/s,656 p/s,0 p/s
2026-08-20 18:27:20,0 p/s,0 p/s,0 p/s,0 p/s,64.9 p/s,0 p/s,0 p/s,11.3 kp/s,7.21 kp/s,4.23 kp/s,0 p/s,0 p/s,5.64 kp/s,2.19 kp/s,74.1 p/s,0 p/s,0 p/s,0 p/s,0 p/s,0 p/s,37.1 p/s,0 p/s,0 p/s,3.90 kp/s,12.0 kp/s,921 p/s,0 p/s,0 p/s,1.24 kp/s,3.50 kp/s,662 p/s,0 p/s
2026-08-20 18:27:40,0 p/s,0 p/s,0 p/s,0 p/s,63.6 p/s,0 p/s,0 p/s,11.2 kp/s,7.15 kp/s,4.20 kp/s,0 p/s,0 p/s,5.62 kp/s,2.17 kp/s,72.9 p/s,0 p/s,0 p/s,0 p/s,0 p/s,0 p/s,36.7 p/s,0 p/s,0 p/s,3.92 kp/s,12.1 kp/s,928 p/s,0 p/s,0 p/s,1.25 kp/s,3.52 kp/s,661 p/s,0 p/s
2026-08-20 18:28:00,0 p/s,0 p/s,0 p/s,0 p/s,63.2 p/s,0 p/s,0 p/s,11.2 kp/s,7.12 kp/s,4.19 kp/s,0 p/s,0 p/s,5.59 kp/s,2.17 kp/s,72.7 p/s,0 p/s,0 p/s,0 p/s,0 p/s,0 p/s,37.1 p/s,0 p/s,0 p/s,3.92 kp/s,12.1 kp/s,928 p/s,0 p/s,0 p/s,1.25 kp/s,3.52 kp/s,662 p/s,0 p/s
2026-08-20 18:28:20,0 p/s,0 p/s,0 p/s,0 p/s,64.1 p/s,0 p/s,0 p/s,11.1 kp/s,7.05 kp/s,4.22 kp/s,0 p/s,0 p/s,5.57 kp/s,2.17 kp/s,71.9 p/s,0 p/s,0 p/s,0 p/s,0 p/s,0 p/s,36.9 p/s,0 p/s,0 p/s,3.89 kp/s,12.0 kp/s,919 p/s,0 p/s,0 p/s,1.24 kp/s,3.49 kp/s,660 p/s,0 p/s
2026-08-20 18:28:40,0 p/s,0 p/s,0 p/s,0 p/s,63.7 p/s,0 p/s,0 p/s,11.0 kp/s,6.98 kp/s,4.15 kp/s,0 p/s,0 p/s,5.50 kp/s,2.14 kp/s,71.6 p/s,0 p/s,0 p/s,0 p/s,0 p/s,0 p/s,36.4 p/s,0 p/s,0 p/s,3.85 kp/s,11.9 kp/s,911 p/s,0 p/s,0 p/s,1.22 kp/s,3.45 kp/s,657 p/s,0 p/s
2026-08-20 18:29:00,0 p/s,0 p/s,0 p/s,0 p/s,64.3 p/s,0 p/s,0 p/s,11.0 kp/s,7.04 kp/s,4.15 kp/s,0 p/s,0 p/s,5.52 kp/s,2.15 kp/s,71.1 p/s,0 p/s,0 p/s,0 p/s,0 p/s,0 p/s,36.8 p/s,0 p/s,0 p/s,3.89 kp/s,12.0 kp/s,917 p/s,0 p/s,0 p/s,1.24 kp/s,3.48 kp/s,663 p/s,0 p/s
2026-08-20 18:29:20,0 p/s,0 p/s,0 p/s,0 p/s,63.9 p/s,0 p/s,0 p/s,11.1 kp/s,7.01 kp/s,4.21 kp/s,0 p/s,0 p/s,5.54 kp/s,2.16 kp/s,70.4 p/s,0 p/s,0 p/s,0 p/s,0 p/s,0 p/s,36.3 p/s,0 p/s,0 p/s,3.85 kp/s,11.8 kp/s,909 p/s,0 p/s,0 p/s,1.22 kp/s,3.44 kp/s,658 p/s,0 p/s
2026-08-20 18:29:40,0 p/s,0 p/s,0 p/s,0 p/s,64.4 p/s,0 p/s,0 p/s,11.1 kp/s,7.06 kp/s,4.20 kp/s,0 p/s,0 p/s,5.57 kp/s,2.16 kp/s,73.1 p/s,0 p/s,0 p/s,0 p/s,0 p/s,0 p/s,36.7 p/s,0 p/s,0 p/s,3.89 kp/s,11.9 kp/s,919 p/s,0 p/s,0 p/s,1.24 kp/s,3.47 kp/s,659 p/s,0 p/s
2026-08-20 18:30:00,0 p/s,0 p/s,0 p/s,0 p/s,62.5 p/s,0 p/s,0 p/s,11.0 kp/s,6.97 kp/s,4.13 kp/s,0 p/s,0 p/s,5.50 kp/s,2.13 kp/s,72.1 p/s,0 p/s,0 p/s,0 p/s,0 p/s,0 p/s,36.7 p/s,0 p/s,0 p/s,3.89 kp/s,12.0 kp/s,921 p/s,0 p/s,0 p/s,1.24 kp/s,3.49 kp/s,658 p/s,0 p/s
2026-08-20 18:30:20,0 p/s,0 p/s,0 p/s,0 p/s,65.3 p/s,0 p/s,0 p/s,11.2 kp/s,7.17 kp/s,4.22 kp/s,0 p/s,0 p/s,5.61 kp/s,2.18 kp/s,72.9 p/s,0 p/s,0 p/s,0 p/s,0 p/s,0 p/s,36.7 p/s,0 p/s,0 p/s,3.86 kp/s,11.9 kp/s,911 p/s,0 p/s,0 p/s,1.23 kp/s,3.45 kp/s,656 p/s,0 p/s
2026-08-20 18:30:40,0 p/s,0 p/s,0 p/s,0 p/s,63.6 p/s,0 p/s,0 p/s,11.0 kp/s,7.00 kp/s,4.18 kp/s,0 p/s,0 p/s,5.54 kp/s,2.14 kp/s,72.3 p/s,0 p/s,0 p/s,0 p/s,0 p/s,0 p/s,36.9 p/s,0 p/s,0 p/s,3.90 kp/s,12.0 kp/s,925 p/s,0 p/s,0 p/s,1.24 kp/s,3.50 kp/s,661 p/s,0 p/s
2026-08-20 18:31:00,0 p/s,0 p/s,0 p/s,0 p/s,64 p/s,0 p/s,0 p/s,11.1 kp/s,7.05 kp/s,4.23 kp/s,0 p/s,0 p/s,5.57 kp/s,2.18 kp/s,70.7 p/s,0 p/s,0 p/s,0 p/s,0 p/s,0 p/s,36.8 p/s,0 p/s,0 p/s,3.88 kp/s,11.9 kp/s,913 p/s,0 p/s,0 p/s,1.23 kp/s,3.47 kp/s,659 p/s,0 p/s
2026-08-20 18:31:20,0 p/s,0 p/s,0 p/s,0 p/s,64.5 p/s,0 p/s,0 p/s,11.1 kp/s,7.09 kp/s,4.21 kp/s,0 p/s,0 p/s,5.59 kp/s,2.17 kp/s,73.5 p/s,0 p/s,0 p/s,0 p/s,0 p/s,0 p/s,36.7 p/s,0 p/s,0 p/s,3.90 kp/s,12.0 kp/s,921 p/s,0 p/s,0 p/s,1.24 kp/s,3.49 kp/s,659 p/s,0 p/s
2026-08-20 18:31:40,0 p/s,0 p/s,0 p/s,0 p/s,62.5 p/s,0 p/s,0 p/s,10.9 kp/s,6.92 kp/s,4.11 kp/s,0 p/s,0 p/s,5.45 kp/s,2.12 kp/s,71.6 p/s,0 p/s,0 p/s,0 p/s,0 p/s,0 p/s,36.7 p/s,0 p/s,0 p/s,3.88 kp/s,12.0 kp/s,918 p/s,0 p/s,0 p/s,1.23 kp/s,3.47 kp/s,657 p/s,0 p/s
2026-08-20 18:32:00,0 p/s,0 p/s,0 p/s,0 p/s,63.1 p/s,0 p/s,0 p/s,11.0 kp/s,7.00 kp/s,4.14 kp/s,0 p/s,0 p/s,5.50 kp/s,2.13 kp/s,70.8 p/s,0 p/s,0 p/s,0 p/s,0 p/s,0 p/s,36.8 p/s,0 p/s,0 p/s,3.89 kp/s,12.0 kp/s,919 p/s,0 p/s,0 p/s,1.24 kp/s,3.49 kp/s,657 p/s,0 p/s
2026-08-20 18:32:20,0 p/s,0 p/s,0 p/s,0 p/s,64 p/s,0 p/s,0 p/s,11.1 kp/s,7.07 kp/s,4.15 kp/s,0 p/s,0 p/s,5.55 kp/s,2.15 kp/s,72.9 p/s,0 p/s,0 p/s,0 p/s,0 p/s,0 p/s,37.2 p/s,0 p/s,0 p/s,3.95 kp/s,12.2 kp/s,932 p/s,0 p/s,0 p/s,1.25 kp/s,3.54 kp/s,669 p/s,0 p/s
2026-08-20 18:32:40,0 p/s,0 p/s,0 p/s,0 p/s,63.3 p/s,0 p/s,0 p/s,11.0 kp/s,7.03 kp/s,4.14 kp/s,0 p/s,0 p/s,5.51 kp/s,2.14 kp/s,71.9 p/s,0 p/s,0 p/s,0 p/s,0 p/s,0 p/s,36.8 p/s,0 p/s,0 p/s,3.90 kp/s,12.0 kp/s,924 p/s,0 p/s,0 p/s,1.24 kp/s,3.49 kp/s,661 p/s,0 p/s
2026-08-20 18:33:00,0 p/s,0 p/s,0 p/s,0 p/s,64 p/s,0 p/s,0 p/s,11.2 kp/s,7.16 kp/s,4.18 kp/s,0 p/s,0 p/s,5.62 kp/s,2.18 kp/s,73.2 p/s,0 p/s,0 p/s,0 p/s,0 p/s,0 p/s,36.3 p/s,0 p/s,0 p/s,3.89 kp/s,12.0 kp/s,917 p/s,0 p/s,0 p/s,1.23 kp/s,3.48 kp/s,661 p/s,0 p/s
2026-08-20 18:33:20,0 p/s,0 p/s,0 p/s,0 p/s,63.9 p/s,0 p/s,0 p/s,11.1 kp/s,6.99 kp/s,4.19 kp/s,0 p/s,0 p/s,5.54 kp/s,2.15 kp/s,72 p/s,0 p/s,0 p/s,0 p/s,0 p/s,0 p/s,37.2 p/s,0 p/s,0 p/s,3.92 kp/s,12.1 kp/s,926 p/s,0 p/s,0 p/s,1.25 kp/s,3.51 kp/s,667 p/s,0 p/s
2026-08-20 18:33:40,0 p/s,0 p/s,0 p/s,0 p/s,63.7 p/s,0 p/s,0 p/s,11.1 kp/s,7.06 kp/s,4.17 kp/s,0 p/s,0 p/s,5.55 kp/s,2.15 kp/s,71.7 p/s,0 p/s,0 p/s,0 p/s,0 p/s,0 p/s,37.1 p/s,0 p/s,0 p/s,3.91 kp/s,12.0 kp/s,926 p/s,0 p/s,0 p/s,1.24 kp/s,3.50 kp/s,660 p/s,0 p/s
2026-08-20 18:34:00,0 p/s,0 p/s,0 p/s,0 p/s,63.6 p/s,0 p/s,0 p/s,11.1 kp/s,7.02 kp/s,4.18 kp/s,0 p/s,0 p/s,5.54 kp/s,2.15 kp/s,71.7 p/s,0 p/s,0 p/s,0 p/s,0 p/s,0 p/s,36.7 p/s,0 p/s,0 p/s,3.90 kp/s,12.0 kp/s,922 p/s,0 p/s,0 p/s,1.24 kp/s,3.50 kp/s,664 p/s,0 p/s
2026-08-20 18:34:20,0 p/s,0 p/s,0 p/s,0 p/s,64.1 p/s,0 p/s,0 p/s,11.1 kp/s,7.06 kp/s,4.17 kp/s,0 p/s,0 p/s,5.54 kp/s,2.15 kp/s,72.4 p/s,0 p/s,0 p/s,0 p/s,0 p/s,0 p/s,36.8 p/s,0 p/s,0 p/s,3.89 kp/s,12.0 kp/s,919 p/s,0 p/s,0 p/s,1.24 kp/s,3.48 kp/s,662 p/s,0 p/s
2026-08-20 18:34:40,0 p/s,0 p/s,0 p/s,0 p/s,64.1 p/s,0 p/s,0 p/s,11.1 kp/s,7.10 kp/s,4.16 kp/s,0 p/s,0 p/s,5.56 kp/s,2.16 kp/s,73.3 p/s,0 p/s,0 p/s,0 p/s,0 p/s,0 p/s,36.4 p/s,0 p/s,0 p/s,3.85 kp/s,11.9 kp/s,910 p/s,0 p/s,0 p/s,1.22 kp/s,3.45 kp/s,657 p/s,0 p/s
2026-08-20 18:35:00,0 p/s,0 p/s,0 p/s,0 p/s,64.8 p/s,0 p/s,0 p/s,11.1 kp/s,7.07 kp/s,4.20 kp/s,0 p/s,0 p/s,5.58 kp/s,2.16 kp/s,72.4 p/s,0 p/s,0 p/s,0 p/s,0 p/s,0 p/s,37.2 p/s,0 p/s,0 p/s,3.89 kp/s,12.0 kp/s,920 p/s,0 p/s,0 p/s,1.24 kp/s,3.49 kp/s,663 p/s,0 p/s
2026-08-20 18:35:20,0 p/s,0 p/s,0 p/s,0 p/s,62.8 p/s,0 p/s,0 p/s,10.9 kp/s,6.88 kp/s,4.15 kp/s,0 p/s,0 p/s,5.45 kp/s,2.11 kp/s,71.1 p/s,0 p/s,0 p/s,0 p/s,0 p/s,0 p/s,168 p/s,0 p/s,0 p/s,5.91 kp/s,13.2 kp/s,1.65 kp/s,0 p/s,0 p/s,2.68 kp/s,3.52 kp/s,719 p/s,0 p/s
2026-08-20 18:35:40,0 p/s,0 p/s,0 p/s,0 p/s,63.6 p/s,0 p/s,0 p/s,10.8 kp/s,6.83 kp/s,4.12 kp/s,0 p/s,0 p/s,5.38 kp/s,2.11 kp/s,69.3 p/s,0 p/s,0 p/s,0 p/s,0 p/s,0 p/s,203 p/s,0 p/s,0 p/s,10.1 kp/s,14.5 kp/s,3.34 kp/s,0 p/s,0 p/s,6.68 kp/s,3.20 kp/s,727 p/s,0 p/s
2026-08-20 18:36:00,0 p/s,0 p/s,0 p/s,0 p/s,61.5 p/s,0 p/s,0 p/s,10.7 kp/s,6.77 kp/s,4.07 kp/s,0 p/s,0 p/s,5.32 kp/s,2.07 kp/s,68.8 p/s,0 p/s,0 p/s,0 p/s,0 p/s,0 p/s,186 p/s,0 p/s,0 p/s,13.1 kp/s,15.4 kp/s,4.97 kp/s,0 p/s,0 p/s,9.99 kp/s,2.87 kp/s,667 p/s,0 p/s
2026-08-20 18:36:20,0 p/s,0 p/s,0 p/s,0 p/s,61.2 p/s,0 p/s,0 p/s,10.4 kp/s,6.54 kp/s,3.98 kp/s,0 p/s,0 p/s,5.16 kp/s,2.02 kp/s,65.9 p/s,0 p/s,0 p/s,0 p/s,0 p/s,0 p/s,165 p/s,0 p/s,0 p/s,18.9 kp/s,18.1 kp/s,7.16 kp/s,0 p/s,0 p/s,16.4 kp/s,2.53 kp/s,620 p/s,0 p/s
2026-08-20 18:36:40,0 p/s,0 p/s,0 p/s,0 p/s,61.5 p/s,0 p/s,0 p/s,10.4 kp/s,6.57 kp/s,3.99 kp/s,0 p/s,0 p/s,5.17 kp/s,2.03 kp/s,65.5 p/s,0 p/s,0 p/s,0 p/s,0 p/s,0 p/s,158 p/s,0 p/s,0 p/s,21.3 kp/s,19.4 kp/s,8.01 kp/s,0 p/s,0 p/s,18.9 kp/s,2.40 kp/s,593 p/s,0 p/s
2026-08-20 18:37:00,0 p/s,0 p/s,0 p/s,0 p/s,61.9 p/s,0 p/s,0 p/s,10.3 kp/s,6.51 kp/s,3.95 kp/s,0 p/s,0 p/s,5.11 kp/s,2.00 kp/s,64.9 p/s,0 p/s,0 p/s,0 p/s,0 p/s,0 p/s,147 p/s,0 p/s,0 p/s,23.3 kp/s,20.3 kp/s,8.91 kp/s,0 p/s,0 p/s,21.2 kp/s,2.29 kp/s,559 p/s,0 p/s
2026-08-20 18:37:20,0 p/s,0 p/s,0 p/s,0 p/s,61.1 p/s,0 p/s,0 p/s,10.2 kp/s,6.45 kp/s,3.94 kp/s,0 p/s,0 p/s,5.12 kp/s,2.00 kp/s,65.5 p/s,0 p/s,0 p/s,0 p/s,0 p/s,0 p/s,143 p/s,0 p/s,0 p/s,23.6 kp/s,20.3 kp/s,9.14 kp/s,0 p/s,0 p/s,21.9 kp/s,2.22 kp/s,537 p/s,0 p/s
2026-08-20 18:37:40,0 p/s,0 p/s,0 p/s,0 p/s,61.5 p/s,0 p/s,0 p/s,10.3 kp/s,6.53 kp/s,3.96 kp/s,0 p/s,0 p/s,5.15 kp/s,2.01 kp/s,64.8 p/s,0 p/s,0 p/s,0 p/s,0 p/s,0 p/s,146 p/s,0 p/s,0 p/s,24.0 kp/s,20.6 kp/s,9.28 kp/s,0 p/s,0 p/s,22.2 kp/s,2.26 kp/s,549 p/s,0 p/s
2026-08-20 18:38:00,0 p/s,0 p/s,0 p/s,0 p/s,60.9 p/s,0 p/s,0 p/s,10.2 kp/s,6.45 kp/s,3.92 kp/s,0 p/s,0 p/s,5.10 kp/s,2.00 kp/s,65.5 p/s,0 p/s,0 p/s,0 p/s,0 p/s,0 p/s,145 p/s,0 p/s,0 p/s,23.8 kp/s,20.4 kp/s,9.20 kp/s,0 p/s,0 p/s,22.0 kp/s,2.23 kp/s,541 p/s,0 p/s
2026-08-20 18:38:20,0 p/s,0 p/s,0 p/s,0 p/s,61.9 p/s,0 p/s,0 p/s,10.7 kp/s,6.73 kp/s,4.06 kp/s,0 p/s,0 p/s,5.34 kp/s,2.07 kp/s,68.1 p/s,0 p/s,0 p/s,0 p/s,0 p/s,0 p/s,153 p/s,0 p/s,0 p/s,25.1 kp/s,21.5 kp/s,9.71 kp/s,0 p/s,0 p/s,23.2 kp/s,2.36 kp/s,566 p/s,0 p/s
2026-08-20 18:38:40,0 p/s,0 p/s,0 p/s,0 p/s,62.3 p/s,0 p/s,0 p/s,10.6 kp/s,6.66 kp/s,4.05 kp/s,0 p/s,0 p/s,5.26 kp/s,2.06 kp/s,67.1 p/s,0 p/s,0 p/s,0 p/s,0 p/s,0 p/s,149 p/s,0 p/s,0 p/s,24.4 kp/s,20.9 kp/s,9.43 kp/s,0 p/s,0 p/s,22.6 kp/s,2.30 kp/s,553 p/s,0 p/s
2026-08-20 18:39:00,0 p/s,0 p/s,0 p/s,0 p/s,62.1 p/s,0 p/s,0 p/s,10.4 kp/s,6.59 kp/s,4.01 kp/s,0 p/s,0 p/s,5.19 kp/s,2.03 kp/s,66.4 p/s,0 p/s,0 p/s,0 p/s,0 p/s,0 p/s,146 p/s,0 p/s,0 p/s,24.1 kp/s,20.7 kp/s,9.33 kp/s,0 p/s,0 p/s,22.3 kp/s,2.27 kp/s,546 p/s,0 p/s
2026-08-20 18:39:20,0 p/s,0 p/s,0 p/s,0 p/s,59.7 p/s,0 p/s,0 p/s,10.3 kp/s,6.50 kp/s,3.95 kp/s,0 p/s,0 p/s,5.14 kp/s,2.00 kp/s,65.3 p/s,0 p/s,0 p/s,0 p/s,0 p/s,0 p/s,143 p/s,0 p/s,0 p/s,23.4 kp/s,20.1 kp/s,9.07 kp/s,0 p/s,0 p/s,21.7 kp/s,2.21 kp/s,530 p/s,0 p/s
2026-08-20 18:39:40,0 p/s,0 p/s,0 p/s,0 p/s,59.9 p/s,0 p/s,0 p/s,10.2 kp/s,6.43 kp/s,3.90 kp/s,0 p/s,0 p/s,5.08 kp/s,1.98 kp/s,64.4 p/s,0 p/s,0 p/s,0 p/s,0 p/s,0 p/s,145 p/s,0 p/s,0 p/s,24.1 kp/s,20.7 kp/s,9.32 kp/s,0 p/s,0 p/s,22.3 kp/s,2.27 kp/s,546 p/s,0 p/s
2026-08-20 18:40:00,0 p/s,0 p/s,0 p/s,0 p/s,60.7 p/s,0 p/s,0 p/s,10.4 kp/s,6.55 kp/s,3.99 kp/s,0 p/s,0 p/s,5.19 kp/s,2.02 kp/s,65.6 p/s,0 p/s,0 p/s,0 p/s,0 p/s,0 p/s,146 p/s,0 p/s,0 p/s,23.7 kp/s,20.3 kp/s,9.15 kp/s,0 p/s,0 p/s,21.9 kp/s,2.22 kp/s,532 p/s,0 p/s
2026-08-20 18:40:20,0 p/s,0 p/s,0 p/s,0 p/s,60.1 p/s,0 p/s,0 p/s,10.2 kp/s,6.47 kp/s,3.89 kp/s,0 p/s,0 p/s,5.11 kp/s,1.98 kp/s,65.9 p/s,0 p/s,0 p/s,0 p/s,0 p/s,0 p/s,145 p/s,0 p/s,0 p/s,23.9 kp/s,20.5 kp/s,9.26 kp/s,0 p/s,0 p/s,22.2 kp/s,2.25 kp/s,543 p/s,0 p/s
2026-08-20 18:40:40,0 p/s,0 p/s,0 p/s,0 p/s,59.1 p/s,0 p/s,0 p/s,10.1 kp/s,6.37 kp/s,3.89 kp/s,0 p/s,0 p/s,5.06 kp/s,1.97 kp/s,65.3 p/s,0 p/s,0 p/s,0 p/s,0 p/s,0 p/s,146 p/s,0 p/s,0 p/s,24.0 kp/s,20.6 kp/s,9.29 kp/s,0 p/s,0 p/s,22.2 kp/s,2.26 kp/s,545 p/s,0 p/s
2026-08-20 18:41:00,0 p/s,0 p/s,0 p/s,0 p/s,60.1 p/s,0 p/s,0 p/s,10.2 kp/s,6.49 kp/s,3.93 kp/s,0 p/s,0 p/s,5.12 kp/s,2.00 kp/s,64.5 p/s,0 p/s,0 p/s,0 p/s,0 p/s,0 p/s,146 p/s,0 p/s,0 p/s,23.9 kp/s,20.5 kp/s,9.26 kp/s,0 p/s,0 p/s,22.2 kp/s,2.25 kp/s,539 p/s,0 p/s
2026-08-20 18:41:20,0 p/s,0 p/s,0 p/s,0 p/s,60.9 p/s,0 p/s,0 p/s,10.4 kp/s,6.57 kp/s,3.99 kp/s,0 p/s,0 p/s,5.19 kp/s,2.03 kp/s,65.3 p/s,0 p/s,0 p/s,0 p/s,0 p/s,0 p/s,147 p/s,0 p/s,0 p/s,24.0 kp/s,20.6 kp/s,9.28 kp/s,0 p/s,0 p/s,22.2 kp/s,2.26 kp/s,542 p/s,0 p/s
2026-08-20 18:41:40,0 p/s,0 p/s,0 p/s,0 p/s,60.1 p/s,0 p/s,0 p/s,10.3 kp/s,6.50 kp/s,3.96 kp/s,0 p/s,0 p/s,5.17 kp/s,2.01 kp/s,65.9 p/s,0 p/s,0 p/s,0 p/s,0 p/s,0 p/s,144 p/s,0 p/s,0 p/s,23.6 kp/s,20.3 kp/s,9.15 kp/s,0 p/s,0 p/s,21.9 kp/s,2.22 kp/s,534 p/s,0 p/s
2026-08-20 18:42:00,0 p/s,0 p/s,0 p/s,0 p/s,59.6 p/s,0 p/s,0 p/s,10.2 kp/s,6.47 kp/s,3.92 kp/s,0 p/s,0 p/s,5.12 kp/s,1.99 kp/s,65.6 p/s,0 p/s,0 p/s,0 p/s,0 p/s,0 p/s,148 p/s,0 p/s,0 p/s,24.2 kp/s,20.8 kp/s,9.38 kp/s,0 p/s,0 p/s,22.5 kp/s,2.28 kp/s,549 p/s,0 p/s
2026-08-20 18:42:20,0 p/s,0 p/s,0 p/s,0 p/s,60.1 p/s,0 p/s,0 p/s,10.3 kp/s,6.49 kp/s,3.98 kp/s,0 p/s,0 p/s,5.16 kp/s,2.02 kp/s,64.4 p/s,0 p/s,0 p/s,0 p/s,0 p/s,0 p/s,146 p/s,0 p/s,0 p/s,23.6 kp/s,20.2 kp/s,9.13 kp/s,0 p/s,0 p/s,21.9 kp/s,2.22 kp/s,532 p/s,0 p/s
2026-08-20 18:42:40,0 p/s,0 p/s,0 p/s,0 p/s,60.3 p/s,0 p/s,0 p/s,10.2 kp/s,6.47 kp/s,3.92 kp/s,0 p/s,0 p/s,5.12 kp/s,2.00 kp/s,66 p/s,0 p/s,0 p/s,0 p/s,0 p/s,0 p/s,149 p/s,0 p/s,0 p/s,24.3 kp/s,20.8 kp/s,9.40 kp/s,0 p/s,0 p/s,22.5 kp/s,2.28 kp/s,549 p/s,0 p/s
2026-08-20 18:43:00,0 p/s,0 p/s,0 p/s,0 p/s,58.7 p/s,0 p/s,0 p/s,10.2 kp/s,6.44 kp/s,3.90 kp/s,0 p/s,0 p/s,5.08 kp/s,1.98 kp/s,64.3 p/s,0 p/s,0 p/s,0 p/s,0 p/s,0 p/s,147 p/s,0 p/s,0 p/s,23.8 kp/s,20.4 kp/s,9.19 kp/s,0 p/s,0 p/s,22.0 kp/s,2.24 kp/s,537 p/s,0 p/s
2026-08-20 18:43:20,0 p/s,0 p/s,0 p/s,0 p/s,60.4 p/s,0 p/s,0 p/s,10.2 kp/s,6.44 kp/s,3.91 kp/s,0 p/s,0 p/s,5.08 kp/s,1.98 kp/s,63.9 p/s,0 p/s,0 p/s,0 p/s,0 p/s,0 p/s,145 p/s,0 p/s,0 p/s,23.7 kp/s,20.3 kp/s,9.15 kp/s,0 p/s,0 p/s,21.9 kp/s,2.22 kp/s,534 p/s,0 p/s
2026-08-20 18:43:40,0 p/s,0 p/s,0 p/s,0 p/s,60.4 p/s,0 p/s,0 p/s,10.3 kp/s,6.48 kp/s,3.95 kp/s,0 p/s,0 p/s,5.13 kp/s,2.00 kp/s,65.7 p/s,0 p/s,0 p/s,0 p/s,0 p/s,0 p/s,148 p/s,0 p/s,0 p/s,24.0 kp/s,20.6 kp/s,9.28 kp/s,0 p/s,0 p/s,22.2 kp/s,2.26 kp/s,543 p/s,0 p/s
2026-08-20 18:44:00,0 p/s,0 p/s,0 p/s,0 p/s,60 p/s,0 p/s,0 p/s,10.3 kp/s,6.51 kp/s,3.94 kp/s,0 p/s,0 p/s,5.16 kp/s,2.01 kp/s,66 p/s,0 p/s,0 p/s,0 p/s,0 p/s,0 p/s,147 p/s,0 p/s,0 p/s,24.0 kp/s,20.6 kp/s,9.29 kp/s,0 p/s,0 p/s,22.3 kp/s,2.26 kp/s,543 p/s,0 p/s
2026-08-20 18:44:20,0 p/s,0 p/s,0 p/s,0 p/s,59.5 p/s,0 p/s,0 p/s,10.2 kp/s,6.42 kp/s,3.89 kp/s,0 p/s,0 p/s,5.07 kp/s,1.99 kp/s,64.4 p/s,0 p/s,0 p/s,0 p/s,0 p/s,0 p/s,147 p/s,0 p/s,0 p/s,23.6 kp/s,20.2 kp/s,9.14 kp/s,0 p/s,0 p/s,21.9 kp/s,2.22 kp/s,531 p/s,0 p/s
2026-08-20 18:44:40,0 p/s,0 p/s,0 p/s,0 p/s,58.7 p/s,0 p/s,0 p/s,10.2 kp/s,6.41 kp/s,3.95 kp/s,0 p/s,0 p/s,5.10 kp/s,1.99 kp/s,64.1 p/s,0 p/s,0 p/s,0 p/s,0 p/s,0 p/s,147 p/s,0 p/s,0 p/s,23.5 kp/s,20.2 kp/s,9.12 kp/s,0 p/s,0 p/s,21.8 kp/s,2.22 kp/s,529 p/s,0 p/s
2026-08-20 18:45:00,0 p/s,0 p/s,0 p/s,0 p/s,60.1 p/s,0 p/s,0 p/s,10.3 kp/s,6.49 kp/s,3.94 kp/s,0 p/s,0 p/s,5.13 kp/s,2.00 kp/s,66 p/s,0 p/s,0 p/s,0 p/s,0 p/s,0 p/s,141 p/s,0 p/s,0 p/s,23.4 kp/s,20.1 kp/s,9.07 kp/s,0 p/s,0 p/s,21.7 kp/s,2.20 kp/s,531 p/s,0 p/s
2026-08-20 18:45:20,0 p/s,0 p/s,0 p/s,0 p/s,60.5 p/s,0 p/s,0 p/s,10.3 kp/s,6.48 kp/s,3.96 kp/s,0 p/s,0 p/s,5.14 kp/s,2.00 kp/s,65.5 p/s,0 p/s,0 p/s,0 p/s,0 p/s,0 p/s,192 p/s,0 p/s,0 p/s,23.7 kp/s,20.3 kp/s,9.18 kp/s,0 p/s,0 p/s,21.8 kp/s,2.25 kp/s,531 p/s,0 p/s
2026-08-20 18:45:40,0 p/s,0 p/s,0 p/s,0 p/s,59.9 p/s,0 p/s,0 p/s,10.2 kp/s,6.43 kp/s,3.92 kp/s,0 p/s,0 p/s,5.09 kp/s,1.99 kp/s,65.1 p/s,0 p/s,0 p/s,0 p/s,0 p/s,0 p/s,302 p/s,0 p/s,0 p/s,25.5 kp/s,20.6 kp/s,10.3 kp/s,0 p/s,0 p/s,22.7 kp/s,2.85 kp/s,541 p/s,0 p/s
2026-08-20 18:46:00,0 p/s,0 p/s,0 p/s,0 p/s,60.1 p/s,0 p/s,0 p/s,10.2 kp/s,6.38 kp/s,3.94 kp/s,0 p/s,0 p/s,5.08 kp/s,1.99 kp/s,63.1 p/s,0 p/s,0 p/s,0 p/s,0 p/s,0 p/s,338 p/s,0 p/s,0 p/s,27.1 kp/s,20.6 kp/s,11.7 kp/s,0 p/s,0 p/s,23.3 kp/s,3.72 kp/s,614 p/s,0 p/s
2026-08-20 18:46:20,0 p/s,0 p/s,0 p/s,0 p/s,59.1 p/s,0 p/s,0 p/s,10.1 kp/s,6.33 kp/s,3.89 kp/s,0 p/s,0 p/s,5.03 kp/s,1.97 kp/s,63.6 p/s,0 p/s,0 p/s,0 p/s,0 p/s,0 p/s,500 p/s,0 p/s,0 p/s,29.9 kp/s,20.7 kp/s,14.1 kp/s,0 p/s,0 p/s,24.4 kp/s,5.32 kp/s,901 p/s,0 p/s
2026-08-20 18:46:40,0 p/s,0 p/s,0 p/s,0 p/s,59.2 p/s,0 p/s,0 p/s,10.0 kp/s,6.31 kp/s,3.89 kp/s,0 p/s,0 p/s,5.00 kp/s,1.96 kp/s,62.9 p/s,0 p/s,0 p/s,0 p/s,0 p/s,0 p/s,667 p/s,0 p/s,0 p/s,30.2 kp/s,20.2 kp/s,14.8 kp/s,0 p/s,0 p/s,24.0 kp/s,5.93 kp/s,1.07 kp/s,0 p/s
2026-08-20 18:47:00,0 p/s,0 p/s,0 p/s,0 p/s,59.1 p/s,0 p/s,0 p/s,9.95 kp/s,6.23 kp/s,3.87 kp/s,0 p/s,0 p/s,4.94 kp/s,1.94 kp/s,62.7 p/s,0 p/s,0 p/s,0 p/s,0 p/s,0 p/s,719 p/s,0 p/s,0 p/s,30.4 kp/s,19.9 kp/s,15.2 kp/s,0 p/s,0 p/s,23.8 kp/s,6.42 kp/s,1.10 kp/s,0 p/s
2026-08-20 18:47:20,0 p/s,0 p/s,0 p/s,0 p/s,59.2 p/s,0 p/s,0 p/s,10.1 kp/s,6.33 kp/s,3.88 kp/s,0 p/s,0 p/s,5.02 kp/s,1.96 kp/s,63.3 p/s,0 p/s,0 p/s,0 p/s,0 p/s,0 p/s,728 p/s,0 p/s,0 p/s,30.5 kp/s,19.6 kp/s,15.6 kp/s,0 p/s,0 p/s,23.9 kp/s,6.82 kp/s,1.13 kp/s,0 p/s
2026-08-20 18:47:40,0 p/s,0 p/s,0 p/s,0 p/s,59.3 p/s,0 p/s,0 p/s,9.96 kp/s,6.21 kp/s,3.89 kp/s,0 p/s,0 p/s,4.97 kp/s,1.95 kp/s,62.8 p/s,0 p/s,0 p/s,0 p/s,0 p/s,0 p/s,737 p/s,0 p/s,0 p/s,31.0 kp/s,19.8 kp/s,15.9 kp/s,0 p/s,0 p/s,24.3 kp/s,6.92 kp/s,1.14 kp/s,0 p/s
2026-08-20 18:48:00,0 p/s,0 p/s,0 p/s,0 p/s,58.8 p/s,0 p/s,0 p/s,9.97 kp/s,6.26 kp/s,3.83 kp/s,0 p/s,0 p/s,4.99 kp/s,1.95 kp/s,62.7 p/s,0 p/s,0 p/s,0 p/s,0 p/s,0 p/s,723 p/s,0 p/s,0 p/s,30.4 kp/s,19.4 kp/s,15.6 kp/s,0 p/s,0 p/s,23.8 kp/s,6.79 kp/s,1.12 kp/s,0 p/s
2026-08-20 18:48:20,0 p/s,0 p/s,0 p/s,0 p/s,59.1 p/s,0 p/s,0 p/s,9.99 kp/s,6.26 kp/s,3.87 kp/s,0 p/s,0 p/s,4.97 kp/s,1.95 kp/s,62.4 p/s,0 p/s,0 p/s,0 p/s,0 p/s,0 p/s,726 p/s,0 p/s,0 p/s,30.5 kp/s,19.5 kp/s,15.6 kp/s,0 p/s,0 p/s,23.9 kp/s,6.82 kp/s,1.12 kp/s,0 p/s
2026-08-20 18:48:40,0 p/s,0 p/s,0 p/s,0 p/s,58.5 p/s,0 p/s,0 p/s,9.95 kp/s,6.27 kp/s,3.81 kp/s,0 p/s,0 p/s,4.97 kp/s,1.94 kp/s,62.7 p/s,0 p/s,0 p/s,0 p/s,0 p/s,0 p/s,723 p/s,0 p/s,0 p/s,30.3 kp/s,19.4 kp/s,15.5 kp/s,0 p/s,0 p/s,23.8 kp/s,6.78 kp/s,1.12 kp/s,0 p/s
2026-08-20 18:49:00,0 p/s,0 p/s,0 p/s,0 p/s,59.3 p/s,0 p/s,0 p/s,10.1 kp/s,6.30 kp/s,3.90 kp/s,0 p/s,0 p/s,5.01 kp/s,1.96 kp/s,63.1 p/s,0 p/s,0 p/s,0 p/s,0 p/s,0 p/s,725 p/s,0 p/s,0 p/s,30.6 kp/s,19.5 kp/s,15.6 kp/s,0 p/s,0 p/s,23.9 kp/s,6.82 kp/s,1.13 kp/s,0 p/s
2026-08-20 18:49:20,0 p/s,0 p/s,0 p/s,0 p/s,58 p/s,0 p/s,0 p/s,9.93 kp/s,6.24 kp/s,3.84 kp/s,0 p/s,0 p/s,4.96 kp/s,1.93 kp/s,62.7 p/s,0 p/s,0 p/s,0 p/s,0 p/s,0 p/s,733 p/s,0 p/s,0 p/s,30.7 kp/s,19.7 kp/s,15.7 kp/s,0 p/s,0 p/s,24.1 kp/s,6.86 kp/s,1.14 kp/s,0 p/s
2026-08-20 18:49:40,0 p/s,0 p/s,0 p/s,0 p/s,58.7 p/s,0 p/s,0 p/s,10.0 kp/s,6.30 kp/s,3.85 kp/s,0 p/s,0 p/s,5.02 kp/s,1.96 kp/s,63.5 p/s,0 p/s,0 p/s,0 p/s,0 p/s,0 p/s,729 p/s,0 p/s,0 p/s,30.6 kp/s,19.6 kp/s,15.7 kp/s,0 p/s,0 p/s,24.0 kp/s,6.83 kp/s,1.12 kp/s,0 p/s
2026-08-20 18:50:00,0 p/s,0 p/s,0 p/s,0 p/s,58.3 p/s,0 p/s,0 p/s,9.99 kp/s,6.26 kp/s,3.86 kp/s,0 p/s,0 p/s,4.97 kp/s,1.94 kp/s,62.5 p/s,0 p/s,0 p/s,0 p/s,0 p/s,0 p/s,717 p/s,0 p/s,0 p/s,30.1 kp/s,19.3 kp/s,15.4 kp/s,0 p/s,0 p/s,23.6 kp/s,6.73 kp/s,1.11 kp/s,0 p/s
2026-08-20 18:50:20,0 p/s,0 p/s,0 p/s,0 p/s,59.1 p/s,0 p/s,0 p/s,9.95 kp/s,6.20 kp/s,3.87 kp/s,0 p/s,0 p/s,4.97 kp/s,1.95 kp/s,62.8 p/s,0 p/s,0 p/s,0 p/s,0 p/s,0 p/s,723 p/s,0 p/s,0 p/s,30.3 kp/s,19.4 kp/s,15.5 kp/s,0 p/s,0 p/s,23.8 kp/s,6.76 kp/s,1.12 kp/s,0 p/s
2026-08-20 18:50:40,0 p/s,0 p/s,0 p/s,0 p/s,58.3 p/s,0 p/s,0 p/s,10.0 kp/s,6.29 kp/s,3.88 kp/s,0 p/s,0 p/s,5.00 kp/s,1.96 kp/s,62.9 p/s,0 p/s,0 p/s,0 p/s,0 p/s,0 p/s,720 p/s,0 p/s,0 p/s,30.3 kp/s,19.4 kp/s,15.5 kp/s,0 p/s,0 p/s,23.7 kp/s,6.76 kp/s,1.11 kp/s,0 p/s
2026-08-20 18:51:00,0 p/s,0 p/s,0 p/s,0 p/s,58.8 p/s,0 p/s,0 p/s,9.97 kp/s,6.30 kp/s,3.84 kp/s,0 p/s,0 p/s,4.99 kp/s,1.94 kp/s,63.5 p/s,0 p/s,0 p/s,0 p/s,0 p/s,0 p/s,731 p/s,0 p/s,0 p/s,30.7 kp/s,19.7 kp/s,15.7 kp/s,0 p/s,0 p/s,24.1 kp/s,6.87 kp/s,1.13 kp/s,0 p/s
2026-08-20 18:51:20,0 p/s,0 p/s,0 p/s,0 p/s,59.2 p/s,0 p/s,0 p/s,9.89 kp/s,6.21 kp/s,3.84 kp/s,0 p/s,0 p/s,4.93 kp/s,1.93 kp/s,62.3 p/s,0 p/s,0 p/s,0 p/s,0 p/s,0 p/s,724 p/s,0 p/s,0 p/s,30.5 kp/s,19.5 kp/s,15.6 kp/s,0 p/s,0 p/s,23.9 kp/s,6.80 kp/s,1.12 kp/s,0 p/s
2026-08-20 18:51:40,0 p/s,0 p/s,0 p/s,0 p/s,58.9 p/s,0 p/s,0 p/s,10.0 kp/s,6.29 kp/s,3.85 kp/s,0 p/s,0 p/s,5.00 kp/s,1.95 kp/s,62.8 p/s,0 p/s,0 p/s,0 p/s,0 p/s,0 p/s,722 p/s,0 p/s,0 p/s,30.2 kp/s,19.3 kp/s,15.5 kp/s,0 p/s,0 p/s,23.7 kp/s,6.75 kp/s,1.11 kp/s,0 p/s
2026-08-20 18:52:00,0 p/s,0 p/s,0 p/s,0 p/s,58.5 p/s,0 p/s,0 p/s,9.95 kp/s,6.27 kp/s,3.86 kp/s,0 p/s,0 p/s,4.97 kp/s,1.94 kp/s,63.5 p/s,0 p/s,0 p/s,0 p/s,0 p/s,0 p/s,724 p/s,0 p/s,0 p/s,30.4 kp/s,19.4 kp/s,15.6 kp/s,0 p/s,0 p/s,23.8 kp/s,6.79 kp/s,1.12 kp/s,0 p/s
2026-08-20 18:52:20,0 p/s,0 p/s,0 p/s,0 p/s,59.6 p/s,0 p/s,0 p/s,10.1 kp/s,6.33 kp/s,3.88 kp/s,0 p/s,0 p/s,5.03 kp/s,1.96 kp/s,64.3 p/s,0 p/s,0 p/s,0 p/s,0 p/s,0 p/s,726 p/s,0 p/s,0 p/s,30.5 kp/s,19.5 kp/s,15.6 kp/s,0 p/s,0 p/s,23.9 kp/s,6.82 kp/s,1.13 kp/s,0 p/s
2026-08-20 18:52:40,0 p/s,0 p/s,0 p/s,0 p/s,58.8 p/s,0 p/s,0 p/s,9.98 kp/s,6.26 kp/s,3.87 kp/s,0 p/s,0 p/s,4.97 kp/s,1.95 kp/s,62.4 p/s,0 p/s,0 p/s,0 p/s,0 p/s,0 p/s,754 p/s,0 p/s,0 p/s,31.6 kp/s,20.2 kp/s,16.2 kp/s,0 p/s,0 p/s,24.8 kp/s,7.06 kp/s,1.16 kp/s,0 p/s
2026-08-20 18:53:00,0 p/s,0 p/s,0 p/s,0 p/s,59.1 p/s,0 p/s,0 p/s,9.99 kp/s,6.24 kp/s,3.87 kp/s,0 p/s,0 p/s,4.98 kp/s,1.95 kp/s,62.7 p/s,0 p/s,0 p/s,0 p/s,0 p/s,0 p/s,721 p/s,0 p/s,0 p/s,30.5 kp/s,19.5 kp/s,15.6 kp/s,0 p/s,0 p/s,23.9 kp/s,6.80 kp/s,1.12 kp/s,0 p/s
2026-08-20 18:53:20,0 p/s,0 p/s,0 p/s,0 p/s,58.9 p/s,0 p/s,0 p/s,10.0 kp/s,6.29 kp/s,3.87 kp/s,0 p/s,0 p/s,5.00 kp/s,1.96 kp/s,63.2 p/s,0 p/s,0 p/s,0 p/s,0 p/s,0 p/s,728 p/s,0 p/s,0 p/s,30.6 kp/s,19.6 kp/s,15.7 kp/s,0 p/s,0 p/s,24.0 kp/s,6.83 kp/s,1.13 kp/s,0 p/s
2026-08-20 18:53:40,0 p/s,0 p/s,0 p/s,0 p/s,58.7 p/s,0 p/s,0 p/s,9.97 kp/s,6.24 kp/s,3.86 kp/s,0 p/s,0 p/s,4.99 kp/s,1.95 kp/s,62.4 p/s,0 p/s,0 p/s,0 p/s,0 p/s,0 p/s,723 p/s,0 p/s,0 p/s,30.4 kp/s,19.5 kp/s,15.6 kp/s,0 p/s,0 p/s,23.8 kp/s,6.79 kp/s,1.12 kp/s,0 p/s
2026-08-20 18:54:00,0 p/s,0 p/s,0 p/s,0 p/s,58.1 p/s,0 p/s,0 p/s,9.95 kp/s,6.27 kp/s,3.86 kp/s,0 p/s,0 p/s,4.95 kp/s,1.94 kp/s,62.3 p/s,0 p/s,0 p/s,0 p/s,0 p/s,0 p/s,722 p/s,0 p/s,0 p/s,30.4 kp/s,19.5 kp/s,15.6 kp/s,0 p/s,0 p/s,23.8 kp/s,6.78 kp/s,1.12 kp/s,0 p/s
2026-08-20 18:54:20,0 p/s,0 p/s,0 p/s,0 p/s,58.9 p/s,0 p/s,0 p/s,10.1 kp/s,6.34 kp/s,3.90 kp/s,0 p/s,0 p/s,5.04 kp/s,1.97 kp/s,63.7 p/s,0 p/s,0 p/s,0 p/s,0 p/s,0 p/s,739 p/s,0 p/s,0 p/s,31.3 kp/s,20.0 kp/s,16.0 kp/s,0 p/s,0 p/s,24.5 kp/s,6.98 kp/s,1.15 kp/s,0 p/s
2026-08-20 18:54:40,0 p/s,0 p/s,0 p/s,0 p/s,59.5 p/s,0 p/s,0 p/s,10.1 kp/s,6.35 kp/s,3.87 kp/s,0 p/s,0 p/s,5.04 kp/s,1.96 kp/s,63.3 p/s,0 p/s,0 p/s,0 p/s,0 p/s,0 p/s,730 p/s,0 p/s,0 p/s,30.6 kp/s,19.6 kp/s,15.7 kp/s,0 p/s,0 p/s,24.0 kp/s,6.83 kp/s,1.13 kp/s,0 p/s
2026-08-20 18:55:00,0 p/s,0 p/s,0 p/s,0 p/s,58.4 p/s,0 p/s,0 p/s,10.00 kp/s,6.28 kp/s,3.87 kp/s,0 p/s,0 p/s,5.00 kp/s,1.94 kp/s,63.7 p/s,0 p/s,0 p/s,0 p/s,0 p/s,0 p/s,736 p/s,0 p/s,0 p/s,31.0 kp/s,19.8 kp/s,15.9 kp/s,0 p/s,0 p/s,24.3 kp/s,6.91 kp/s,1.14 kp/s,0 p/s
2026-08-20 18:55:20,0 p/s,0 p/s,0 p/s,0 p/s,59.3 p/s,0 p/s,0 p/s,9.96 kp/s,6.22 kp/s,3.86 kp/s,0 p/s,0 p/s,4.97 kp/s,1.94 kp/s,62.4 p/s,0 p/s,0 p/s,0 p/s,0 p/s,0 p/s,716 p/s,0 p/s,0 p/s,30.6 kp/s,19.6 kp/s,15.7 kp/s,0 p/s,0 p/s,24.0 kp/s,6.86 kp/s,1.13 kp/s,0 p/s
2026-08-20 18:55:40,0 p/s,0 p/s,0 p/s,0 p/s,59.6 p/s,0 p/s,0 p/s,10.0 kp/s,6.31 kp/s,3.88 kp/s,0 p/s,0 p/s,4.99 kp/s,1.96 kp/s,62.7 p/s,0 p/s,0 p/s,0 p/s,0 p/s,0 p/s,591 p/s,0 p/s,0 p/s,29.9 kp/s,19.4 kp/s,15.6 kp/s,0 p/s,0 p/s,23.6 kp/s,7.01 kp/s,1.11 kp/s,0 p/s
2026-08-20 18:56:00,0 p/s,0 p/s,0 p/s,0 p/s,61.2 p/s,0 p/s,0 p/s,10.6 kp/s,6.62 kp/s,4.10 kp/s,0 p/s,0 p/s,5.23 kp/s,2.07 kp/s,65.9 p/s,0 p/s,0 p/s,0 p/s,0 p/s,0 p/s,613 p/s,0 p/s,0 p/s,28.5 kp/s,19.4 kp/s,14.8 kp/s,0 p/s,0 p/s,22.2 kp/s,7.06 kp/s,1.18 kp/s,0 p/s
2026-08-20 18:56:20,0 p/s,0 p/s,0 p/s,0 p/s,59.1 p/s,0 p/s,0 p/s,10.3 kp/s,6.44 kp/s,3.97 kp/s,0 p/s,0 p/s,5.12 kp/s,1.99 kp/s,64.9 p/s,0 p/s,0 p/s,0 p/s,0 p/s,0 p/s,599 p/s,0 p/s,0 p/s,21.9 kp/s,17.4 kp/s,11.2 kp/s,0 p/s,0 p/s,17.0 kp/s,6.35 kp/s,1.10 kp/s,0 p/s
2026-08-20 18:56:40,0 p/s,0 p/s,0 p/s,0 p/s,61.1 p/s,0 p/s,0 p/s,10.7 kp/s,6.69 kp/s,4.10 kp/s,0 p/s,0 p/s,5.32 kp/s,2.08 kp/s,67.9 p/s,0 p/s,0 p/s,0 p/s,0 p/s,0 p/s,402 p/s,0 p/s,0 p/s,18.1 kp/s,16.4 kp/s,9.18 kp/s,0 p/s,0 p/s,14.0 kp/s,5.88 kp/s,891 p/s,0 p/s
2026-08-20 18:57:00,0 p/s,0 p/s,0 p/s,0 p/s,62.5 p/s,0 p/s,0 p/s,10.9 kp/s,6.86 kp/s,4.21 kp/s,0 p/s,0 p/s,5.44 kp/s,2.13 kp/s,69.7 p/s,0 p/s,0 p/s,0 p/s,0 p/s,0 p/s,217 p/s,0 p/s,0 p/s,12.4 kp/s,14.3 kp/s,6.31 kp/s,0 p/s,0 p/s,9.45 kp/s,5.04 kp/s,752 p/s,0 p/s
2026-08-20 18:57:20,0 p/s,0 p/s,0 p/s,0 p/s,65.9 p/s,0 p/s,0 p/s,11.5 kp/s,7.24 kp/s,4.41 kp/s,0 p/s,0 p/s,5.79 kp/s,2.25 kp/s,76 p/s,0 p/s,0 p/s,0 p/s,0 p/s,0 p/s,38.8 p/s,0 p/s,0 p/s,4.04 kp/s,12.7 kp/s,1.01 kp/s,0 p/s,0 p/s,1.39 kp/s,3.64 kp/s,652 p/s,0 p/s
2026-08-20 18:57:40,0 p/s,0 p/s,0 p/s,0 p/s,64.9 p/s,0 p/s,0 p/s,11.4 kp/s,7.26 kp/s,4.31 kp/s,0 p/s,0 p/s,5.74 kp/s,2.22 kp/s,75.7 p/s,0 p/s,0 p/s,0 p/s,0 p/s,0 p/s,37.7 p/s,0 p/s,0 p/s,3.99 kp/s,12.4 kp/s,991 p/s,0 p/s,0 p/s,1.34 kp/s,3.58 kp/s,642 p/s,0 p/s
2026-08-20 18:58:00,0 p/s,0 p/s,0 p/s,0 p/s,64.3 p/s,0 p/s,0 p/s,11.2 kp/s,7.10 kp/s,4.26 kp/s,0 p/s,0 p/s,5.66 kp/s,2.19 kp/s,73.3 p/s,0 p/s,0 p/s,0 p/s,0 p/s,0 p/s,36.9 p/s,0 p/s,0 p/s,3.90 kp/s,12.1 kp/s,961 p/s,0 p/s,0 p/s,1.31 kp/s,3.47 kp/s,618 p/s,0 p/s
2026-08-20 18:58:20,0 p/s,0 p/s,0 p/s,0 p/s,62.9 p/s,0 p/s,0 p/s,11.1 kp/s,7.04 kp/s,4.21 kp/s,0 p/s,0 p/s,5.59 kp/s,2.16 kp/s,72.7 p/s,0 p/s,0 p/s,0 p/s,0 p/s,0 p/s,37.9 p/s,0 p/s,0 p/s,4.02 kp/s,12.5 kp/s,991 p/s,0 p/s,0 p/s,1.36 kp/s,3.59 kp/s,635 p/s,0 p/s
2026-08-20 18:58:40,0 p/s,0 p/s,0 p/s,0 p/s,63.7 p/s,0 p/s,0 p/s,11.2 kp/s,7.14 kp/s,4.23 kp/s,0 p/s,0 p/s,5.64 kp/s,2.18 kp/s,73.6 p/s,0 p/s,0 p/s,0 p/s,0 p/s,0 p/s,37.5 p/s,0 p/s,0 p/s,3.94 kp/s,12.2 kp/s,973 p/s,0 p/s,0 p/s,1.32 kp/s,3.52 kp/s,623 p/s,0 p/s
2026-08-20 18:59:00,0 p/s,0 p/s,0 p/s,0 p/s,64.8 p/s,0 p/s,0 p/s,11.2 kp/s,7.06 kp/s,4.23 kp/s,0 p/s,0 p/s,5.61 kp/s,2.18 kp/s,72.4 p/s,0 p/s,0 p/s,0 p/s,0 p/s,0 p/s,36.8 p/s,0 p/s,0 p/s,3.92 kp/s,12.1 kp/s,966 p/s,0 p/s,0 p/s,1.32 kp/s,3.49 kp/s,623 p/s,0 p/s
2026-08-20 18:59:20,0 p/s,0 p/s,0 p/s,0 p/s,63.9 p/s,0 p/s,0 p/s,11.2 kp/s,7.04 kp/s,4.25 kp/s,0 p/s,0 p/s,5.59 kp/s,2.16 kp/s,72.3 p/s,0 p/s,0 p/s,0 p/s,0 p/s,0 p/s,36.3 p/s,0 p/s,0 p/s,3.86 kp/s,11.9 kp/s,948 p/s,0 p/s,0 p/s,1.30 kp/s,3.44 kp/s,610 p/s,0 p/s
2026-08-20 18:59:40,0 p/s,0 p/s,0 p/s,0 p/s,64.5 p/s,0 p/s,0 p/s,11.2 kp/s,7.08 kp/s,4.25 kp/s,0 p/s,0 p/s,5.60 kp/s,2.18 kp/s,72.5 p/s,0 p/s,0 p/s,0 p/s,0 p/s,0 p/s,36.8 p/s,0 p/s,0 p/s,3.90 kp/s,12.1 kp/s,960 p/s,0 p/s,0 p/s,1.32 kp/s,3.48 kp/s,616 p/s,0 p/s
2026-08-20 19:00:00,0 p/s,0 p/s,0 p/s,0 p/s,64.3 p/s,0 p/s,0 p/s,11.1 kp/s,7.01 kp/s,4.23 kp/s,0 p/s,0 p/s,5.56 kp/s,2.16 kp/s,71.3 p/s,0 p/s,0 p/s,0 p/s,0 p/s,0 p/s,36.8 p/s,0 p/s,0 p/s,3.89 kp/s,12.1 kp/s,958 p/s,0 p/s,0 p/s,1.32 kp/s,3.46 kp/s,618 p/s,0 p/s
2026-08-20 19:00:20,0 p/s,0 p/s,0 p/s,0 p/s,63.2 p/s,0 p/s,0 p/s,11.1 kp/s,7.02 kp/s,4.21 kp/s,0 p/s,0 p/s,5.56 kp/s,2.16 kp/s,72.1 p/s,0 p/s,0 p/s,0 p/s,0 p/s,0 p/s,37.5 p/s,0 p/s,0 p/s,3.88 kp/s,12.0 kp/s,954 p/s,0 p/s,0 p/s,1.31 kp/s,3.47 kp/s,621 p/s,0 p/s
2026-08-20 19:00:40,0 p/s,0 p/s,0 p/s,0 p/s,62 p/s,0 p/s,0 p/s,11.1 kp/s,7.00 kp/s,4.21 kp/s,0 p/s,0 p/s,5.56 kp/s,2.15 kp/s,72 p/s,0 p/s,0 p/s,0 p/s,0 p/s,0 p/s,36.9 p/s,0 p/s,0 p/s,3.85 kp/s,12.0 kp/s,952 p/s,0 p/s,0 p/s,1.30 kp/s,3.44 kp/s,616 p/s,0 p/s
2026-08-20 19:01:00,0 p/s,0 p/s,0 p/s,0 p/s,64.4 p/s,0 p/s,0 p/s,11.2 kp/s,7.07 kp/s,4.22 kp/s,0 p/s,0 p/s,5.61 kp/s,2.17 kp/s,73.5 p/s,0 p/s,0 p/s,0 p/s,0 p/s,0 p/s,36.5 p/s,0 p/s,0 p/s,3.85 kp/s,12.0 kp/s,949 p/s,0 p/s,0 p/s,1.31 kp/s,3.43 kp/s,612 p/s,0 p/s
2026-08-20 19:01:20,0 p/s,0 p/s,0 p/s,0 p/s,62.3 p/s,0 p/s,0 p/s,11.0 kp/s,6.97 kp/s,4.19 kp/s,0 p/s,0 p/s,5.53 kp/s,2.15 kp/s,72.1 p/s,0 p/s,0 p/s,0 p/s,0 p/s,0 p/s,36.7 p/s,0 p/s,0 p/s,3.85 kp/s,11.9 kp/s,946 p/s,0 p/s,0 p/s,1.30 kp/s,3.43 kp/s,613 p/s,0 p/s
2026-08-20 19:01:40,0 p/s,0 p/s,0 p/s,0 p/s,63.3 p/s,0 p/s,0 p/s,11.2 kp/s,7.01 kp/s,4.25 kp/s,0 p/s,0 p/s,5.59 kp/s,2.17 kp/s,72.1 p/s,0 p/s,0 p/s,0 p/s,0 p/s,0 p/s,37.2 p/s,0 p/s,0 p/s,3.93 kp/s,12.2 kp/s,970 p/s,0 p/s,0 p/s,1.33 kp/s,3.50 kp/s,624 p/s,0 p/s
2026-08-20 19:02:00,0 p/s,0 p/s,0 p/s,0 p/s,63.9 p/s,0 p/s,0 p/s,11.1 kp/s,7.07 kp/s,4.20 kp/s,0 p/s,0 p/s,5.57 kp/s,2.16 kp/s,73.2 p/s,0 p/s,0 p/s,0 p/s,0 p/s,0 p/s,37.5 p/s,0 p/s,0 p/s,3.92 kp/s,12.2 kp/s,967 p/s,0 p/s,0 p/s,1.33 kp/s,3.49 kp/s,623 p/s,0 p/s
2026-08-20 19:02:20,0 p/s,0 p/s,0 p/s,0 p/s,63.2 p/s,0 p/s,0 p/s,11.2 kp/s,7.06 kp/s,4.24 kp/s,0 p/s,0 p/s,5.61 kp/s,2.18 kp/s,72.8 p/s,0 p/s,0 p/s,0 p/s,0 p/s,0 p/s,36.8 p/s,0 p/s,0 p/s,3.91 kp/s,12.1 kp/s,964 p/s,0 p/s,0 p/s,1.32 kp/s,3.48 kp/s,619 p/s,0 p/s
2026-08-20 19:02:40,0 p/s,0 p/s,0 p/s,0 p/s,64 p/s,0 p/s,0 p/s,11.1 kp/s,7.02 kp/s,4.23 kp/s,0 p/s,0 p/s,5.59 kp/s,2.16 kp/s,72.5 p/s,0 p/s,0 p/s,0 p/s,0 p/s,0 p/s,36.8 p/s,0 p/s,0 p/s,3.87 kp/s,12.0 kp/s,957 p/s,0 p/s,0 p/s,1.31 kp/s,3.46 kp/s,615 p/s,0 p/s
2026-08-20 19:03:00,0 p/s,0 p/s,0 p/s,0 p/s,63.5 p/s,0 p/s,0 p/s,11.0 kp/s,6.98 kp/s,4.19 kp/s,0 p/s,0 p/s,5.52 kp/s,2.15 kp/s,71.7 p/s,0 p/s,0 p/s,0 p/s,0 p/s,0 p/s,37.1 p/s,0 p/s,0 p/s,3.88 kp/s,12.1 kp/s,956 p/s,0 p/s,0 p/s,1.31 kp/s,3.47 kp/s,614 p/s,0 p/s
2026-08-20 19:03:20,0 p/s,0 p/s,0 p/s,0 p/s,64 p/s,0 p/s,0 p/s,11.1 kp/s,7.02 kp/s,4.22 kp/s,0 p/s,0 p/s,5.59 kp/s,2.17 kp/s,72.3 p/s,0 p/s,0 p/s,0 p/s,0 p/s,0 p/s,37.3 p/s,0 p/s,0 p/s,3.92 kp/s,12.1 kp/s,967 p/s,0 p/s,0 p/s,1.32 kp/s,3.49 kp/s,628 p/s,0 p/s
2026-08-20 19:03:40,0 p/s,0 p/s,0 p/s,0 p/s,63.5 p/s,0 p/s,0 p/s,11.2 kp/s,7.07 kp/s,4.27 kp/s,0 p/s,0 p/s,5.62 kp/s,2.18 kp/s,73.2 p/s,0 p/s,0 p/s,0 p/s,0 p/s,0 p/s,36.8 p/s,0 p/s,0 p/s,3.85 kp/s,11.9 kp/s,948 p/s,0 p/s,0 p/s,1.30 kp/s,3.44 kp/s,616 p/s,0 p/s
2026-08-20 19:04:00,0 p/s,0 p/s,0 p/s,0 p/s,62.7 p/s,0 p/s,0 p/s,11.1 kp/s,7.06 kp/s,4.21 kp/s,0 p/s,0 p/s,5.58 kp/s,2.16 kp/s,73.2 p/s,0 p/s,0 p/s,0 p/s,0 p/s,0 p/s,37.1 p/s,0 p/s,0 p/s,3.88 kp/s,12.1 kp/s,957 p/s,0 p/s,0 p/s,1.31 kp/s,3.47 kp/s,618 p/s,0 p/s
2026-08-20 19:04:20,0 p/s,0 p/s,0 p/s,0 p/s,64.3 p/s,0 p/s,0 p/s,11.2 kp/s,7.05 kp/s,4.25 kp/s,0 p/s,0 p/s,5.60 kp/s,2.18 kp/s,72.7 p/s,0 p/s,0 p/s,0 p/s,0 p/s,0 p/s,37.7 p/s,0 p/s,0 p/s,3.94 kp/s,12.2 kp/s,968 p/s,0 p/s,0 p/s,1.33 kp/s,3.52 kp/s,627 p/s,0 p/s
2026-08-20 19:04:40,0 p/s,0 p/s,0 p/s,0 p/s,64.5 p/s,0 p/s,0 p/s,11.2 kp/s,7.04 kp/s,4.25 kp/s,0 p/s,0 p/s,5.59 kp/s,2.18 kp/s,72.5 p/s,0 p/s,0 p/s,0 p/s,0 p/s,0 p/s,37.2 p/s,0 p/s,0 p/s,3.92 kp/s,12.2 kp/s,968 p/s,0 p/s,0 p/s,1.33 kp/s,3.49 kp/s,622 p/s,0 p/s
2026-08-20 19:05:00,0 p/s,0 p/s,0 p/s,0 p/s,62.1 p/s,0 p/s,0 p/s,11.0 kp/s,6.93 kp/s,4.17 kp/s,0 p/s,0 p/s,5.53 kp/s,2.14 kp/s,71.3 p/s,0 p/s,0 p/s,0 p/s,0 p/s,0 p/s,37.1 p/s,0 p/s,0 p/s,3.91 kp/s,12.1 kp/s,963 p/s,0 p/s,0 p/s,1.32 kp/s,3.49 kp/s,622 p/s,0 p/s
2026-08-20 19:05:20,0 p/s,0 p/s,0 p/s,0 p/s,62.9 p/s,0 p/s,0 p/s,11.1 kp/s,7.02 kp/s,4.20 kp/s,0 p/s,0 p/s,5.58 kp/s,2.16 kp/s,72.8 p/s,0 p/s,0 p/s,0 p/s,0 p/s,0 p/s,37.2 p/s,0 p/s,0 p/s,3.88 kp/s,12.0 kp/s,955 p/s,0 p/s,0 p/s,1.31 kp/s,3.46 kp/s,616 p/s,0 p/s
2026-08-20 19:05:40,0 p/s,0 p/s,0 p/s,0 p/s,64.3 p/s,0 p/s,0 p/s,11.1 kp/s,7.04 kp/s,4.25 kp/s,0 p/s,0 p/s,5.58 kp/s,2.17 kp/s,72.1 p/s,0 p/s,0 p/s,0 p/s,0 p/s,0 p/s,36.9 p/s,0 p/s,0 p/s,3.89 kp/s,12.0 kp/s,955 p/s,0 p/s,0 p/s,1.31 kp/s,3.47 kp/s,618 p/s,0 p/s
2026-08-20 19:06:00,0 p/s,0 p/s,0 p/s,0 p/s,64 p/s,0 p/s,0 p/s,11.2 kp/s,7.05 kp/s,4.25 kp/s,0 p/s,0 p/s,5.60 kp/s,2.17 kp/s,73.3 p/s,0 p/s,0 p/s,0 p/s,0 p/s,0 p/s,37.3 p/s,0 p/s,0 p/s,3.89 kp/s,12.1 kp/s,954 p/s,0 p/s,0 p/s,1.31 kp/s,3.47 kp/s,622 p/s,0 p/s
2026-08-20 19:06:20,0 p/s,0 p/s,0 p/s,0 p/s,62.8 p/s,0 p/s,0 p/s,10.8 kp/s,6.79 kp/s,4.15 kp/s,0 p/s,0 p/s,5.38 kp/s,2.11 kp/s,68.4 p/s,0 p/s,0 p/s,0 p/s,0 p/s,0 p/s,214 p/s,0 p/s,0 p/s,9.60 kp/s,16.0 kp/s,1.69 kp/s,0 p/s,0 p/s,5.74 kp/s,3.60 kp/s,1.15 kp/s,0 p/s
2026-08-20 19:06:40,0 p/s,0 p/s,0 p/s,0 p/s,62.1 p/s,0 p/s,0 p/s,10.7 kp/s,6.71 kp/s,4.11 kp/s,0 p/s,0 p/s,5.31 kp/s,2.08 kp/s,67.6 p/s,0 p/s,0 p/s,0 p/s,0 p/s,0 p/s,194 p/s,0 p/s,0 p/s,12.9 kp/s,18.0 kp/s,2.32 kp/s,0 p/s,0 p/s,8.78 kp/s,3.28 kp/s,1.44 kp/s,0 p/s
2026-08-20 19:07:00,0 p/s,0 p/s,0 p/s,0 p/s,61.6 p/s,0 p/s,0 p/s,10.6 kp/s,6.61 kp/s,4.07 kp/s,0 p/s,0 p/s,5.25 kp/s,2.06 kp/s,65.7 p/s,0 p/s,0 p/s,0 p/s,0 p/s,0 p/s,178 p/s,0 p/s,0 p/s,15.8 kp/s,19.6 kp/s,2.78 kp/s,0 p/s,0 p/s,11.6 kp/s,3.01 kp/s,1.67 kp/s,0 p/s
2026-08-20 19:07:20,0 p/s,0 p/s,0 p/s,0 p/s,60.8 p/s,0 p/s,0 p/s,10.4 kp/s,6.56 kp/s,4.01 kp/s,0 p/s,0 p/s,5.21 kp/s,2.03 kp/s,65.6 p/s,0 p/s,0 p/s,0 p/s,0 p/s,0 p/s,153 p/s,0 p/s,0 p/s,20.8 kp/s,23.0 kp/s,3.76 kp/s,0 p/s,0 p/s,16.4 kp/s,2.67 kp/s,2.26 kp/s,0 p/s
2026-08-20 19:07:40,0 p/s,0 p/s,0 p/s,0 p/s,59.5 p/s,0 p/s,0 p/s,10.5 kp/s,6.52 kp/s,4.03 kp/s,0 p/s,0 p/s,5.20 kp/s,2.03 kp/s,65.5 p/s,0 p/s,0 p/s,0 p/s,0 p/s,0 p/s,149 p/s,0 p/s,0 p/s,23.4 kp/s,24.8 kp/s,4.34 kp/s,0 p/s,0 p/s,18.6 kp/s,2.60 kp/s,2.56 kp/s,0 p/s
2026-08-20 19:08:00,0 p/s,0 p/s,0 p/s,0 p/s,59.5 p/s,0 p/s,0 p/s,10.4 kp/s,6.53 kp/s,4.00 kp/s,0 p/s,0 p/s,5.21 kp/s,2.02 kp/s,66 p/s,0 p/s,0 p/s,0 p/s,0 p/s,0 p/s,144 p/s,0 p/s,0 p/s,23.7 kp/s,24.9 kp/s,4.52 kp/s,0 p/s,0 p/s,19.6 kp/s,2.52 kp/s,2.56 kp/s,0 p/s
2026-08-20 19:08:20,0 p/s,0 p/s,0 p/s,0 p/s,60.5 p/s,0 p/s,0 p/s,10.4 kp/s,6.49 kp/s,4.02 kp/s,0 p/s,0 p/s,5.16 kp/s,2.02 kp/s,64.5 p/s,0 p/s,0 p/s,0 p/s,0 p/s,0 p/s,146 p/s,0 p/s,0 p/s,23.7 kp/s,25.0 kp/s,4.54 kp/s,0 p/s,0 p/s,19.7 kp/s,2.54 kp/s,2.57 kp/s,0 p/s
2026-08-20 19:08:40,0 p/s,0 p/s,0 p/s,0 p/s,60.1 p/s,0 p/s,0 p/s,10.3 kp/s,6.38 kp/s,3.99 kp/s,0 p/s,0 p/s,5.14 kp/s,2.00 kp/s,64.9 p/s,0 p/s,0 p/s,0 p/s,0 p/s,0 p/s,145 p/s,0 p/s,0 p/s,23.5 kp/s,24.7 kp/s,4.49 kp/s,0 p/s,0 p/s,19.5 kp/s,2.49 kp/s,2.54 kp/s,0 p/s
2026-08-20 19:09:00,0 p/s,0 p/s,0 p/s,0 p/s,60 p/s,0 p/s,0 p/s,10.3 kp/s,6.41 kp/s,3.97 kp/s,0 p/s,0 p/s,5.13 kp/s,2.00 kp/s,65.1 p/s,0 p/s,0 p/s,0 p/s,0 p/s,0 p/s,148 p/s,0 p/s,0 p/s,24.0 kp/s,25.3 kp/s,4.59 kp/s,0 p/s,0 p/s,19.9 kp/s,2.56 kp/s,2.59 kp/s,0 p/s
2026-08-20 19:09:20,0 p/s,0 p/s,0 p/s,0 p/s,59.9 p/s,0 p/s,0 p/s,10.4 kp/s,6.55 kp/s,3.99 kp/s,0 p/s,0 p/s,5.20 kp/s,2.03 kp/s,66.7 p/s,0 p/s,0 p/s,0 p/s,0 p/s,0 p/s,143 p/s,0 p/s,0 p/s,23.5 kp/s,24.7 kp/s,4.49 kp/s,0 p/s,0 p/s,19.5 kp/s,2.50 kp/s,2.54 kp/s,0 p/s
2026-08-20 19:09:40,0 p/s,0 p/s,0 p/s,0 p/s,60.3 p/s,0 p/s,0 p/s,10.2 kp/s,6.41 kp/s,3.96 kp/s,0 p/s,0 p/s,5.13 kp/s,2.00 kp/s,64.8 p/s,0 p/s,0 p/s,0 p/s,0 p/s,0 p/s,145 p/s,0 p/s,0 p/s,23.5 kp/s,24.7 kp/s,4.49 kp/s,0 p/s,0 p/s,19.4 kp/s,2.51 kp/s,2.54 kp/s,0 p/s
2026-08-20 19:10:00,0 p/s,0 p/s,0 p/s,0 p/s,59.6 p/s,0 p/s,0 p/s,10.3 kp/s,6.45 kp/s,3.98 kp/s,0 p/s,0 p/s,5.15 kp/s,2.01 kp/s,65.5 p/s,0 p/s,0 p/s,0 p/s,0 p/s,0 p/s,148 p/s,0 p/s,0 p/s,24.1 kp/s,25.4 kp/s,4.61 kp/s,0 p/s,0 p/s,20.0 kp/s,2.57 kp/s,2.60 kp/s,0 p/s
2026-08-20 19:10:20,0 p/s,0 p/s,0 p/s,0 p/s,60.1 p/s,0 p/s,0 p/s,10.3 kp/s,6.44 kp/s,3.96 kp/s,0 p/s,0 p/s,5.15 kp/s,2.00 kp/s,65.5 p/s,0 p/s,0 p/s,0 p/s,0 p/s,0 p/s,144 p/s,0 p/s,0 p/s,23.6 kp/s,24.9 kp/s,4.52 kp/s,0 p/s,0 p/s,19.6 kp/s,2.52 kp/s,2.55 kp/s,0 p/s
2026-08-20 19:10:40,0 p/s,0 p/s,0 p/s,0 p/s,60.5 p/s,0 p/s,0 p/s,10.5 kp/s,6.59 kp/s,4.02 kp/s,0 p/s,0 p/s,5.24 kp/s,2.04 kp/s,66.1 p/s,0 p/s,0 p/s,0 p/s,0 p/s,0 p/s,144 p/s,0 p/s,0 p/s,23.5 kp/s,24.8 kp/s,4.50 kp/s,0 p/s,0 p/s,19.5 kp/s,2.51 kp/s,2.54 kp/s,0 p/s
2026-08-20 19:11:00,0 p/s,0 p/s,0 p/s,0 p/s,60.1 p/s,0 p/s,0 p/s,10.4 kp/s,6.56 kp/s,4.01 kp/s,0 p/s,0 p/s,5.22 kp/s,2.03 kp/s,66.3 p/s,0 p/s,0 p/s,0 p/s,0 p/s,0 p/s,144 p/s,0 p/s,0 p/s,23.5 kp/s,24.7 kp/s,4.49 kp/s,0 p/s,0 p/s,19.5 kp/s,2.50 kp/s,2.53 kp/s,0 p/s
2026-08-20 19:11:20,0 p/s,0 p/s,0 p/s,0 p/s,59.9 p/s,0 p/s,0 p/s,10.2 kp/s,6.41 kp/s,3.97 kp/s,0 p/s,0 p/s,5.12 kp/s,1.99 kp/s,65.1 p/s,0 p/s,0 p/s,0 p/s,0 p/s,0 p/s,145 p/s,0 p/s,0 p/s,23.7 kp/s,24.9 kp/s,4.53 kp/s,0 p/s,0 p/s,19.6 kp/s,2.53 kp/s,2.56 kp/s,0 p/s
2026-08-20 19:11:40,0 p/s,0 p/s,0 p/s,0 p/s,60.7 p/s,0 p/s,0 p/s,10.3 kp/s,6.46 kp/s,3.98 kp/s,0 p/s,0 p/s,5.17 kp/s,2.01 kp/s,64.7 p/s,0 p/s,0 p/s,0 p/s,0 p/s,0 p/s,147 p/s,0 p/s,0 p/s,24.0 kp/s,25.3 kp/s,4.60 kp/s,0 p/s,0 p/s,19.9 kp/s,2.56 kp/s,2.60 kp/s,0 p/s
2026-08-20 19:12:00,0 p/s,0 p/s,0 p/s,0 p/s,60.9 p/s,0 p/s,0 p/s,10.4 kp/s,6.50 kp/s,4.01 kp/s,0 p/s,0 p/s,5.20 kp/s,2.02 kp/s,66.4 p/s,0 p/s,0 p/s,0 p/s,0 p/s,0 p/s,147 p/s,0 p/s,0 p/s,23.7 kp/s,25.0 kp/s,4.54 kp/s,0 p/s,0 p/s,19.7 kp/s,2.53 kp/s,2.56 kp/s,0 p/s
2026-08-20 19:12:20,0 p/s,0 p/s,0 p/s,0 p/s,60 p/s,0 p/s,0 p/s,10.3 kp/s,6.45 kp/s,4.00 kp/s,0 p/s,0 p/s,5.16 kp/s,2.01 kp/s,64.5 p/s,0 p/s,0 p/s,0 p/s,0 p/s,0 p/s,143 p/s,0 p/s,0 p/s,23.6 kp/s,24.9 kp/s,4.52 kp/s,0 p/s,0 p/s,19.6 kp/s,2.53 kp/s,2.55 kp/s,0 p/s
2026-08-20 19:12:40,0 p/s,0 p/s,0 p/s,0 p/s,60.5 p/s,0 p/s,0 p/s,10.3 kp/s,6.47 kp/s,3.99 kp/s,0 p/s,0 p/s,5.15 kp/s,2.00 kp/s,64.1 p/s,0 p/s,0 p/s,0 p/s,0 p/s,0 p/s,148 p/s,0 p/s,0 p/s,23.9 kp/s,25.1 kp/s,4.56 kp/s,0 p/s,0 p/s,19.8 kp/s,2.54 kp/s,2.58 kp/s,0 p/s
2026-08-20 19:13:00,0 p/s,0 p/s,0 p/s,0 p/s,60.3 p/s,0 p/s,0 p/s,10.2 kp/s,6.40 kp/s,3.92 kp/s,0 p/s,0 p/s,5.12 kp/s,1.99 kp/s,65.5 p/s,0 p/s,0 p/s,0 p/s,0 p/s,0 p/s,147 p/s,0 p/s,0 p/s,23.8 kp/s,25.0 kp/s,4.55 kp/s,0 p/s,0 p/s,19.7 kp/s,2.53 kp/s,2.57 kp/s,0 p/s
2026-08-20 19:13:20,0 p/s,0 p/s,0 p/s,0 p/s,59.7 p/s,0 p/s,0 p/s,10.4 kp/s,6.50 kp/s,4.00 kp/s,0 p/s,0 p/s,5.18 kp/s,2.01 kp/s,66.1 p/s,0 p/s,0 p/s,0 p/s,0 p/s,0 p/s,146 p/s,0 p/s,0 p/s,23.9 kp/s,25.1 kp/s,4.57 kp/s,0 p/s,0 p/s,19.8 kp/s,2.54 kp/s,2.58 kp/s,0 p/s
2026-08-20 19:13:40,0 p/s,0 p/s,0 p/s,0 p/s,60.4 p/s,0 p/s,0 p/s,10.3 kp/s,6.42 kp/s,3.98 kp/s,0 p/s,0 p/s,5.15 kp/s,2.00 kp/s,65.1 p/s,0 p/s,0 p/s,0 p/s,0 p/s,0 p/s,149 p/s,0 p/s,0 p/s,24.2 kp/s,25.5 kp/s,4.63 kp/s,0 p/s,0 p/s,20.0 kp/s,2.58 kp/s,2.61 kp/s,0 p/s
2026-08-20 19:14:00,0 p/s,0 p/s,0 p/s,0 p/s,58.4 p/s,0 p/s,0 p/s,10.3 kp/s,6.46 kp/s,3.95 kp/s,0 p/s,0 p/s,5.14 kp/s,2.00 kp/s,65.9 p/s,0 p/s,0 p/s,0 p/s,0 p/s,0 p/s,145 p/s,0 p/s,0 p/s,23.6 kp/s,24.8 kp/s,4.51 kp/s,0 p/s,0 p/s,19.5 kp/s,2.52 kp/s,2.54 kp/s,0 p/s
2026-08-20 19:14:20,0 p/s,0 p/s,0 p/s,0 p/s,60.5 p/s,0 p/s,0 p/s,10.2 kp/s,6.39 kp/s,3.95 kp/s,0 p/s,0 p/s,5.10 kp/s,1.99 kp/s,63.9 p/s,0 p/s,0 p/s,0 p/s,0 p/s,0 p/s,145 p/s,0 p/s,0 p/s,23.7 kp/s,25.0 kp/s,4.55 kp/s,0 p/s,0 p/s,19.7 kp/s,2.53 kp/s,2.57 kp/s,0 p/s
2026-08-20 19:14:40,0 p/s,0 p/s,0 p/s,0 p/s,60.7 p/s,0 p/s,0 p/s,10.3 kp/s,6.42 kp/s,4.00 kp/s,0 p/s,0 p/s,5.15 kp/s,2.00 kp/s,64.4 p/s,0 p/s,0 p/s,0 p/s,0 p/s,0 p/s,143 p/s,0 p/s,0 p/s,23.3 kp/s,24.5 kp/s,4.46 kp/s,0 p/s,0 p/s,19.3 kp/s,2.49 kp/s,2.52 kp/s,0 p/s
2026-08-20 19:15:00,0 p/s,0 p/s,0 p/s,0 p/s,59.5 p/s,0 p/s,0 p/s,10.3 kp/s,6.42 kp/s,3.97 kp/s,0 p/s,0 p/s,5.14 kp/s,2.01 kp/s,64.1 p/s,0 p/s,0 p/s,0 p/s,0 p/s,0 p/s,144 p/s,0 p/s,0 p/s,23.5 kp/s,24.7 kp/s,4.49 kp/s,0 p/s,0 p/s,19.5 kp/s,2.50 kp/s,2.54 kp/s,0 p/s
2026-08-20 19:15:20,0 p/s,0 p/s,0 p/s,0 p/s,59.6 p/s,0 p/s,0 p/s,10.4 kp/s,6.51 kp/s,4.02 kp/s,0 p/s,0 p/s,5.20 kp/s,2.03 kp/s,65.6 p/s,0 p/s,0 p/s,0 p/s,0 p/s,0 p/s,142 p/s,0 p/s,0 p/s,23.1 kp/s,24.3 kp/s,4.42 kp/s,0 p/s,0 p/s,19.2 kp/s,2.46 kp/s,2.50 kp/s,0 p/s
2026-08-20 19:15:40,0 p/s,0 p/s,0 p/s,0 p/s,60.1 p/s,0 p/s,0 p/s,10.3 kp/s,6.45 kp/s,4.00 kp/s,0 p/s,0 p/s,5.17 kp/s,2.02 kp/s,65.1 p/s,0 p/s,0 p/s,0 p/s,0 p/s,0 p/s,147 p/s,0 p/s,0 p/s,23.9 kp/s,25.2 kp/s,4.57 kp/s,0 p/s,0 p/s,19.8 kp/s,2.55 kp/s,2.59 kp/s,0 p/s
2026-08-20 19:16:00,0 p/s,0 p/s,0 p/s,0 p/s,59.1 p/s,0 p/s,0 p/s,10.3 kp/s,6.43 kp/s,3.96 kp/s,0 p/s,0 p/s,5.13 kp/s,1.99 kp/s,65.3 p/s,0 p/s,0 p/s,0 p/s,0 p/s,0 p/s,144 p/s,0 p/s,0 p/s,23.4 kp/s,24.6 kp/s,4.48 kp/s,0 p/s,0 p/s,19.4 kp/s,2.49 kp/s,2.53 kp/s,0 p/s
2026-08-20 19:16:20,0 p/s,0 p/s,0 p/s,0 p/s,60.8 p/s,0 p/s,0 p/s,10.3 kp/s,6.49 kp/s,3.99 kp/s,0 p/s,0 p/s,5.16 kp/s,2.02 kp/s,66.3 p/s,0 p/s,0 p/s,0 p/s,0 p/s,0 p/s,384 p/s,0 p/s,0 p/s,25.4 kp/s,26.1 kp/s,4.80 kp/s,0 p/s,0 p/s,20.6 kp/s,2.82 kp/s,2.55 kp/s,0 p/s
2026-08-20 19:16:40,0 p/s,0 p/s,0 p/s,0 p/s,59.6 p/s,0 p/s,0 p/s,10.1 kp/s,6.32 kp/s,3.95 kp/s,0 p/s,0 p/s,5.04 kp/s,1.98 kp/s,64 p/s,0 p/s,0 p/s,0 p/s,0 p/s,0 p/s,379 p/s,0 p/s,0 p/s,27.2 kp/s,27.4 kp/s,5.11 kp/s,0 p/s,0 p/s,22.1 kp/s,3.12 kp/s,2.42 kp/s,0 p/s
2026-08-20 19:17:00,0 p/s,0 p/s,0 p/s,0 p/s,59.2 p/s,0 p/s,0 p/s,10.1 kp/s,6.29 kp/s,3.96 kp/s,0 p/s,0 p/s,5.04 kp/s,1.97 kp/s,63.7 p/s,0 p/s,0 p/s,0 p/s,0 p/s,0 p/s,355 p/s,0 p/s,0 p/s,28.1 kp/s,27.8 kp/s,5.41 kp/s,0 p/s,0 p/s,23.1 kp/s,3.33 kp/s,2.27 kp/s,0 p/s
2026-08-20 19:17:20,0 p/s,0 p/s,0 p/s,0 p/s,58.5 p/s,0 p/s,0 p/s,10.1 kp/s,6.30 kp/s,3.93 kp/s,0 p/s,0 p/s,5.04 kp/s,1.97 kp/s,63.3 p/s,0 p/s,0 p/s,0 p/s,0 p/s,0 p/s,321 p/s,0 p/s,0 p/s,30.3 kp/s,28.9 kp/s,6.04 kp/s,0 p/s,0 p/s,24.9 kp/s,3.83 kp/s,2.04 kp/s,0 p/s
2026-08-20 19:17:40,0 p/s,0 p/s,0 p/s,0 p/s,58.8 p/s,0 p/s,0 p/s,10.2 kp/s,6.35 kp/s,3.93 kp/s,0 p/s,0 p/s,5.07 kp/s,1.97 kp/s,63.7 p/s,0 p/s,0 p/s,0 p/s,0 p/s,0 p/s,300 p/s,0 p/s,0 p/s,30.7 kp/s,28.7 kp/s,6.34 kp/s,0 p/s,0 p/s,25.3 kp/s,3.96 kp/s,1.91 kp/s,0 p/s
2026-08-20 19:18:00,0 p/s,0 p/s,0 p/s,0 p/s,58.9 p/s,0 p/s,0 p/s,10.0 kp/s,6.23 kp/s,3.91 kp/s,0 p/s,0 p/s,5.00 kp/s,1.95 kp/s,62.8 p/s,0 p/s,0 p/s,0 p/s,0 p/s,0 p/s,292 p/s,0 p/s,0 p/s,31.3 kp/s,28.8 kp/s,6.70 kp/s,0 p/s,0 p/s,26.2 kp/s,4.14 kp/s,1.84 kp/s,0 p/s
2026-08-20 19:18:20,0 p/s,0 p/s,0 p/s,0 p/s,59.3 p/s,0 p/s,0 p/s,10.1 kp/s,6.31 kp/s,3.92 kp/s,0 p/s,0 p/s,5.07 kp/s,1.97 kp/s,63.2 p/s,0 p/s,0 p/s,0 p/s,0 p/s,0 p/s,289 p/s,0 p/s,0 p/s,31.5 kp/s,29.0 kp/s,6.81 kp/s,0 p/s,0 p/s,26.4 kp/s,4.18 kp/s,1.84 kp/s,0 p/s
2026-08-20 19:18:40,0 p/s,0 p/s,0 p/s,0 p/s,58.4 p/s,0 p/s,0 p/s,10.1 kp/s,6.32 kp/s,3.88 kp/s,0 p/s,0 p/s,5.04 kp/s,1.96 kp/s,64.5 p/s,0 p/s,0 p/s,0 p/s,0 p/s,0 p/s,287 p/s,0 p/s,0 p/s,31.4 kp/s,28.8 kp/s,6.78 kp/s,0 p/s,0 p/s,26.3 kp/s,4.16 kp/s,1.83 kp/s,0 p/s
2026-08-20 19:19:00,0 p/s,0 p/s,0 p/s,0 p/s,59.1 p/s,0 p/s,0 p/s,10.1 kp/s,6.33 kp/s,3.92 kp/s,0 p/s,0 p/s,5.04 kp/s,1.97 kp/s,63.1 p/s,0 p/s,0 p/s,0 p/s,0 p/s,0 p/s,279 p/s,0 p/s,0 p/s,30.4 kp/s,28.0 kp/s,6.58 kp/s,0 p/s,0 p/s,25.5 kp/s,4.03 kp/s,1.78 kp/s,0 p/s
2026-08-20 19:19:20,0 p/s,0 p/s,0 p/s,0 p/s,59.5 p/s,0 p/s,0 p/s,10.1 kp/s,6.33 kp/s,3.92 kp/s,0 p/s,0 p/s,5.06 kp/s,1.97 kp/s,63.3 p/s,0 p/s,0 p/s,0 p/s,0 p/s,0 p/s,282 p/s,0 p/s,0 p/s,30.8 kp/s,28.3 kp/s,6.65 kp/s,0 p/s,0 p/s,25.8 kp/s,4.08 kp/s,1.80 kp/s,0 p/s
2026-08-20 19:19:40,0 p/s,0 p/s,0 p/s,0 p/s,58.3 p/s,0 p/s,0 p/s,10.1 kp/s,6.31 kp/s,3.93 kp/s,0 p/s,0 p/s,5.04 kp/s,1.96 kp/s,63.9 p/s,0 p/s,0 p/s,0 p/s,0 p/s,0 p/s,282 p/s,0 p/s,0 p/s,31.0 kp/s,28.5 kp/s,6.69 kp/s,0 p/s,0 p/s,26.0 kp/s,4.11 kp/s,1.81 kp/s,0 p/s
2026-08-20 19:20:00,0 p/s,0 p/s,0 p/s,0 p/s,59.2 p/s,0 p/s,0 p/s,10.1 kp/s,6.34 kp/s,3.92 kp/s,0 p/s,0 p/s,5.06 kp/s,1.98 kp/s,63.1 p/s,0 p/s,0 p/s,0 p/s,0 p/s,0 p/s,278 p/s,0 p/s,0 p/s,30.2 kp/s,27.8 kp/s,6.54 kp/s,0 p/s,0 p/s,25.4 kp/s,4.02 kp/s,1.76 kp/s,0 p/s
2026-08-20 19:20:20,0 p/s,0 p/s,0 p/s,0 p/s,58.5 p/s,0 p/s,0 p/s,10.0 kp/s,6.27 kp/s,3.87 kp/s,0 p/s,0 p/s,5.02 kp/s,1.95 kp/s,63.7 p/s,0 p/s,0 p/s,0 p/s,0 p/s,0 p/s,286 p/s,0 p/s,0 p/s,31.0 kp/s,28.5 kp/s,6.71 kp/s,0 p/s,0 p/s,26.0 kp/s,4.12 kp/s,1.81 kp/s,0 p/s
2026-08-20 19:20:40,0 p/s,0 p/s,0 p/s,0 p/s,59.3 p/s,0 p/s,0 p/s,10.1 kp/s,6.36 kp/s,3.91 kp/s,0 p/s,0 p/s,5.08 kp/s,1.97 kp/s,64 p/s,0 p/s,0 p/s,0 p/s,0 p/s,0 p/s,281 p/s,0 p/s,0 p/s,30.7 kp/s,28.2 kp/s,6.64 kp/s,0 p/s,0 p/s,25.7 kp/s,4.07 kp/s,1.79 kp/s,0 p/s
2026-08-20 19:21:00,0 p/s,0 p/s,0 p/s,0 p/s,58.8 p/s,0 p/s,0 p/s,10.0 kp/s,6.27 kp/s,3.87 kp/s,0 p/s,0 p/s,5.00 kp/s,1.95 kp/s,63.2 p/s,0 p/s,0 p/s,0 p/s,0 p/s,0 p/s,284 p/s,0 p/s,0 p/s,30.8 kp/s,28.3 kp/s,6.67 kp/s,0 p/s,0 p/s,25.8 kp/s,4.09 kp/s,1.80 kp/s,0 p/s
2026-08-20 19:21:20,0 p/s,0 p/s,0 p/s,0 p/s,59.6 p/s,0 p/s,0 p/s,10.1 kp/s,6.31 kp/s,3.93 kp/s,0 p/s,0 p/s,5.05 kp/s,1.97 kp/s,62.3 p/s,0 p/s,0 p/s,0 p/s,0 p/s,0 p/s,287 p/s,0 p/s,0 p/s,31.1 kp/s,28.6 kp/s,6.73 kp/s,0 p/s,0 p/s,26.1 kp/s,4.14 kp/s,1.82 kp/s,0 p/s
2026-08-20 19:21:40,0 p/s,0 p/s,0 p/s,0 p/s,58.1 p/s,0 p/s,0 p/s,10.0 kp/s,6.29 kp/s,3.88 kp/s,0 p/s,0 p/s,5.02 kp/s,1.95 kp/s,62.7 p/s,0 p/s,0 p/s,0 p/s,0 p/s,0 p/s,282 p/s,0 p/s,0 p/s,30.7 kp/s,28.2 kp/s,6.64 kp/s,0 p/s,0 p/s,25.7 kp/s,4.08 kp/s,1.79 kp/s,0 p/s
2026-08-20 19:22:00,0 p/s,0 p/s,0 p/s,0 p/s,59.2 p/s,0 p/s,0 p/s,10.1 kp/s,6.30 kp/s,3.89 kp/s,0 p/s,0 p/s,5.04 kp/s,1.95 kp/s,63.5 p/s,0 p/s,0 p/s,0 p/s,0 p/s,0 p/s,289 p/s,0 p/s,0 p/s,31.4 kp/s,28.9 kp/s,6.79 kp/s,0 p/s,0 p/s,26.3 kp/s,4.16 kp/s,1.83 kp/s,0 p/s
2026-08-20 19:22:20,0 p/s,0 p/s,0 p/s,0 p/s,58.5 p/s,0 p/s,0 p/s,9.94 kp/s,6.17 kp/s,3.89 kp/s,0 p/s,0 p/s,4.98 kp/s,1.94 kp/s,62.8 p/s,0 p/s,0 p/s,0 p/s,0 p/s,0 p/s,285 p/s,0 p/s,0 p/s,31.0 kp/s,28.5 kp/s,6.70 kp/s,0 p/s,0 p/s,26.0 kp/s,4.11 kp/s,1.81 kp/s,0 p/s
2026-08-20 19:22:40,0 p/s,0 p/s,0 p/s,0 p/s,58.3 p/s,0 p/s,0 p/s,10.0 kp/s,6.25 kp/s,3.88 kp/s,0 p/s,0 p/s,5.01 kp/s,1.96 kp/s,62.1 p/s,0 p/s,0 p/s,0 p/s,0 p/s,0 p/s,285 p/s,0 p/s,0 p/s,31.4 kp/s,28.9 kp/s,6.78 kp/s,0 p/s,0 p/s,26.3 kp/s,4.16 kp/s,1.83 kp/s,0 p/s
2026-08-20 19:23:00,0 p/s,0 p/s,0 p/s,0 p/s,58.5 p/s,0 p/s,0 p/s,10.0 kp/s,6.27 kp/s,3.91 kp/s,0 p/s,0 p/s,5.01 kp/s,1.95 kp/s,62.1 p/s,0 p/s,0 p/s,0 p/s,0 p/s,0 p/s,287 p/s,0 p/s,0 p/s,31.2 kp/s,28.7 kp/s,6.75 kp/s,0 p/s,0 p/s,26.2 kp/s,4.14 kp/s,1.82 kp/s,0 p/s
2026-08-20 19:23:20,0 p/s,0 p/s,0 p/s,0 p/s,59.6 p/s,0 p/s,0 p/s,10.2 kp/s,6.34 kp/s,3.94 kp/s,0 p/s,0 p/s,5.09 kp/s,1.98 kp/s,62.8 p/s,0 p/s,0 p/s,0 p/s,0 p/s,0 p/s,285 p/s,0 p/s,0 p/s,31.2 kp/s,28.7 kp/s,6.75 kp/s,0 p/s,0 p/s,26.2 kp/s,4.15 kp/s,1.82 kp/s,0 p/s
2026-08-20 19:23:40,0 p/s,0 p/s,0 p/s,0 p/s,58.7 p/s,0 p/s,0 p/s,10.1 kp/s,6.30 kp/s,3.93 kp/s,0 p/s,0 p/s,5.05 kp/s,1.96 kp/s,63.5 p/s,0 p/s,0 p/s,0 p/s,0 p/s,0 p/s,288 p/s,0 p/s,0 p/s,31.3 kp/s,28.7 kp/s,6.76 kp/s,0 p/s,0 p/s,26.2 kp/s,4.15 kp/s,1.82 kp/s,0 p/s
2026-08-20 19:24:00,0 p/s,0 p/s,0 p/s,0 p/s,57.9 p/s,0 p/s,0 p/s,10.1 kp/s,6.33 kp/s,3.91 kp/s,0 p/s,0 p/s,5.04 kp/s,1.97 kp/s,62.9 p/s,0 p/s,0 p/s,0 p/s,0 p/s,0 p/s,284 p/s,0 p/s,0 p/s,31.0 kp/s,28.5 kp/s,6.70 kp/s,0 p/s,0 p/s,26.0 kp/s,4.11 kp/s,1.81 kp/s,0 p/s
2026-08-20 19:24:20,0 p/s,0 p/s,0 p/s,0 p/s,58 p/s,0 p/s,0 p/s,10.1 kp/s,6.31 kp/s,3.94 kp/s,0 p/s,0 p/s,5.04 kp/s,1.97 kp/s,62.3 p/s,0 p/s,0 p/s,0 p/s,0 p/s,0 p/s,286 p/s,0 p/s,0 p/s,31.2 kp/s,28.7 kp/s,6.75 kp/s,0 p/s,0 p/s,26.2 kp/s,4.14 kp/s,1.82 kp/s,0 p/s
2026-08-20 19:24:40,0 p/s,0 p/s,0 p/s,0 p/s,57.5 p/s,0 p/s,0 p/s,10.1 kp/s,6.30 kp/s,3.89 kp/s,0 p/s,0 p/s,5.04 kp/s,1.97 kp/s,64.5 p/s,0 p/s,0 p/s,0 p/s,0 p/s,0 p/s,286 p/s,0 p/s,0 p/s,31.1 kp/s,28.6 kp/s,6.73 kp/s,0 p/s,0 p/s,26.1 kp/s,4.14 kp/s,1.81 kp/s,0 p/s
2026-08-20 19:25:00,0 p/s,0 p/s,0 p/s,0 p/s,59.9 p/s,0 p/s,0 p/s,10.0 kp/s,6.25 kp/s,3.91 kp/s,0 p/s,0 p/s,5.00 kp/s,1.95 kp/s,62.7 p/s,0 p/s,0 p/s,0 p/s,0 p/s,0 p/s,283 p/s,0 p/s,0 p/s,30.9 kp/s,28.4 kp/s,6.67 kp/s,0 p/s,0 p/s,25.9 kp/s,4.10 kp/s,1.81 kp/s,0 p/s
2026-08-20 19:25:20,0 p/s,0 p/s,0 p/s,0 p/s,57.7 p/s,0 p/s,0 p/s,10.0 kp/s,6.24 kp/s,3.89 kp/s,0 p/s,0 p/s,5.01 kp/s,1.95 kp/s,62.3 p/s,0 p/s,0 p/s,0 p/s,0 p/s,0 p/s,280 p/s,0 p/s,0 p/s,30.5 kp/s,28.1 kp/s,6.59 kp/s,0 p/s,0 p/s,25.6 kp/s,4.04 kp/s,1.78 kp/s,0 p/s
2026-08-20 19:25:40,0 p/s,0 p/s,0 p/s,0 p/s,58.5 p/s,0 p/s,0 p/s,10.1 kp/s,6.30 kp/s,3.90 kp/s,0 p/s,0 p/s,5.03 kp/s,1.96 kp/s,63.5 p/s,0 p/s,0 p/s,0 p/s,0 p/s,0 p/s,284 p/s,0 p/s,0 p/s,31.0 kp/s,28.5 kp/s,6.71 kp/s,0 p/s,0 p/s,26.0 kp/s,4.12 kp/s,1.81 kp/s,0 p/s
2026-08-20 19:26:00,0 p/s,0 p/s,0 p/s,0 p/s,58.4 p/s,0 p/s,0 p/s,10.1 kp/s,6.34 kp/s,3.90 kp/s,0 p/s,0 p/s,5.06 kp/s,1.97 kp/s,64 p/s,0 p/s,0 p/s,0 p/s,0 p/s,0 p/s,286 p/s,0 p/s,0 p/s,31.1 kp/s,28.6 kp/s,6.72 kp/s,0 p/s,0 p/s,26.1 kp/s,4.12 kp/s,1.82 kp/s,0 p/s
2026-08-20 19:26:20,0 p/s,0 p/s,0 p/s,0 p/s,61.2 p/s,0 p/s,0 p/s,10.3 kp/s,6.43 kp/s,4.01 kp/s,0 p/s,0 p/s,5.11 kp/s,2.00 kp/s,64.8 p/s,0 p/s,0 p/s,0 p/s,0 p/s,0 p/s,98 p/s,0 p/s,0 p/s,30.0 kp/s,27.9 kp/s,6.61 kp/s,0 p/s,0 p/s,25.5 kp/s,3.99 kp/s,1.72 kp/s,0 p/s
2026-08-20 19:26:40,0 p/s,0 p/s,0 p/s,0 p/s,62.3 p/s,0 p/s,0 p/s,10.8 kp/s,6.78 kp/s,4.21 kp/s,0 p/s,0 p/s,5.36 kp/s,2.12 kp/s,69.1 p/s,0 p/s,0 p/s,0 p/s,0 p/s,0 p/s,0 p/s,0 p/s,0 p/s,30.4 kp/s,28.6 kp/s,6.98 kp/s,0 p/s,0 p/s,25.8 kp/s,4.25 kp/s,1.75 kp/s,0 p/s
2026-08-20 19:27:00,0 p/s,0 p/s,0 p/s,0 p/s,62.8 p/s,0 p/s,0 p/s,10.9 kp/s,6.79 kp/s,4.26 kp/s,0 p/s,0 p/s,5.37 kp/s,2.13 kp/s,69.7 p/s,0 p/s,0 p/s,0 p/s,0 p/s,0 p/s,2.67 p/s,0 p/s,0 p/s,28.3 kp/s,27.5 kp/s,6.73 kp/s,0 p/s,0 p/s,24.0 kp/s,4.32 kp/s,1.63 kp/s,0 p/s
2026-08-20 19:27:20,0 p/s,0 p/s,0 p/s,0 p/s,63.6 p/s,0 p/s,0 p/s,10.9 kp/s,6.86 kp/s,4.23 kp/s,0 p/s,0 p/s,5.38 kp/s,2.14 kp/s,69.6 p/s,0 p/s,0 p/s,0 p/s,0 p/s,0 p/s,22.1 p/s,0 p/s,0 p/s,19.3 kp/s,21.1 kp/s,5.13 kp/s,0 p/s,0 p/s,16.1 kp/s,4.01 kp/s,1.39 kp/s,0 p/s
2026-08-20 19:27:40,0 p/s,0 p/s,0 p/s,0 p/s,64 p/s,0 p/s,0 p/s,11.0 kp/s,6.98 kp/s,4.23 kp/s,0 p/s,0 p/s,5.46 kp/s,2.16 kp/s,73.1 p/s,0 p/s,0 p/s,0 p/s,0 p/s,0 p/s,24.4 p/s,0 p/s,0 p/s,13.6 kp/s,17.5 kp/s,3.83 kp/s,0 p/s,0 p/s,11.4 kp/s,3.80 kp/s,937 p/s,0 p/s
2026-08-20 19:28:00,0 p/s,0 p/s,0 p/s,0 p/s,65.6 p/s,0 p/s,0 p/s,11.3 kp/s,7.21 kp/s,4.32 kp/s,0 p/s,0 p/s,5.64 kp/s,2.21 kp/s,74.7 p/s,0 p/s,0 p/s,0 p/s,0 p/s,0 p/s,28.4 p/s,0 p/s,0 p/s,7.01 kp/s,13.9 kp/s,2.29 kp/s,0 p/s,0 p/s,5.30 kp/s,3.81 kp/s,668 p/s,0 p/s
2026-08-20 19:28:20,0 p/s,0 p/s,0 p/s,0 p/s,63.2 p/s,0 p/s,0 p/s,11.0 kp/s,6.99 kp/s,4.20 kp/s,0 p/s,0 p/s,5.52 kp/s,2.14 kp/s,72.4 p/s,0 p/s,0 p/s,0 p/s,0 p/s,0 p/s,32 p/s,0 p/s,0 p/s,3.95 kp/s,12.2 kp/s,936 p/s,0 p/s,0 p/s,1.29 kp/s,3.55 kp/s,632 p/s,0 p/s
2026-08-20 19:28:40,0 p/s,0 p/s,0 p/s,0 p/s,62 p/s,0 p/s,0 p/s,10.9 kp/s,6.86 kp/s,4.15 kp/s,0 p/s,0 p/s,5.45 kp/s,2.11 kp/s,70.8 p/s,0 p/s,0 p/s,0 p/s,0 p/s,0 p/s,32.4 p/s,0 p/s,0 p/s,3.99 kp/s,12.3 kp/s,947 p/s,0 p/s,0 p/s,1.30 kp/s,3.59 kp/s,638 p/s,0 p/s
2026-08-20 19:29:00,0 p/s,0 p/s,0 p/s,0 p/s,62.9 p/s,0 p/s,0 p/s,11.0 kp/s,7.00 kp/s,4.19 kp/s,0 p/s,0 p/s,5.52 kp/s,2.14 kp/s,72.3 p/s,0 p/s,0 p/s,0 p/s,0 p/s,0 p/s,32 p/s,0 p/s,0 p/s,4.03 kp/s,12.4 kp/s,951 p/s,0 p/s,0 p/s,1.31 kp/s,3.62 kp/s,647 p/s,0 p/s
2026-08-20 19:29:20,0 p/s,0 p/s,0 p/s,0 p/s,62.7 p/s,0 p/s,0 p/s,10.9 kp/s,6.94 kp/s,4.15 kp/s,0 p/s,0 p/s,5.48 kp/s,2.12 kp/s,71.6 p/s,0 p/s,0 p/s,0 p/s,0 p/s,0 p/s,33.5 p/s,0 p/s,0 p/s,4.02 kp/s,12.4 kp/s,951 p/s,0 p/s,0 p/s,1.30 kp/s,3.60 kp/s,639 p/s,0 p/s
2026-08-20 19:29:40,0 p/s,0 p/s,0 p/s,0 p/s,63.3 p/s,0 p/s,0 p/s,10.8 kp/s,6.81 kp/s,4.14 kp/s,0 p/s,0 p/s,5.43 kp/s,2.12 kp/s,69.7 p/s,0 p/s,0 p/s,0 p/s,0 p/s,0 p/s,33.1 p/s,0 p/s,0 p/s,3.99 kp/s,12.3 kp/s,943 p/s,0 p/s,0 p/s,1.30 kp/s,3.57 kp/s,633 p/s,0 p/s
2026-08-20 19:30:00,0 p/s,0 p/s,0 p/s,0 p/s,63.1 p/s,0 p/s,0 p/s,10.9 kp/s,6.89 kp/s,4.15 kp/s,0 p/s,0 p/s,5.45 kp/s,2.11 kp/s,70.4 p/s,0 p/s,0 p/s,0 p/s,0 p/s,0 p/s,33.2 p/s,0 p/s,0 p/s,4.02 kp/s,12.4 kp/s,949 p/s,0 p/s,0 p/s,1.31 kp/s,3.59 kp/s,639 p/s,0 p/s
2026-08-20 19:30:20,0 p/s,0 p/s,0 p/s,0 p/s,61.2 p/s,0 p/s,0 p/s,10.7 kp/s,6.76 kp/s,4.10 kp/s,0 p/s,0 p/s,5.35 kp/s,2.08 kp/s,69.1 p/s,0 p/s,0 p/s,0 p/s,0 p/s,0 p/s,34.5 p/s,0 p/s,0 p/s,4.03 kp/s,12.4 kp/s,951 p/s,0 p/s,0 p/s,1.31 kp/s,3.61 kp/s,636 p/s,0 p/s
2026-08-20 19:30:40,0 p/s,0 p/s,0 p/s,0 p/s,64.9 p/s,0 p/s,0 p/s,11.1 kp/s,7.01 kp/s,4.21 kp/s,0 p/s,0 p/s,5.54 kp/s,2.15 kp/s,71.6 p/s,0 p/s,0 p/s,0 p/s,0 p/s,0 p/s,33.2 p/s,0 p/s,0 p/s,4.06 kp/s,12.5 kp/s,961 p/s,0 p/s,0 p/s,1.32 kp/s,3.64 kp/s,649 p/s,0 p/s
2026-08-20 19:31:00,0 p/s,0 p/s,0 p/s,0 p/s,63.5 p/s,0 p/s,0 p/s,11.0 kp/s,6.99 kp/s,4.16 kp/s,0 p/s,0 p/s,5.51 kp/s,2.14 kp/s,71.5 p/s,0 p/s,0 p/s,0 p/s,0 p/s,0 p/s,32.4 p/s,0 p/s,0 p/s,4.01 kp/s,12.3 kp/s,945 p/s,0 p/s,0 p/s,1.30 kp/s,3.58 kp/s,642 p/s,0 p/s
2026-08-20 19:31:20,0 p/s,0 p/s,0 p/s,0 p/s,63.5 p/s,0 p/s,0 p/s,11.0 kp/s,6.94 kp/s,4.17 kp/s,0 p/s,0 p/s,5.49 kp/s,2.14 kp/s,71.2 p/s,0 p/s,0 p/s,0 p/s,0 p/s,0 p/s,33.2 p/s,0 p/s,0 p/s,4.04 kp/s,12.4 kp/s,954 p/s,0 p/s,0 p/s,1.32 kp/s,3.61 kp/s,645 p/s,0 p/s
2026-08-20 19:31:40,0 p/s,0 p/s,0 p/s,0 p/s,62.4 p/s,0 p/s,0 p/s,10.8 kp/s,6.85 kp/s,4.13 kp/s,0 p/s,0 p/s,5.43 kp/s,2.11 kp/s,70.1 p/s,0 p/s,0 p/s,0 p/s,0 p/s,0 p/s,32.3 p/s,0 p/s,0 p/s,4.01 kp/s,12.4 kp/s,949 p/s,0 p/s,0 p/s,1.31 kp/s,3.59 kp/s,643 p/s,0 p/s
2026-08-20 19:32:00,0 p/s,0 p/s,0 p/s,0 p/s,63.3 p/s,0 p/s,0 p/s,11.0 kp/s,6.94 kp/s,4.19 kp/s,0 p/s,0 p/s,5.49 kp/s,2.13 kp/s,70.8 p/s,0 p/s,0 p/s,0 p/s,0 p/s,0 p/s,33.2 p/s,0 p/s,0 p/s,4.03 kp/s,12.4 kp/s,952 p/s,0 p/s,0 p/s,1.31 kp/s,3.60 kp/s,644 p/s,0 p/s
2026-08-20 19:32:20,0 p/s,0 p/s,0 p/s,0 p/s,62.9 p/s,0 p/s,0 p/s,10.9 kp/s,6.90 kp/s,4.11 kp/s,0 p/s,0 p/s,5.44 kp/s,2.11 kp/s,70.8 p/s,0 p/s,0 p/s,0 p/s,0 p/s,0 p/s,33.5 p/s,0 p/s,0 p/s,4.00 kp/s,12.3 kp/s,945 p/s,0 p/s,0 p/s,1.30 kp/s,3.58 kp/s,635 p/s,0 p/s
2026-08-20 19:32:40,0 p/s,0 p/s,0 p/s,0 p/s,62.9 p/s,0 p/s,0 p/s,10.9 kp/s,6.94 kp/s,4.15 kp/s,0 p/s,0 p/s,5.47 kp/s,2.13 kp/s,70.5 p/s,0 p/s,0 p/s,0 p/s,0 p/s,0 p/s,33.5 p/s,0 p/s,0 p/s,4.01 kp/s,12.4 kp/s,947 p/s,0 p/s,0 p/s,1.30 kp/s,3.59 kp/s,638 p/s,0 p/s
2026-08-20 19:33:00,0 p/s,0 p/s,0 p/s,0 p/s,63.2 p/s,0 p/s,0 p/s,10.9 kp/s,6.92 kp/s,4.13 kp/s,0 p/s,0 p/s,5.46 kp/s,2.12 kp/s,71.2 p/s,0 p/s,0 p/s,0 p/s,0 p/s,0 p/s,33.3 p/s,0 p/s,0 p/s,4.04 kp/s,12.5 kp/s,959 p/s,0 p/s,0 p/s,1.32 kp/s,3.62 kp/s,646 p/s,0 p/s
2026-08-20 19:33:20,0 p/s,0 p/s,0 p/s,0 p/s,63.6 p/s,0 p/s,0 p/s,11.0 kp/s,6.94 kp/s,4.18 kp/s,0 p/s,0 p/s,5.48 kp/s,2.13 kp/s,71.2 p/s,0 p/s,0 p/s,0 p/s,0 p/s,0 p/s,33.3 p/s,0 p/s,0 p/s,4.05 kp/s,12.5 kp/s,959 p/s,0 p/s,0 p/s,1.32 kp/s,3.62 kp/s,649 p/s,0 p/s
2026-08-20 19:33:40,0 p/s,0 p/s,0 p/s,0 p/s,63.3 p/s,0 p/s,0 p/s,11.0 kp/s,6.97 kp/s,4.20 kp/s,0 p/s,0 p/s,5.52 kp/s,2.13 kp/s,71.6 p/s,0 p/s,0 p/s,0 p/s,0 p/s,0 p/s,32.5 p/s,0 p/s,0 p/s,4.03 kp/s,12.4 kp/s,954 p/s,0 p/s,0 p/s,1.31 kp/s,3.61 kp/s,646 p/s,0 p/s
2026-08-20 19:34:00,0 p/s,0 p/s,0 p/s,0 p/s,63.9 p/s,0 p/s,0 p/s,11.0 kp/s,7.01 kp/s,4.17 kp/s,0 p/s,0 p/s,5.53 kp/s,2.14 kp/s,72.1 p/s,0 p/s,0 p/s,0 p/s,0 p/s,0 p/s,33.3 p/s,0 p/s,0 p/s,4.03 kp/s,12.4 kp/s,954 p/s,0 p/s,0 p/s,1.31 kp/s,3.62 kp/s,644 p/s,0 p/s
2026-08-20 19:34:20,0 p/s,0 p/s,0 p/s,0 p/s,64.1 p/s,0 p/s,0 p/s,11.0 kp/s,6.99 kp/s,4.20 kp/s,0 p/s,0 p/s,5.52 kp/s,2.15 kp/s,71.6 p/s,0 p/s,0 p/s,0 p/s,0 p/s,0 p/s,33.6 p/s,0 p/s,0 p/s,4.06 kp/s,12.5 kp/s,957 p/s,0 p/s,0 p/s,1.32 kp/s,3.63 kp/s,651 p/s,0 p/s
2026-08-20 19:34:40,0 p/s,0 p/s,0 p/s,0 p/s,62.7 p/s,0 p/s,0 p/s,11.0 kp/s,6.95 kp/s,4.18 kp/s,0 p/s,0 p/s,5.48 kp/s,2.13 kp/s,71.2 p/s,0 p/s,0 p/s,0 p/s,0 p/s,0 p/s,32.8 p/s,0 p/s,0 p/s,4.01 kp/s,12.4 kp/s,949 p/s,0 p/s,0 p/s,1.31 kp/s,3.60 kp/s,641 p/s,0 p/s
2026-08-20 19:35:00,0 p/s,0 p/s,0 p/s,0 p/s,64.3 p/s,0 p/s,0 p/s,11.0 kp/s,7.00 kp/s,4.17 kp/s,0 p/s,0 p/s,5.54 kp/s,2.14 kp/s,72.1 p/s,0 p/s,0 p/s,0 p/s,0 p/s,0 p/s,33.9 p/s,0 p/s,0 p/s,4.05 kp/s,12.5 kp/s,957 p/s,0 p/s,0 p/s,1.31 kp/s,3.62 kp/s,643 p/s,0 p/s
2026-08-20 19:35:20,0 p/s,0 p/s,0 p/s,0 p/s,62 p/s,0 p/s,0 p/s,10.9 kp/s,6.93 kp/s,4.18 kp/s,0 p/s,0 p/s,5.49 kp/s,2.13 kp/s,70.9 p/s,0 p/s,0 p/s,0 p/s,0 p/s,0 p/s,34.3 p/s,0 p/s,0 p/s,4.06 kp/s,12.5 kp/s,962 p/s,0 p/s,0 p/s,1.32 kp/s,3.65 kp/s,650 p/s,0 p/s
2026-08-20 19:35:40,0 p/s,0 p/s,0 p/s,0 p/s,63.2 p/s,0 p/s,0 p/s,10.9 kp/s,6.94 kp/s,4.14 kp/s,0 p/s,0 p/s,5.48 kp/s,2.12 kp/s,71.6 p/s,0 p/s,0 p/s,0 p/s,0 p/s,0 p/s,33.5 p/s,0 p/s,0 p/s,4.05 kp/s,12.4 kp/s,955 p/s,0 p/s,0 p/s,1.32 kp/s,3.62 kp/s,647 p/s,0 p/s
2026-08-20 19:36:00,0 p/s,0 p/s,0 p/s,0 p/s,62.1 p/s,0 p/s,0 p/s,10.9 kp/s,6.94 kp/s,4.16 kp/s,0 p/s,0 p/s,5.48 kp/s,2.12 kp/s,71.3 p/s,0 p/s,0 p/s,0 p/s,0 p/s,0 p/s,32.7 p/s,0 p/s,0 p/s,4.00 kp/s,12.3 kp/s,946 p/s,0 p/s,0 p/s,1.30 kp/s,3.59 kp/s,640 p/s,0 p/s
2026-08-20 19:36:20,0 p/s,0 p/s,0 p/s,0 p/s,63.3 p/s,0 p/s,0 p/s,10.9 kp/s,6.96 kp/s,4.16 kp/s,0 p/s,0 p/s,5.48 kp/s,2.13 kp/s,70.9 p/s,0 p/s,0 p/s,0 p/s,0 p/s,0 p/s,32.8 p/s,0 p/s,0 p/s,4.01 kp/s,12.4 kp/s,946 p/s,0 p/s,0 p/s,1.30 kp/s,3.60 kp/s,643 p/s,0 p/s
2026-08-20 19:36:40,0 p/s,0 p/s,0 p/s,0 p/s,62.1 p/s,0 p/s,0 p/s,11.0 kp/s,6.94 kp/s,4.14 kp/s,0 p/s,0 p/s,5.49 kp/s,2.13 kp/s,72 p/s,0 p/s,0 p/s,0 p/s,0 p/s,0 p/s,33.2 p/s,0 p/s,0 p/s,4.03 kp/s,12.4 kp/s,958 p/s,0 p/s,0 p/s,1.32 kp/s,3.62 kp/s,646 p/s,0 p/s
2026-08-20 19:37:00,0 p/s,0 p/s,0 p/s,0 p/s,63.3 p/s,0 p/s,0 p/s,10.9 kp/s,6.92 kp/s,4.18 kp/s,0 p/s,0 p/s,5.44 kp/s,2.13 kp/s,70.7 p/s,0 p/s,0 p/s,0 p/s,0 p/s,0 p/s,198 p/s,0 p/s,0 p/s,5.11 kp/s,13.0 kp/s,1.13 kp/s,0 p/s,0 p/s,1.56 kp/s,4.08 kp/s,647 p/s,0 p/s
2026-08-20 19:37:20,0 p/s,0 p/s,0 p/s,0 p/s,65.1 p/s,0 p/s,0 p/s,11.0 kp/s,6.95 kp/s,4.22 kp/s,0 p/s,0 p/s,5.47 kp/s,2.15 kp/s,70.8 p/s,0 p/s,0 p/s,0 p/s,0 p/s,0 p/s,222 p/s,0 p/s,0 p/s,13.3 kp/s,19.3 kp/s,1.88 kp/s,0 p/s,0 p/s,2.34 kp/s,11.0 kp/s,605 p/s,0 p/s
2026-08-20 19:37:40,0 p/s,0 p/s,0 p/s,0 p/s,64.1 p/s,0 p/s,0 p/s,10.8 kp/s,6.79 kp/s,4.16 kp/s,0 p/s,0 p/s,5.39 kp/s,2.11 kp/s,69.2 p/s,0 p/s,0 p/s,0 p/s,0 p/s,0 p/s,202 p/s,0 p/s,0 p/s,16.0 kp/s,21.1 kp/s,2.03 kp/s,0 p/s,0 p/s,2.50 kp/s,13.5 kp/s,563 p/s,0 p/s
2026-08-20 19:38:00,0 p/s,0 p/s,0 p/s,0 p/s,63.9 p/s,0 p/s,0 p/s,10.9 kp/s,6.86 kp/s,4.18 kp/s,0 p/s,0 p/s,5.40 kp/s,2.11 kp/s,69.3 p/s,0 p/s,0 p/s,0 p/s,0 p/s,0 p/s,198 p/s,0 p/s,0 p/s,19.2 kp/s,23.6 kp/s,2.30 kp/s,0 p/s,0 p/s,2.93 kp/s,16.2 kp/s,535 p/s,0 p/s
2026-08-20 19:38:20,0 p/s,0 p/s,0 p/s,0 p/s,63.9 p/s,0 p/s,0 p/s,10.8 kp/s,6.79 kp/s,4.17 kp/s,0 p/s,0 p/s,5.38 kp/s,2.10 kp/s,69.3 p/s,0 p/s,0 p/s,0 p/s,0 p/s,0 p/s,181 p/s,0 p/s,0 p/s,24.1 kp/s,27.4 kp/s,2.74 kp/s,0 p/s,0 p/s,3.32 kp/s,20.7 kp/s,486 p/s,0 p/s
2026-08-20 19:38:40,0 p/s,0 p/s,0 p/s,0 p/s,63.7 p/s,0 p/s,0 p/s,10.6 kp/s,6.67 kp/s,4.12 kp/s,0 p/s,0 p/s,5.31 kp/s,2.08 kp/s,66.8 p/s,0 p/s,0 p/s,0 p/s,0 p/s,0 p/s,173 p/s,0 p/s,0 p/s,25.6 kp/s,28.7 kp/s,3.10 kp/s,0 p/s,0 p/s,4.01 kp/s,22.2 kp/s,501 p/s,0 p/s
2026-08-20 19:39:00,0 p/s,0 p/s,0 p/s,0 p/s,62.8 p/s,0 p/s,0 p/s,10.5 kp/s,6.58 kp/s,4.03 kp/s,0 p/s,0 p/s,5.20 kp/s,2.05 kp/s,65.7 p/s,0 p/s,0 p/s,0 p/s,0 p/s,0 p/s,168 p/s,0 p/s,0 p/s,25.4 kp/s,28.5 kp/s,3.09 kp/s,0 p/s,0 p/s,4.04 kp/s,22.0 kp/s,499 p/s,0 p/s
2026-08-20 19:39:20,0 p/s,0 p/s,0 p/s,0 p/s,64.1 p/s,0 p/s,0 p/s,10.6 kp/s,6.63 kp/s,4.07 kp/s,0 p/s,0 p/s,5.26 kp/s,2.06 kp/s,66.5 p/s,0 p/s,0 p/s,0 p/s,0 p/s,0 p/s,171 p/s,0 p/s,0 p/s,25.4 kp/s,28.5 kp/s,3.08 kp/s,0 p/s,0 p/s,4.03 kp/s,22.0 kp/s,495 p/s,0 p/s
2026-08-20 19:39:40,0 p/s,0 p/s,0 p/s,0 p/s,62 p/s,0 p/s,0 p/s,10.5 kp/s,6.59 kp/s,4.04 kp/s,0 p/s,0 p/s,5.24 kp/s,2.05 kp/s,66.7 p/s,0 p/s,0 p/s,0 p/s,0 p/s,0 p/s,173 p/s,0 p/s,0 p/s,25.3 kp/s,28.3 kp/s,3.07 kp/s,0 p/s,0 p/s,4.02 kp/s,21.9 kp/s,489 p/s,0 p/s
2026-08-20 19:40:00,0 p/s,0 p/s,0 p/s,0 p/s,63.6 p/s,0 p/s,0 p/s,10.8 kp/s,6.78 kp/s,4.15 kp/s,0 p/s,0 p/s,5.36 kp/s,2.10 kp/s,68.1 p/s,0 p/s,0 p/s,0 p/s,0 p/s,0 p/s,172 p/s,0 p/s,0 p/s,25.5 kp/s,28.6 kp/s,3.10 kp/s,0 p/s,0 p/s,4.05 kp/s,22.0 kp/s,491 p/s,0 p/s
2026-08-20 19:40:20,0 p/s,0 p/s,0 p/s,0 p/s,62.7 p/s,0 p/s,0 p/s,10.6 kp/s,6.68 kp/s,4.11 kp/s,0 p/s,0 p/s,5.29 kp/s,2.07 kp/s,66.8 p/s,0 p/s,0 p/s,0 p/s,0 p/s,0 p/s,176 p/s,0 p/s,0 p/s,25.6 kp/s,28.8 kp/s,3.12 kp/s,0 p/s,0 p/s,4.08 kp/s,22.2 kp/s,495 p/s,0 p/s
2026-08-20 19:40:40,0 p/s,0 p/s,0 p/s,0 p/s,63.1 p/s,0 p/s,0 p/s,10.7 kp/s,6.72 kp/s,4.11 kp/s,0 p/s,0 p/s,5.34 kp/s,2.08 kp/s,68.1 p/s,0 p/s,0 p/s,0 p/s,0 p/s,0 p/s,175 p/s,0 p/s,0 p/s,25.4 kp/s,28.6 kp/s,3.09 kp/s,0 p/s,0 p/s,4.05 kp/s,22.0 kp/s,489 p/s,0 p/s
2026-08-20 19:41:00,0 p/s,0 p/s,0 p/s,0 p/s,62.9 p/s,0 p/s,0 p/s,10.7 kp/s,6.73 kp/s,4.13 kp/s,0 p/s,0 p/s,5.36 kp/s,2.09 kp/s,67.5 p/s,0 p/s,0 p/s,0 p/s,0 p/s,0 p/s,175 p/s,0 p/s,0 p/s,25.4 kp/s,28.5 kp/s,3.09 kp/s,0 p/s,0 p/s,4.04 kp/s,22.0 kp/s,489 p/s,0 p/s
2026-08-20 19:41:20,0 p/s,0 p/s,0 p/s,0 p/s,63.3 p/s,0 p/s,0 p/s,10.7 kp/s,6.75 kp/s,4.16 kp/s,0 p/s,0 p/s,5.36 kp/s,2.09 kp/s,68.4 p/s,0 p/s,0 p/s,0 p/s,0 p/s,0 p/s,173 p/s,0 p/s,0 p/s,25.1 kp/s,28.2 kp/s,3.05 kp/s,0 p/s,0 p/s,3.99 kp/s,21.7 kp/s,483 p/s,0 p/s
2026-08-20 19:41:40,0 p/s,0 p/s,0 p/s,0 p/s,61.9 p/s,0 p/s,0 p/s,10.6 kp/s,6.66 kp/s,4.07 kp/s,0 p/s,0 p/s,5.29 kp/s,2.07 kp/s,67.1 p/s,0 p/s,0 p/s,0 p/s,0 p/s,0 p/s,173 p/s,0 p/s,0 p/s,24.9 kp/s,27.9 kp/s,3.03 kp/s,0 p/s,0 p/s,3.95 kp/s,21.5 kp/s,477 p/s,0 p/s
2026-08-20 19:42:00,0 p/s,0 p/s,0 p/s,0 p/s,62.3 p/s,0 p/s,0 p/s,10.8 kp/s,6.76 kp/s,4.15 kp/s,0 p/s,0 p/s,5.39 kp/s,2.10 kp/s,69.5 p/s,0 p/s,0 p/s,0 p/s,0 p/s,0 p/s,177 p/s,0 p/s,0 p/s,25.1 kp/s,28.1 kp/s,3.05 kp/s,0 p/s,0 p/s,3.99 kp/s,21.7 kp/s,480 p/s,0 p/s
2026-08-20 19:42:20,0 p/s,0 p/s,0 p/s,0 p/s,61.7 p/s,0 p/s,0 p/s,10.5 kp/s,6.59 kp/s,4.04 kp/s,0 p/s,0 p/s,5.24 kp/s,2.05 kp/s,66.9 p/s,0 p/s,0 p/s,0 p/s,0 p/s,0 p/s,175 p/s,0 p/s,0 p/s,25.5 kp/s,28.6 kp/s,3.11 kp/s,0 p/s,0 p/s,4.06 kp/s,22.1 kp/s,492 p/s,0 p/s
2026-08-20 19:42:40,0 p/s,0 p/s,0 p/s,0 p/s,62 p/s,0 p/s,0 p/s,10.6 kp/s,6.68 kp/s,4.08 kp/s,0 p/s,0 p/s,5.28 kp/s,2.06 kp/s,67.3 p/s,0 p/s,0 p/s,0 p/s,0 p/s,0 p/s,169 p/s,0 p/s,0 p/s,24.9 kp/s,27.9 kp/s,3.03 kp/s,0 p/s,0 p/s,3.95 kp/s,21.5 kp/s,482 p/s,0 p/s
2026-08-20 19:43:00,0 p/s,0 p/s,0 p/s,0 p/s,62.1 p/s,0 p/s,0 p/s,10.6 kp/s,6.67 kp/s,4.06 kp/s,0 p/s,0 p/s,5.30 kp/s,2.07 kp/s,68.1 p/s,0 p/s,0 p/s,0 p/s,0 p/s,0 p/s,172 p/s,0 p/s,0 p/s,25.2 kp/s,28.3 kp/s,3.06 kp/s,0 p/s,0 p/s,4.01 kp/s,21.8 kp/s,487 p/s,0 p/s
2026-08-20 19:43:20,0 p/s,0 p/s,0 p/s,0 p/s,62.3 p/s,0 p/s,0 p/s,10.6 kp/s,6.71 kp/s,4.09 kp/s,0 p/s,0 p/s,5.30 kp/s,2.07 kp/s,67.3 p/s,0 p/s,0 p/s,0 p/s,0 p/s,0 p/s,176 p/s,0 p/s,0 p/s,25.5 kp/s,28.6 kp/s,3.10 kp/s,0 p/s,0 p/s,4.05 kp/s,22.1 kp/s,490 p/s,0 p/s
2026-08-20 19:43:40,0 p/s,0 p/s,0 p/s,0 p/s,61.6 p/s,0 p/s,0 p/s,10.7 kp/s,6.73 kp/s,4.09 kp/s,0 p/s,0 p/s,5.32 kp/s,2.08 kp/s,68 p/s,0 p/s,0 p/s,0 p/s,0 p/s,0 p/s,174 p/s,0 p/s,0 p/s,25.4 kp/s,28.5 kp/s,3.09 kp/s,0 p/s,0 p/s,4.04 kp/s,22.0 kp/s,490 p/s,0 p/s
2026-08-20 19:44:00,0 p/s,0 p/s,0 p/s,0 p/s,61.9 p/s,0 p/s,0 p/s,10.6 kp/s,6.66 kp/s,4.08 kp/s,0 p/s,0 p/s,5.30 kp/s,2.06 kp/s,67.5 p/s,0 p/s,0 p/s,0 p/s,0 p/s,0 p/s,174 p/s,0 p/s,0 p/s,25.3 kp/s,28.4 kp/s,3.08 kp/s,0 p/s,0 p/s,4.02 kp/s,21.9 kp/s,488 p/s,0 p/s
2026-08-20 19:44:20,0 p/s,0 p/s,0 p/s,0 p/s,61.5 p/s,0 p/s,0 p/s,10.5 kp/s,6.59 kp/s,4.09 kp/s,0 p/s,0 p/s,5.28 kp/s,2.05 kp/s,66.8 p/s,0 p/s,0 p/s,0 p/s,0 p/s,0 p/s,173 p/s,0 p/s,0 p/s,25.1 kp/s,28.2 kp/s,3.06 kp/s,0 p/s,0 p/s,3.99 kp/s,21.8 kp/s,481 p/s,0 p/s
2026-08-20 19:44:40,0 p/s,0 p/s,0 p/s,0 p/s,62.5 p/s,0 p/s,0 p/s,10.6 kp/s,6.66 kp/s,4.06 kp/s,0 p/s,0 p/s,5.26 kp/s,2.06 kp/s,66.9 p/s,0 p/s,0 p/s,0 p/s,0 p/s,0 p/s,173 p/s,0 p/s,0 p/s,25.2 kp/s,28.3 kp/s,3.06 kp/s,0 p/s,0 p/s,4.01 kp/s,21.8 kp/s,485 p/s,0 p/s
2026-08-20 19:45:00,0 p/s,0 p/s,0 p/s,0 p/s,62 p/s,0 p/s,0 p/s,10.6 kp/s,6.68 kp/s,4.08 kp/s,0 p/s,0 p/s,5.32 kp/s,2.07 kp/s,68.1 p/s,0 p/s,0 p/s,0 p/s,0 p/s,0 p/s,170 p/s,0 p/s,0 p/s,25.0 kp/s,28.1 kp/s,3.05 kp/s,0 p/s,0 p/s,3.97 kp/s,21.6 kp/s,483 p/s,0 p/s
2026-08-20 19:45:20,0 p/s,0 p/s,0 p/s,0 p/s,62.1 p/s,0 p/s,0 p/s,10.7 kp/s,6.74 kp/s,4.10 kp/s,0 p/s,0 p/s,5.33 kp/s,2.08 kp/s,68.5 p/s,0 p/s,0 p/s,0 p/s,0 p/s,0 p/s,173 p/s,0 p/s,0 p/s,25.0 kp/s,28.1 kp/s,3.05 kp/s,0 p/s,0 p/s,3.98 kp/s,21.7 kp/s,482 p/s,0 p/s
2026-08-20 19:45:40,0 p/s,0 p/s,0 p/s,0 p/s,60.3 p/s,0 p/s,0 p/s,10.4 kp/s,6.47 kp/s,4.03 kp/s,0 p/s,0 p/s,5.18 kp/s,2.03 kp/s,65.5 p/s,0 p/s,0 p/s,0 p/s,0 p/s,0 p/s,172 p/s,0 p/s,0 p/s,24.7 kp/s,27.8 kp/s,3.01 kp/s,0 p/s,0 p/s,3.93 kp/s,21.4 kp/s,472 p/s,0 p/s
2026-08-20 19:46:00,0 p/s,0 p/s,0 p/s,0 p/s,60.9 p/s,0 p/s,0 p/s,10.4 kp/s,6.54 kp/s,4.01 kp/s,0 p/s,0 p/s,5.21 kp/s,2.03 kp/s,66.4 p/s,0 p/s,0 p/s,0 p/s,0 p/s,0 p/s,167 p/s,0 p/s,0 p/s,24.6 kp/s,27.6 kp/s,2.99 kp/s,0 p/s,0 p/s,3.91 kp/s,21.3 kp/s,475 p/s,0 p/s
2026-08-20 19:46:20,0 p/s,0 p/s,0 p/s,0 p/s,62 p/s,0 p/s,0 p/s,10.6 kp/s,6.69 kp/s,4.08 kp/s,0 p/s,0 p/s,5.31 kp/s,2.07 kp/s,68.1 p/s,0 p/s,0 p/s,0 p/s,0 p/s,0 p/s,172 p/s,0 p/s,0 p/s,24.9 kp/s,28.0 kp/s,3.04 kp/s,0 p/s,0 p/s,3.96 kp/s,21.6 kp/s,479 p/s,0 p/s
2026-08-20 19:46:40,0 p/s,0 p/s,0 p/s,0 p/s,62 p/s,0 p/s,0 p/s,10.7 kp/s,6.74 kp/s,4.09 kp/s,0 p/s,0 p/s,5.33 kp/s,2.08 kp/s,68.4 p/s,0 p/s,0 p/s,0 p/s,0 p/s,0 p/s,172 p/s,0 p/s,0 p/s,25.1 kp/s,28.2 kp/s,3.06 kp/s,0 p/s,0 p/s,4.00 kp/s,21.8 kp/s,486 p/s,0 p/s
2026-08-20 19:47:00,0 p/s,0 p/s,0 p/s,0 p/s,63.1 p/s,0 p/s,0 p/s,10.7 kp/s,6.70 kp/s,4.13 kp/s,0 p/s,0 p/s,5.34 kp/s,2.09 kp/s,67.7 p/s,0 p/s,0 p/s,0 p/s,0 p/s,0 p/s,195 p/s,0 p/s,0 p/s,25.5 kp/s,28.5 kp/s,3.10 kp/s,0 p/s,0 p/s,4.04 kp/s,22.0 kp/s,490 p/s,0 p/s
2026-08-20 19:47:20,0 p/s,0 p/s,0 p/s,0 p/s,62.9 p/s,0 p/s,0 p/s,10.7 kp/s,6.72 kp/s,4.14 kp/s,0 p/s,0 p/s,5.34 kp/s,2.08 kp/s,67.7 p/s,0 p/s,0 p/s,0 p/s,0 p/s,0 p/s,630 p/s,0 p/s,0 p/s,28.3 kp/s,29.9 kp/s,4.47 kp/s,0 p/s,0 p/s,4.93 kp/s,23.4 kp/s,780 p/s,0 p/s
2026-08-20 19:47:40,0 p/s,0 p/s,0 p/s,0 p/s,61.1 p/s,0 p/s,0 p/s,10.4 kp/s,6.52 kp/s,4.02 kp/s,0 p/s,0 p/s,5.20 kp/s,2.02 kp/s,66.3 p/s,0 p/s,0 p/s,0 p/s,0 p/s,0 p/s,857 p/s,0 p/s,0 p/s,29.0 kp/s,29.4 kp/s,5.20 kp/s,0 p/s,0 p/s,5.28 kp/s,23.6 kp/s,1.03 kp/s,0 p/s
2026-08-20 19:48:00,0 p/s,0 p/s,0 p/s,0 p/s,59.9 p/s,0 p/s,0 p/s,10.1 kp/s,6.34 kp/s,3.95 kp/s,0 p/s,0 p/s,5.05 kp/s,1.97 kp/s,62.5 p/s,0 p/s,0 p/s,0 p/s,0 p/s,0 p/s,1.00 kp/s,0 p/s,0 p/s,29.3 kp/s,29.0 kp/s,5.74 kp/s,0 p/s,0 p/s,5.65 kp/s,23.7 kp/s,1.16 kp/s,0 p/s
2026-08-20 19:48:20,0 p/s,0 p/s,0 p/s,0 p/s,59.1 p/s,0 p/s,0 p/s,10.1 kp/s,6.32 kp/s,3.93 kp/s,0 p/s,0 p/s,5.04 kp/s,1.97 kp/s,63.7 p/s,0 p/s,0 p/s,0 p/s,0 p/s,0 p/s,1.25 kp/s,0 p/s,0 p/s,31.3 kp/s,30.0 kp/s,6.60 kp/s,0 p/s,0 p/s,6.27 kp/s,25.1 kp/s,1.38 kp/s,0 p/s
2026-08-20 19:48:40,0 p/s,0 p/s,0 p/s,0 p/s,59.2 p/s,0 p/s,0 p/s,10.0 kp/s,6.28 kp/s,3.93 kp/s,0 p/s,0 p/s,5.01 kp/s,1.97 kp/s,63.1 p/s,0 p/s,0 p/s,0 p/s,0 p/s,0 p/s,1.28 kp/s,0 p/s,0 p/s,30.8 kp/s,29.2 kp/s,6.82 kp/s,0 p/s,0 p/s,6.48 kp/s,24.7 kp/s,1.40 kp/s,0 p/s
2026-08-20 19:49:00,0 p/s,0 p/s,0 p/s,0 p/s,58.9 p/s,0 p/s,0 p/s,10.1 kp/s,6.35 kp/s,3.92 kp/s,0 p/s,0 p/s,5.05 kp/s,1.97 kp/s,63.6 p/s,0 p/s,0 p/s,0 p/s,0 p/s,0 p/s,1.29 kp/s,0 p/s,0 p/s,31.6 kp/s,29.9 kp/s,7.11 kp/s,0 p/s,0 p/s,6.85 kp/s,25.3 kp/s,1.43 kp/s,0 p/s
2026-08-20 19:49:20,0 p/s,0 p/s,0 p/s,0 p/s,59.5 p/s,0 p/s,0 p/s,10.0 kp/s,6.28 kp/s,3.91 kp/s,0 p/s,0 p/s,5.02 kp/s,1.96 kp/s,62.9 p/s,0 p/s,0 p/s,0 p/s,0 p/s,0 p/s,1.29 kp/s,0 p/s,0 p/s,31.5 kp/s,29.8 kp/s,7.09 kp/s,0 p/s,0 p/s,6.82 kp/s,25.2 kp/s,1.43 kp/s,0 p/s
2026-08-20 19:49:40,0 p/s,0 p/s,0 p/s,0 p/s,60.1 p/s,0 p/s,0 p/s,10.1 kp/s,6.30 kp/s,3.93 kp/s,0 p/s,0 p/s,5.05 kp/s,1.98 kp/s,63.6 p/s,0 p/s,0 p/s,0 p/s,0 p/s,0 p/s,1.28 kp/s,0 p/s,0 p/s,31.2 kp/s,29.5 kp/s,7.01 kp/s,0 p/s,0 p/s,6.75 kp/s,24.9 kp/s,1.41 kp/s,0 p/s
2026-08-20 19:50:00,0 p/s,0 p/s,0 p/s,0 p/s,58.5 p/s,0 p/s,0 p/s,10.1 kp/s,6.34 kp/s,3.89 kp/s,0 p/s,0 p/s,5.04 kp/s,1.97 kp/s,64.1 p/s,0 p/s,0 p/s,0 p/s,0 p/s,0 p/s,1.27 kp/s,0 p/s,0 p/s,31.0 kp/s,29.4 kp/s,6.99 kp/s,0 p/s,0 p/s,6.73 kp/s,24.8 kp/s,1.41 kp/s,0 p/s
2026-08-20 19:50:20,0 p/s,0 p/s,0 p/s,0 p/s,59.1 p/s,0 p/s,0 p/s,10.1 kp/s,6.34 kp/s,3.92 kp/s,0 p/s,0 p/s,5.05 kp/s,1.97 kp/s,63.5 p/s,0 p/s,0 p/s,0 p/s,0 p/s,0 p/s,1.28 kp/s,0 p/s,0 p/s,31.2 kp/s,29.5 kp/s,7.01 kp/s,0 p/s,0 p/s,6.74 kp/s,25.0 kp/s,1.42 kp/s,0 p/s
2026-08-20 19:50:40,0 p/s,0 p/s,0 p/s,0 p/s,59.5 p/s,0 p/s,0 p/s,10.1 kp/s,6.31 kp/s,3.89 kp/s,0 p/s,0 p/s,5.03 kp/s,1.96 kp/s,63.2 p/s,0 p/s,0 p/s,0 p/s,0 p/s,0 p/s,1.29 kp/s,0 p/s,0 p/s,31.4 kp/s,29.8 kp/s,7.08 kp/s,0 p/s,0 p/s,6.81 kp/s,25.1 kp/s,1.42 kp/s,0 p/s
2026-08-20 19:51:00,0 p/s,0 p/s,0 p/s,0 p/s,59.3 p/s,0 p/s,0 p/s,10.1 kp/s,6.33 kp/s,3.93 kp/s,0 p/s,0 p/s,5.05 kp/s,1.97 kp/s,63.5 p/s,0 p/s,0 p/s,0 p/s,0 p/s,0 p/s,1.28 kp/s,0 p/s,0 p/s,31.1 kp/s,29.4 kp/s,6.99 kp/s,0 p/s,0 p/s,6.73 kp/s,24.9 kp/s,1.41 kp/s,0 p/s
2026-08-20 19:51:20,0 p/s,0 p/s,0 p/s,0 p/s,58.9 p/s,0 p/s,0 p/s,10.1 kp/s,6.37 kp/s,3.90 kp/s,0 p/s,0 p/s,5.03 kp/s,1.96 kp/s,64 p/s,0 p/s,0 p/s,0 p/s,0 p/s,0 p/s,1.29 kp/s,0 p/s,0 p/s,31.4 kp/s,29.8 kp/s,7.06 kp/s,0 p/s,0 p/s,6.80 kp/s,25.2 kp/s,1.42 kp/s,0 p/s
2026-08-20 19:51:40,0 p/s,0 p/s,0 p/s,0 p/s,58.7 p/s,0 p/s,0 p/s,10.1 kp/s,6.39 kp/s,3.88 kp/s,0 p/s,0 p/s,5.08 kp/s,1.98 kp/s,64.4 p/s,0 p/s,0 p/s,0 p/s,0 p/s,0 p/s,1.29 kp/s,0 p/s,0 p/s,31.5 kp/s,29.8 kp/s,7.09 kp/s,0 p/s,0 p/s,6.83 kp/s,25.2 kp/s,1.43 kp/s,0 p/s
2026-08-20 19:52:00,0 p/s,0 p/s,0 p/s,0 p/s,58.7 p/s,0 p/s,0 p/s,10.1 kp/s,6.35 kp/s,3.89 kp/s,0 p/s,0 p/s,5.02 kp/s,1.96 kp/s,64.3 p/s,0 p/s,0 p/s,0 p/s,0 p/s,0 p/s,1.29 kp/s,0 p/s,0 p/s,31.4 kp/s,29.7 kp/s,7.06 kp/s,0 p/s,0 p/s,6.80 kp/s,25.1 kp/s,1.43 kp/s,0 p/s
2026-08-20 19:52:20,0 p/s,0 p/s,0 p/s,0 p/s,58.8 p/s,0 p/s,0 p/s,9.99 kp/s,6.25 kp/s,3.88 kp/s,0 p/s,0 p/s,4.98 kp/s,1.95 kp/s,62.5 p/s,0 p/s,0 p/s,0 p/s,0 p/s,0 p/s,1.28 kp/s,0 p/s,0 p/s,31.1 kp/s,29.4 kp/s,6.99 kp/s,0 p/s,0 p/s,6.73 kp/s,24.9 kp/s,1.41 kp/s,0 p/s
2026-08-20 19:52:40,0 p/s,0 p/s,0 p/s,0 p/s,59.7 p/s,0 p/s,0 p/s,10.1 kp/s,6.30 kp/s,3.92 kp/s,0 p/s,0 p/s,5.02 kp/s,1.96 kp/s,62 p/s,0 p/s,0 p/s,0 p/s,0 p/s,0 p/s,1.28 kp/s,0 p/s,0 p/s,31.1 kp/s,29.4 kp/s,7.00 kp/s,0 p/s,0 p/s,6.73 kp/s,24.9 kp/s,1.41 kp/s,0 p/s
2026-08-20 19:53:00,0 p/s,0 p/s,0 p/s,0 p/s,58.8 p/s,0 p/s,0 p/s,9.95 kp/s,6.23 kp/s,3.85 kp/s,0 p/s,0 p/s,4.97 kp/s,1.94 kp/s,63.5 p/s,0 p/s,0 p/s,0 p/s,0 p/s,0 p/s,1.28 kp/s,0 p/s,0 p/s,31.2 kp/s,29.5 kp/s,7.00 kp/s,0 p/s,0 p/s,6.75 kp/s,24.9 kp/s,1.41 kp/s,0 p/s
2026-08-20 19:53:20,0 p/s,0 p/s,0 p/s,0 p/s,58.4 p/s,0 p/s,0 p/s,10.0 kp/s,6.26 kp/s,3.91 kp/s,0 p/s,0 p/s,5.01 kp/s,1.95 kp/s,62.4 p/s,0 p/s,0 p/s,0 p/s,0 p/s,0 p/s,1.27 kp/s,0 p/s,0 p/s,31.0 kp/s,29.3 kp/s,6.96 kp/s,0 p/s,0 p/s,6.71 kp/s,24.8 kp/s,1.41 kp/s,0 p/s
2026-08-20 19:53:40,0 p/s,0 p/s,0 p/s,0 p/s,58.1 p/s,0 p/s,0 p/s,9.96 kp/s,6.24 kp/s,3.85 kp/s,0 p/s,0 p/s,4.97 kp/s,1.94 kp/s,62.9 p/s,0 p/s,0 p/s,0 p/s,0 p/s,0 p/s,1.30 kp/s,0 p/s,0 p/s,31.6 kp/s,29.9 kp/s,7.11 kp/s,0 p/s,0 p/s,6.84 kp/s,25.3 kp/s,1.43 kp/s,0 p/s
2026-08-20 19:54:00,0 p/s,0 p/s,0 p/s,0 p/s,59.5 p/s,0 p/s,0 p/s,10.00 kp/s,6.25 kp/s,3.91 kp/s,0 p/s,0 p/s,5.00 kp/s,1.96 kp/s,62 p/s,0 p/s,0 p/s,0 p/s,0 p/s,0 p/s,1.29 kp/s,0 p/s,0 p/s,31.5 kp/s,29.8 kp/s,7.08 kp/s,0 p/s,0 p/s,6.82 kp/s,25.2 kp/s,1.43 kp/s,0 p/s
2026-08-20 19:54:20,0 p/s,0 p/s,0 p/s,0 p/s,58.7 p/s,0 p/s,0 p/s,10.1 kp/s,6.31 kp/s,3.97 kp/s,0 p/s,0 p/s,5.05 kp/s,1.98 kp/s,63.2 p/s,0 p/s,0 p/s,0 p/s,0 p/s,0 p/s,1.28 kp/s,0 p/s,0 p/s,31.3 kp/s,29.6 kp/s,7.03 kp/s,0 p/s,0 p/s,6.76 kp/s,25.0 kp/s,1.42 kp/s,0 p/s
2026-08-20 19:54:40,0 p/s,0 p/s,0 p/s,0 p/s,59.9 p/s,0 p/s,0 p/s,10.1 kp/s,6.32 kp/s,3.94 kp/s,0 p/s,0 p/s,5.05 kp/s,1.97 kp/s,63.5 p/s,0 p/s,0 p/s,0 p/s,0 p/s,0 p/s,1.29 kp/s,0 p/s,0 p/s,31.6 kp/s,29.9 kp/s,7.11 kp/s,0 p/s,0 p/s,6.84 kp/s,25.3 kp/s,1.43 kp/s,0 p/s
2026-08-20 19:55:00,0 p/s,0 p/s,0 p/s,0 p/s,59.3 p/s,0 p/s,0 p/s,10.1 kp/s,6.36 kp/s,3.92 kp/s,0 p/s,0 p/s,5.06 kp/s,1.97 kp/s,62.9 p/s,0 p/s,0 p/s,0 p/s,0 p/s,0 p/s,1.28 kp/s,0 p/s,0 p/s,31.3 kp/s,29.6 kp/s,7.03 kp/s,0 p/s,0 p/s,6.77 kp/s,25.0 kp/s,1.42 kp/s,0 p/s
2026-08-20 19:55:20,0 p/s,0 p/s,0 p/s,0 p/s,59.5 p/s,0 p/s,0 p/s,10.1 kp/s,6.37 kp/s,3.90 kp/s,0 p/s,0 p/s,5.06 kp/s,1.97 kp/s,64 p/s,0 p/s,0 p/s,0 p/s,0 p/s,0 p/s,1.29 kp/s,0 p/s,0 p/s,31.6 kp/s,29.9 kp/s,7.10 kp/s,0 p/s,0 p/s,6.83 kp/s,25.3 kp/s,1.43 kp/s,0 p/s
2026-08-20 19:55:40,0 p/s,0 p/s,0 p/s,0 p/s,59.1 p/s,0 p/s,0 p/s,10.0 kp/s,6.28 kp/s,3.91 kp/s,0 p/s,0 p/s,5.01 kp/s,1.96 kp/s,63.2 p/s,0 p/s,0 p/s,0 p/s,0 p/s,0 p/s,1.28 kp/s,0 p/s,0 p/s,31.2 kp/s,29.5 kp/s,6.99 kp/s,0 p/s,0 p/s,6.75 kp/s,24.9 kp/s,1.41 kp/s,0 p/s
2026-08-20 19:56:00,0 p/s,0 p/s,0 p/s,0 p/s,59.5 p/s,0 p/s,0 p/s,10.1 kp/s,6.28 kp/s,3.91 kp/s,0 p/s,0 p/s,5.03 kp/s,1.96 kp/s,62.4 p/s,0 p/s,0 p/s,0 p/s,0 p/s,0 p/s,1.30 kp/s,0 p/s,0 p/s,31.6 kp/s,29.9 kp/s,7.10 kp/s,0 p/s,0 p/s,6.84 kp/s,25.3 kp/s,1.43 kp/s,0 p/s
2026-08-20 19:56:20,0 p/s,0 p/s,0 p/s,0 p/s,59.3 p/s,0 p/s,0 p/s,10.1 kp/s,6.32 kp/s,3.94 kp/s,0 p/s,0 p/s,5.05 kp/s,1.97 kp/s,63.3 p/s,0 p/s,0 p/s,0 p/s,0 p/s,0 p/s,1.28 kp/s,0 p/s,0 p/s,31.2 kp/s,29.6 kp/s,7.02 kp/s,0 p/s,0 p/s,6.76 kp/s,25.0 kp/s,1.42 kp/s,0 p/s
2026-08-20 19:56:40,0 p/s,0 p/s,0 p/s,0 p/s,58.8 p/s,0 p/s,0 p/s,10.0 kp/s,6.31 kp/s,3.88 kp/s,0 p/s,0 p/s,5.00 kp/s,1.96 kp/s,64.3 p/s,0 p/s,0 p/s,0 p/s,0 p/s,0 p/s,1.29 kp/s,0 p/s,0 p/s,31.3 kp/s,29.6 kp/s,7.02 kp/s,0 p/s,0 p/s,6.77 kp/s,25.0 kp/s,1.42 kp/s,0 p/s
2026-08-20 19:57:00,0 p/s,0 p/s,0 p/s,0 p/s,59.5 p/s,0 p/s,0 p/s,10.1 kp/s,6.31 kp/s,3.90 kp/s,0 p/s,0 p/s,5.05 kp/s,1.97 kp/s,62.5 p/s,0 p/s,0 p/s,0 p/s,0 p/s,0 p/s,1.29 kp/s,0 p/s,0 p/s,31.5 kp/s,29.8 kp/s,7.07 kp/s,0 p/s,0 p/s,6.81 kp/s,25.2 kp/s,1.42 kp/s,0 p/s
2026-08-20 19:57:20,0 p/s,0 p/s,0 p/s,0 p/s,61.2 p/s,0 p/s,0 p/s,10.6 kp/s,6.62 kp/s,4.15 kp/s,0 p/s,0 p/s,5.28 kp/s,2.07 kp/s,65.3 p/s,0 p/s,0 p/s,0 p/s,0 p/s,0 p/s,1.04 kp/s,0 p/s,0 p/s,28.9 kp/s,28.2 kp/s,6.62 kp/s,0 p/s,0 p/s,6.30 kp/s,23.7 kp/s,1.42 kp/s,0 p/s
2026-08-20 19:57:40,0 p/s,0 p/s,0 p/s,0 p/s,63.2 p/s,0 p/s,0 p/s,10.8 kp/s,6.77 kp/s,4.18 kp/s,0 p/s,0 p/s,5.39 kp/s,2.11 kp/s,67.6 p/s,0 p/s,0 p/s,0 p/s,0 p/s,0 p/s,1.01 kp/s,0 p/s,0 p/s,27.8 kp/s,28.0 kp/s,6.51 kp/s,0 p/s,0 p/s,6.30 kp/s,22.8 kp/s,1.42 kp/s,0 p/s
2026-08-20 19:58:00,0 p/s,0 p/s,0 p/s,0 p/s,66.3 p/s,0 p/s,0 p/s,11.2 kp/s,7.04 kp/s,4.31 kp/s,0 p/s,0 p/s,5.55 kp/s,2.19 kp/s,70.3 p/s,0 p/s,0 p/s,0 p/s,0 p/s,0 p/s,744 p/s,0 p/s,0 p/s,25.6 kp/s,27.0 kp/s,5.87 kp/s,0 p/s,0 p/s,6.10 kp/s,21.2 kp/s,1.18 kp/s,0 p/s
2026-08-20 19:58:20,0 p/s,0 p/s,0 p/s,0 p/s,66.8 p/s,0 p/s,0 p/s,11.4 kp/s,7.16 kp/s,4.43 kp/s,0 p/s,0 p/s,5.64 kp/s,2.23 kp/s,71.7 p/s,0 p/s,0 p/s,0 p/s,0 p/s,0 p/s,536 p/s,0 p/s,0 p/s,14.3 kp/s,18.6 kp/s,3.90 kp/s,0 p/s,0 p/s,4.46 kp/s,11.8 kp/s,1.03 kp/s,0 p/s
2026-08-20 19:58:40,0 p/s,0 p/s,0 p/s,0 p/s,68.5 p/s,0 p/s,0 p/s,11.9 kp/s,7.56 kp/s,4.56 kp/s,0 p/s,0 p/s,5.97 kp/s,2.33 kp/s,77.2 p/s,0 p/s,0 p/s,0 p/s,0 p/s,0 p/s,180 p/s,0 p/s,0 p/s,7.90 kp/s,14.4 kp/s,2.54 kp/s,0 p/s,0 p/s,3.58 kp/s,6.59 kp/s,737 p/s,0 p/s
2026-08-20 19:59:00,0 p/s,0 p/s,0 p/s,0 p/s,69.5 p/s,0 p/s,0 p/s,12.1 kp/s,7.70 kp/s,4.61 kp/s,0 p/s,0 p/s,6.08 kp/s,2.37 kp/s,79.3 p/s,0 p/s,0 p/s,0 p/s,0 p/s,0 p/s,37.6 p/s,0 p/s,0 p/s,3.99 kp/s,12.1 kp/s,1.06 kp/s,0 p/s,0 p/s,1.60 kp/s,3.50 kp/s,659 p/s,0 p/s
2026-08-20 19:59:20,0 p/s,0 p/s,0 p/s,0 p/s,66.8 p/s,0 p/s,0 p/s,11.8 kp/s,7.43 kp/s,4.46 kp/s,0 p/s,0 p/s,5.91 kp/s,2.29 kp/s,76.9 p/s,0 p/s,0 p/s,0 p/s,0 p/s,0 p/s,33.6 p/s,0 p/s,0 p/s,3.99 kp/s,12.3 kp/s,1.02 kp/s,0 p/s,0 p/s,1.41 kp/s,3.45 kp/s,669 p/s,0 p/s
2026-08-20 19:59:40,0 p/s,0 p/s,0 p/s,0 p/s,67.7 p/s,0 p/s,0 p/s,11.7 kp/s,7.40 kp/s,4.45 kp/s,0 p/s,0 p/s,5.87 kp/s,2.28 kp/s,76.3 p/s,0 p/s,0 p/s,0 p/s,0 p/s,0 p/s,34.3 p/s,0 p/s,0 p/s,4.09 kp/s,12.6 kp/s,1.04 kp/s,0 p/s,0 p/s,1.45 kp/s,3.53 kp/s,684 p/s,0 p/s
2026-08-20 20:00:00,0 p/s,0 p/s,0 p/s,0 p/s,68.5 p/s,0 p/s,0 p/s,11.8 kp/s,7.47 kp/s,4.50 kp/s,0 p/s,0 p/s,5.92 kp/s,2.30 kp/s,75.6 p/s,0 p/s,0 p/s,0 p/s,0 p/s,0 p/s,33.1 p/s,0 p/s,0 p/s,3.99 kp/s,12.3 kp/s,1.01 kp/s,0 p/s,0 p/s,1.41 kp/s,3.44 kp/s,672 p/s,0 p/s
2026-08-20 20:00:20,0 p/s,0 p/s,0 p/s,0 p/s,68.7 p/s,0 p/s,0 p/s,11.8 kp/s,7.44 kp/s,4.50 kp/s,0 p/s,0 p/s,5.91 kp/s,2.30 kp/s,76.4 p/s,0 p/s,0 p/s,0 p/s,0 p/s,0 p/s,33.2 p/s,0 p/s,0 p/s,4.04 kp/s,12.4 kp/s,1.03 kp/s,0 p/s,0 p/s,1.43 kp/s,3.49 kp/s,681 p/s,0 p/s
2026-08-20 20:00:40,0 p/s,0 p/s,0 p/s,0 p/s,67.7 p/s,0 p/s,0 p/s,11.7 kp/s,7.40 kp/s,4.46 kp/s,0 p/s,0 p/s,5.88 kp/s,2.29 kp/s,75.5 p/s,0 p/s,0 p/s,0 p/s,0 p/s,0 p/s,34 p/s,0 p/s,0 p/s,4.07 kp/s,12.5 kp/s,1.03 kp/s,0 p/s,0 p/s,1.43 kp/s,3.50 kp/s,681 p/s,0 p/s
2026-08-20 20:01:00,0 p/s,0 p/s,0 p/s,0 p/s,67.7 p/s,0 p/s,0 p/s,11.7 kp/s,7.40 kp/s,4.48 kp/s,0 p/s,0 p/s,5.87 kp/s,2.28 kp/s,75.2 p/s,0 p/s,0 p/s,0 p/s,0 p/s,0 p/s,33.6 p/s,0 p/s,0 p/s,4.06 kp/s,12.5 kp/s,1.03 kp/s,0 p/s,0 p/s,1.43 kp/s,3.50 kp/s,681 p/s,0 p/s
2026-08-20 20:01:20,0 p/s,0 p/s,0 p/s,0 p/s,66.9 p/s,0 p/s,0 p/s,11.7 kp/s,7.42 kp/s,4.46 kp/s,0 p/s,0 p/s,5.88 kp/s,2.28 kp/s,75.9 p/s,0 p/s,0 p/s,0 p/s,0 p/s,0 p/s,32.9 p/s,0 p/s,0 p/s,4.02 kp/s,12.3 kp/s,1.02 kp/s,0 p/s,0 p/s,1.42 kp/s,3.47 kp/s,678 p/s,0 p/s
2026-08-20 20:01:40,0 p/s,0 p/s,0 p/s,0 p/s,66.9 p/s,0 p/s,0 p/s,11.6 kp/s,7.32 kp/s,4.44 kp/s,0 p/s,0 p/s,5.82 kp/s,2.26 kp/s,74.9 p/s,0 p/s,0 p/s,0 p/s,0 p/s,0 p/s,34 p/s,0 p/s,0 p/s,4.05 kp/s,12.4 kp/s,1.03 kp/s,0 p/s,0 p/s,1.43 kp/s,3.49 kp/s,677 p/s,0 p/s
2026-08-20 20:02:00,0 p/s,0 p/s,0 p/s,0 p/s,66 p/s,0 p/s,0 p/s,11.7 kp/s,7.35 kp/s,4.44 kp/s,0 p/s,0 p/s,5.84 kp/s,2.27 kp/s,75.6 p/s,0 p/s,0 p/s,0 p/s,0 p/s,0 p/s,35.3 p/s,0 p/s,0 p/s,4.15 kp/s,12.8 kp/s,1.05 kp/s,0 p/s,0 p/s,1.46 kp/s,3.58 kp/s,693 p/s,0 p/s
2026-08-20 20:02:20,0 p/s,0 p/s,0 p/s,0 p/s,67.7 p/s,0 p/s,0 p/s,11.7 kp/s,7.40 kp/s,4.45 kp/s,0 p/s,0 p/s,5.84 kp/s,2.27 kp/s,74.9 p/s,0 p/s,0 p/s,0 p/s,0 p/s,0 p/s,34.4 p/s,0 p/s,0 p/s,4.13 kp/s,12.7 kp/s,1.05 kp/s,0 p/s,0 p/s,1.45 kp/s,3.56 kp/s,694 p/s,0 p/s
2026-08-20 20:02:40,0 p/s,0 p/s,0 p/s,0 p/s,69.1 p/s,0 p/s,0 p/s,11.9 kp/s,7.51 kp/s,4.53 kp/s,0 p/s,0 p/s,5.95 kp/s,2.32 kp/s,76.1 p/s,0 p/s,0 p/s,0 p/s,0 p/s,0 p/s,34 p/s,0 p/s,0 p/s,4.07 kp/s,12.5 kp/s,1.03 kp/s,0 p/s,0 p/s,1.43 kp/s,3.51 kp/s,682 p/s,0 p/s
2026-08-20 20:03:00,0 p/s,0 p/s,0 p/s,0 p/s,67.9 p/s,0 p/s,0 p/s,11.7 kp/s,7.38 kp/s,4.49 kp/s,0 p/s,0 p/s,5.87 kp/s,2.28 kp/s,75.5 p/s,0 p/s,0 p/s,0 p/s,0 p/s,0 p/s,33.6 p/s,0 p/s,0 p/s,4.08 kp/s,12.5 kp/s,1.04 kp/s,0 p/s,0 p/s,1.44 kp/s,3.52 kp/s,687 p/s,0 p/s
2026-08-20 20:03:20,0 p/s,0 p/s,0 p/s,0 p/s,67.7 p/s,0 p/s,0 p/s,11.7 kp/s,7.38 kp/s,4.45 kp/s,0 p/s,0 p/s,5.85 kp/s,2.28 kp/s,75.5 p/s,0 p/s,0 p/s,0 p/s,0 p/s,0 p/s,33.7 p/s,0 p/s,0 p/s,4.02 kp/s,12.3 kp/s,1.02 kp/s,0 p/s,0 p/s,1.42 kp/s,3.46 kp/s,673 p/s,0 p/s
2026-08-20 20:03:40,0 p/s,0 p/s,0 p/s,0 p/s,68.1 p/s,0 p/s,0 p/s,11.8 kp/s,7.44 kp/s,4.47 kp/s,0 p/s,0 p/s,5.89 kp/s,2.29 kp/s,76.4 p/s,0 p/s,0 p/s,0 p/s,0 p/s,0 p/s,34 p/s,0 p/s,0 p/s,4.08 kp/s,12.5 kp/s,1.04 kp/s,0 p/s,0 p/s,1.44 kp/s,3.51 kp/s,683 p/s,0 p/s
2026-08-20 20:04:00,0 p/s,0 p/s,0 p/s,0 p/s,67.1 p/s,0 p/s,0 p/s,11.7 kp/s,7.37 kp/s,4.46 kp/s,0 p/s,0 p/s,5.85 kp/s,2.28 kp/s,75.1 p/s,0 p/s,0 p/s,0 p/s,0 p/s,0 p/s,34.3 p/s,0 p/s,0 p/s,4.09 kp/s,12.6 kp/s,1.04 kp/s,0 p/s,0 p/s,1.44 kp/s,3.52 kp/s,686 p/s,0 p/s
2026-08-20 20:04:20,0 p/s,0 p/s,0 p/s,0 p/s,67.7 p/s,0 p/s,0 p/s,11.7 kp/s,7.39 kp/s,4.49 kp/s,0 p/s,0 p/s,5.88 kp/s,2.29 kp/s,75.9 p/s,0 p/s,0 p/s,0 p/s,0 p/s,0 p/s,33.9 p/s,0 p/s,0 p/s,4.09 kp/s,12.6 kp/s,1.04 kp/s,0 p/s,0 p/s,1.44 kp/s,3.53 kp/s,688 p/s,0 p/s
2026-08-20 20:04:40,0 p/s,0 p/s,0 p/s,0 p/s,67.1 p/s,0 p/s,0 p/s,11.6 kp/s,7.29 kp/s,4.43 kp/s,0 p/s,0 p/s,5.81 kp/s,2.26 kp/s,74.7 p/s,0 p/s,0 p/s,0 p/s,0 p/s,0 p/s,33.6 p/s,0 p/s,0 p/s,4.06 kp/s,12.5 kp/s,1.03 kp/s,0 p/s,0 p/s,1.44 kp/s,3.51 kp/s,681 p/s,0 p/s
2026-08-20 20:05:00,0 p/s,0 p/s,0 p/s,0 p/s,66.9 p/s,0 p/s,0 p/s,11.6 kp/s,7.33 kp/s,4.44 kp/s,0 p/s,0 p/s,5.81 kp/s,2.26 kp/s,73.9 p/s,0 p/s,0 p/s,0 p/s,0 p/s,0 p/s,34.4 p/s,0 p/s,0 p/s,4.13 kp/s,12.7 kp/s,1.05 kp/s,0 p/s,0 p/s,1.46 kp/s,3.56 kp/s,693 p/s,0 p/s
2026-08-20 20:05:20,0 p/s,0 p/s,0 p/s,0 p/s,66.9 p/s,0 p/s,0 p/s,11.6 kp/s,7.29 kp/s,4.44 kp/s,0 p/s,0 p/s,5.81 kp/s,2.27 kp/s,73.9 p/s,0 p/s,0 p/s,0 p/s,0 p/s,0 p/s,34.8 p/s,0 p/s,0 p/s,4.14 kp/s,12.7 kp/s,1.05 kp/s,0 p/s,0 p/s,1.46 kp/s,3.56 kp/s,692 p/s,0 p/s
2026-08-20 20:05:40,0 p/s,0 p/s,0 p/s,0 p/s,68 p/s,0 p/s,0 p/s,11.6 kp/s,7.33 kp/s,4.44 kp/s,0 p/s,0 p/s,5.83 kp/s,2.27 kp/s,74.4 p/s,0 p/s,0 p/s,0 p/s,0 p/s,0 p/s,34.3 p/s,0 p/s,0 p/s,4.11 kp/s,12.6 kp/s,1.04 kp/s,0 p/s,0 p/s,1.45 kp/s,3.54 kp/s,687 p/s,0 p/s
2026-08-20 20:06:00,0 p/s,0 p/s,0 p/s,0 p/s,67.9 p/s,0 p/s,0 p/s,11.7 kp/s,7.39 kp/s,4.46 kp/s,0 p/s,0 p/s,5.83 kp/s,2.28 kp/s,75.5 p/s,0 p/s,0 p/s,0 p/s,0 p/s,0 p/s,34.4 p/s,0 p/s,0 p/s,4.14 kp/s,12.7 kp/s,1.05 kp/s,0 p/s,0 p/s,1.46 kp/s,3.56 kp/s,696 p/s,0 p/s
2026-08-20 20:06:20,0 p/s,0 p/s,0 p/s,0 p/s,67.9 p/s,0 p/s,0 p/s,11.6 kp/s,7.37 kp/s,4.40 kp/s,0 p/s,0 p/s,5.82 kp/s,2.27 kp/s,75.3 p/s,0 p/s,0 p/s,0 p/s,0 p/s,0 p/s,34.3 p/s,0 p/s,0 p/s,4.11 kp/s,12.6 kp/s,1.04 kp/s,0 p/s,0 p/s,1.45 kp/s,3.54 kp/s,691 p/s,0 p/s
2026-08-20 20:06:40,0 p/s,0 p/s,0 p/s,0 p/s,66.3 p/s,0 p/s,0 p/s,11.6 kp/s,7.33 kp/s,4.44 kp/s,0 p/s,0 p/s,5.81 kp/s,2.26 kp/s,74.7 p/s,0 p/s,0 p/s,0 p/s,0 p/s,0 p/s,33.3 p/s,0 p/s,0 p/s,4.06 kp/s,12.5 kp/s,1.03 kp/s,0 p/s,0 p/s,1.43 kp/s,3.50 kp/s,682 p/s,0 p/s
2026-08-20 20:07:00,0 p/s,0 p/s,0 p/s,0 p/s,67.7 p/s,0 p/s,0 p/s,11.8 kp/s,7.44 kp/s,4.51 kp/s,0 p/s,0 p/s,5.91 kp/s,2.30 kp/s,76.1 p/s,0 p/s,0 p/s,0 p/s,0 p/s,0 p/s,33.3 p/s,0 p/s,0 p/s,4.07 kp/s,12.5 kp/s,1.03 kp/s,0 p/s,0 p/s,1.43 kp/s,3.50 kp/s,682 p/s,0 p/s
2026-08-20 20:07:20,0 p/s,0 p/s,0 p/s,0 p/s,67.5 p/s,0 p/s,0 p/s,11.7 kp/s,7.35 kp/s,4.46 kp/s,0 p/s,0 p/s,5.83 kp/s,2.27 kp/s,74.9 p/s,0 p/s,0 p/s,0 p/s,0 p/s,0 p/s,34.7 p/s,0 p/s,0 p/s,4.07 kp/s,12.5 kp/s,1.03 kp/s,0 p/s,0 p/s,1.44 kp/s,3.51 kp/s,684 p/s,0 p/s
2026-08-20 20:07:40,0 p/s,0 p/s,0 p/s,0 p/s,69.2 p/s,0 p/s,0 p/s,11.9 kp/s,7.47 kp/s,4.53 kp/s,0 p/s,0 p/s,5.92 kp/s,2.31 kp/s,75.9 p/s,0 p/s,0 p/s,0 p/s,0 p/s,0 p/s,305 p/s,0 p/s,0 p/s,4.60 kp/s,13.0 kp/s,1.29 kp/s,0 p/s,0 p/s,1.50 kp/s,3.74 kp/s,930 p/s,0 p/s
2026-08-20 20:08:00,0 p/s,0 p/s,0 p/s,0 p/s,67.5 p/s,0 p/s,0 p/s,11.6 kp/s,7.30 kp/s,4.42 kp/s,0 p/s,0 p/s,5.76 kp/s,2.25 kp/s,74.5 p/s,0 p/s,0 p/s,0 p/s,0 p/s,0 p/s,2.07 kp/s,0 p/s,0 p/s,6.78 kp/s,13.9 kp/s,3.66 kp/s,0 p/s,0 p/s,1.60 kp/s,4.93 kp/s,3.13 kp/s,0 p/s
2026-08-20 20:08:20,0 p/s,0 p/s,0 p/s,0 p/s,66 p/s,0 p/s,0 p/s,11.1 kp/s,6.96 kp/s,4.31 kp/s,0 p/s,0 p/s,5.57 kp/s,2.18 kp/s,70.5 p/s,0 p/s,0 p/s,0 p/s,0 p/s,0 p/s,5.42 kp/s,0 p/s,0 p/s,11.1 kp/s,15.3 kp/s,8.59 kp/s,0 p/s,0 p/s,2.22 kp/s,7.43 kp/s,7.27 kp/s,0 p/s
2026-08-20 20:08:40,0 p/s,0 p/s,0 p/s,0 p/s,64.1 p/s,0 p/s,0 p/s,10.9 kp/s,6.85 kp/s,4.24 kp/s,0 p/s,0 p/s,5.45 kp/s,2.13 kp/s,69.2 p/s,0 p/s,0 p/s,0 p/s,0 p/s,0 p/s,6.23 kp/s,0 p/s,0 p/s,12.7 kp/s,15.4 kp/s,10.3 kp/s,0 p/s,0 p/s,2.38 kp/s,8.38 kp/s,8.66 kp/s,0 p/s
2026-08-20 20:09:00,0 p/s,0 p/s,0 p/s,0 p/s,64.4 p/s,0 p/s,0 p/s,10.9 kp/s,6.84 kp/s,4.22 kp/s,0 p/s,0 p/s,5.42 kp/s,2.12 kp/s,68 p/s,0 p/s,0 p/s,0 p/s,0 p/s,0 p/s,7.19 kp/s,0 p/s,0 p/s,14.4 kp/s,16.2 kp/s,11.8 kp/s,0 p/s,0 p/s,2.54 kp/s,9.51 kp/s,9.91 kp/s,0 p/s
2026-08-20 20:09:20,0 p/s,0 p/s,0 p/s,0 p/s,65.1 p/s,0 p/s,0 p/s,10.9 kp/s,6.82 kp/s,4.19 kp/s,0 p/s,0 p/s,5.41 kp/s,2.12 kp/s,69.2 p/s,0 p/s,0 p/s,0 p/s,0 p/s,0 p/s,8.67 kp/s,0 p/s,0 p/s,17.5 kp/s,18.0 kp/s,14.3 kp/s,0 p/s,0 p/s,3.08 kp/s,11.8 kp/s,12.2 kp/s,0 p/s
2026-08-20 20:09:40,0 p/s,0 p/s,0 p/s,0 p/s,63.6 p/s,0 p/s,0 p/s,10.7 kp/s,6.70 kp/s,4.15 kp/s,0 p/s,0 p/s,5.34 kp/s,2.09 kp/s,67.3 p/s,0 p/s,0 p/s,0 p/s,0 p/s,0 p/s,8.58 kp/s,0 p/s,0 p/s,17.3 kp/s,17.9 kp/s,14.2 kp/s,0 p/s,0 p/s,3.13 kp/s,11.7 kp/s,12.0 kp/s,0 p/s
2026-08-20 20:10:00,0 p/s,0 p/s,0 p/s,0 p/s,64.4 p/s,0 p/s,0 p/s,10.8 kp/s,6.76 kp/s,4.21 kp/s,0 p/s,0 p/s,5.40 kp/s,2.12 kp/s,68.4 p/s,0 p/s,0 p/s,0 p/s,0 p/s,0 p/s,8.58 kp/s,0 p/s,0 p/s,17.3 kp/s,17.8 kp/s,14.2 kp/s,0 p/s,0 p/s,3.15 kp/s,11.7 kp/s,12.1 kp/s,0 p/s
2026-08-20 20:10:20,0 p/s,0 p/s,0 p/s,0 p/s,63.3 p/s,0 p/s,0 p/s,10.8 kp/s,6.78 kp/s,4.20 kp/s,0 p/s,0 p/s,5.40 kp/s,2.11 kp/s,68.1 p/s,0 p/s,0 p/s,0 p/s,0 p/s,0 p/s,8.63 kp/s,0 p/s,0 p/s,17.4 kp/s,17.9 kp/s,14.3 kp/s,0 p/s,0 p/s,3.14 kp/s,11.7 kp/s,12.1 kp/s,0 p/s
2026-08-20 20:10:40,0 p/s,0 p/s,0 p/s,0 p/s,62.7 p/s,0 p/s,0 p/s,10.8 kp/s,6.76 kp/s,4.19 kp/s,0 p/s,0 p/s,5.40 kp/s,2.11 kp/s,68.3 p/s,0 p/s,0 p/s,0 p/s,0 p/s,0 p/s,8.55 kp/s,0 p/s,0 p/s,17.2 kp/s,17.8 kp/s,14.1 kp/s,0 p/s,0 p/s,3.14 kp/s,11.6 kp/s,12.0 kp/s,0 p/s
2026-08-20 20:11:00,0 p/s,0 p/s,0 p/s,0 p/s,64.1 p/s,0 p/s,0 p/s,10.8 kp/s,6.77 kp/s,4.17 kp/s,0 p/s,0 p/s,5.37 kp/s,2.11 kp/s,66.9 p/s,0 p/s,0 p/s,0 p/s,0 p/s,0 p/s,8.55 kp/s,0 p/s,0 p/s,17.3 kp/s,17.8 kp/s,14.2 kp/s,0 p/s,0 p/s,3.13 kp/s,11.6 kp/s,12.0 kp/s,0 p/s
2026-08-20 20:11:20,0 p/s,0 p/s,0 p/s,0 p/s,62.4 p/s,0 p/s,0 p/s,10.7 kp/s,6.72 kp/s,4.16 kp/s,0 p/s,0 p/s,5.36 kp/s,2.09 kp/s,67.2 p/s,0 p/s,0 p/s,0 p/s,0 p/s,0 p/s,8.67 kp/s,0 p/s,0 p/s,17.4 kp/s,18.0 kp/s,14.3 kp/s,0 p/s,0 p/s,3.17 kp/s,11.8 kp/s,12.2 kp/s,0 p/s
2026-08-20 20:11:40,0 p/s,0 p/s,0 p/s,0 p/s,63.6 p/s,0 p/s,0 p/s,10.8 kp/s,6.76 kp/s,4.15 kp/s,0 p/s,0 p/s,5.37 kp/s,2.10 kp/s,67.5 p/s,0 p/s,0 p/s,0 p/s,0 p/s,0 p/s,8.63 kp/s,0 p/s,0 p/s,17.4 kp/s,17.9 kp/s,14.3 kp/s,0 p/s,0 p/s,3.16 kp/s,11.7 kp/s,12.1 kp/s,0 p/s
2026-08-20 20:12:00,0 p/s,0 p/s,0 p/s,0 p/s,64.9 p/s,0 p/s,0 p/s,10.8 kp/s,6.77 kp/s,4.21 kp/s,0 p/s,0 p/s,5.40 kp/s,2.12 kp/s,67.5 p/s,0 p/s,0 p/s,0 p/s,0 p/s,0 p/s,8.65 kp/s,0 p/s,0 p/s,17.4 kp/s,18.0 kp/s,14.3 kp/s,0 p/s,0 p/s,3.16 kp/s,11.8 kp/s,12.1 kp/s,0 p/s
2026-08-20 20:12:20,0 p/s,0 p/s,0 p/s,0 p/s,63.9 p/s,0 p/s,0 p/s,10.9 kp/s,6.84 kp/s,4.21 kp/s,0 p/s,0 p/s,5.44 kp/s,2.12 kp/s,68 p/s,0 p/s,0 p/s,0 p/s,0 p/s,0 p/s,8.56 kp/s,0 p/s,0 p/s,17.2 kp/s,17.8 kp/s,14.2 kp/s,0 p/s,0 p/s,3.13 kp/s,11.6 kp/s,12.0 kp/s,0 p/s
2026-08-20 20:12:40,0 p/s,0 p/s,0 p/s,0 p/s,63.2 p/s,0 p/s,0 p/s,10.8 kp/s,6.79 kp/s,4.18 kp/s,0 p/s,0 p/s,5.42 kp/s,2.11 kp/s,68.7 p/s,0 p/s,0 p/s,0 p/s,0 p/s,0 p/s,8.62 kp/s,0 p/s,0 p/s,17.3 kp/s,17.9 kp/s,14.3 kp/s,0 p/s,0 p/s,3.15 kp/s,11.7 kp/s,12.1 kp/s,0 p/s
2026-08-20 20:13:00,0 p/s,0 p/s,0 p/s,0 p/s,64 p/s,0 p/s,0 p/s,10.8 kp/s,6.79 kp/s,4.20 kp/s,0 p/s,0 p/s,5.40 kp/s,2.12 kp/s,68.7 p/s,0 p/s,0 p/s,0 p/s,0 p/s,0 p/s,8.49 kp/s,0 p/s,0 p/s,17.1 kp/s,17.7 kp/s,14.1 kp/s,0 p/s,0 p/s,3.10 kp/s,11.6 kp/s,11.9 kp/s,0 p/s
2026-08-20 20:13:20,0 p/s,0 p/s,0 p/s,0 p/s,63.7 p/s,0 p/s,0 p/s,10.9 kp/s,6.81 kp/s,4.21 kp/s,0 p/s,0 p/s,5.43 kp/s,2.12 kp/s,68.5 p/s,0 p/s,0 p/s,0 p/s,0 p/s,0 p/s,8.82 kp/s,0 p/s,0 p/s,17.8 kp/s,18.4 kp/s,14.6 kp/s,0 p/s,0 p/s,3.23 kp/s,12.0 kp/s,12.4 kp/s,0 p/s
2026-08-20 20:13:40,0 p/s,0 p/s,0 p/s,0 p/s,63.6 p/s,0 p/s,0 p/s,10.8 kp/s,6.76 kp/s,4.17 kp/s,0 p/s,0 p/s,5.37 kp/s,2.10 kp/s,68.3 p/s,0 p/s,0 p/s,0 p/s,0 p/s,0 p/s,8.68 kp/s,0 p/s,0 p/s,17.5 kp/s,18.1 kp/s,14.4 kp/s,0 p/s,0 p/s,3.19 kp/s,11.8 kp/s,12.2 kp/s,0 p/s
2026-08-20 20:14:00,0 p/s,0 p/s,0 p/s,0 p/s,63.7 p/s,0 p/s,0 p/s,10.8 kp/s,6.75 kp/s,4.21 kp/s,0 p/s,0 p/s,5.39 kp/s,2.11 kp/s,67.5 p/s,0 p/s,0 p/s,0 p/s,0 p/s,0 p/s,8.57 kp/s,0 p/s,0 p/s,17.2 kp/s,17.8 kp/s,14.2 kp/s,0 p/s,0 p/s,3.13 kp/s,11.6 kp/s,12.0 kp/s,0 p/s
2026-08-20 20:14:20,0 p/s,0 p/s,0 p/s,0 p/s,63.5 p/s,0 p/s,0 p/s,10.8 kp/s,6.76 kp/s,4.15 kp/s,0 p/s,0 p/s,5.37 kp/s,2.11 kp/s,66.9 p/s,0 p/s,0 p/s,0 p/s,0 p/s,0 p/s,8.81 kp/s,0 p/s,0 p/s,17.8 kp/s,18.3 kp/s,14.6 kp/s,0 p/s,0 p/s,3.23 kp/s,12.0 kp/s,12.4 kp/s,0 p/s
2026-08-20 20:14:40,0 p/s,0 p/s,0 p/s,0 p/s,62.5 p/s,0 p/s,0 p/s,10.7 kp/s,6.73 kp/s,4.14 kp/s,0 p/s,0 p/s,5.34 kp/s,2.09 kp/s,67.5 p/s,0 p/s,0 p/s,0 p/s,0 p/s,0 p/s,8.56 kp/s,0 p/s,0 p/s,17.2 kp/s,17.8 kp/s,14.2 kp/s,0 p/s,0 p/s,3.13 kp/s,11.6 kp/s,12.0 kp/s,0 p/s
2026-08-20 20:15:00,0 p/s,0 p/s,0 p/s,0 p/s,64.3 p/s,0 p/s,0 p/s,10.8 kp/s,6.75 kp/s,4.21 kp/s,0 p/s,0 p/s,5.39 kp/s,2.11 kp/s,67.7 p/s,0 p/s,0 p/s,0 p/s,0 p/s,0 p/s,8.69 kp/s,0 p/s,0 p/s,17.5 kp/s,18.1 kp/s,14.4 kp/s,0 p/s,0 p/s,3.17 kp/s,11.8 kp/s,12.2 kp/s,0 p/s
2026-08-20 20:15:20,0 p/s,0 p/s,0 p/s,0 p/s,63.3 p/s,0 p/s,0 p/s,10.8 kp/s,6.81 kp/s,4.15 kp/s,0 p/s,0 p/s,5.41 kp/s,2.11 kp/s,68.5 p/s,0 p/s,0 p/s,0 p/s,0 p/s,0 p/s,8.53 kp/s,0 p/s,0 p/s,17.2 kp/s,17.8 kp/s,14.1 kp/s,0 p/s,0 p/s,3.12 kp/s,11.6 kp/s,12.0 kp/s,0 p/s
2026-08-20 20:15:40,0 p/s,0 p/s,0 p/s,0 p/s,63.2 p/s,0 p/s,0 p/s,10.8 kp/s,6.78 kp/s,4.16 kp/s,0 p/s,0 p/s,5.40 kp/s,2.11 kp/s,68.5 p/s,0 p/s,0 p/s,0 p/s,0 p/s,0 p/s,8.53 kp/s,0 p/s,0 p/s,17.2 kp/s,17.7 kp/s,14.1 kp/s,0 p/s,0 p/s,3.13 kp/s,11.6 kp/s,12.0 kp/s,0 p/s
2026-08-20 20:16:00,0 p/s,0 p/s,0 p/s,0 p/s,63.1 p/s,0 p/s,0 p/s,10.7 kp/s,6.75 kp/s,4.17 kp/s,0 p/s,0 p/s,5.35 kp/s,2.09 kp/s,67.5 p/s,0 p/s,0 p/s,0 p/s,0 p/s,0 p/s,8.58 kp/s,0 p/s,0 p/s,17.3 kp/s,17.8 kp/s,14.2 kp/s,0 p/s,0 p/s,3.14 kp/s,11.7 kp/s,12.0 kp/s,0 p/s
2026-08-20 20:16:20,0 p/s,0 p/s,0 p/s,0 p/s,63.9 p/s,0 p/s,0 p/s,10.9 kp/s,6.83 kp/s,4.23 kp/s,0 p/s,0 p/s,5.46 kp/s,2.13 kp/s,68.5 p/s,0 p/s,0 p/s,0 p/s,0 p/s,0 p/s,8.62 kp/s,0 p/s,0 p/s,17.3 kp/s,17.9 kp/s,14.3 kp/s,0 p/s,0 p/s,3.14 kp/s,11.7 kp/s,12.1 kp/s,0 p/s
2026-08-20 20:16:40,0 p/s,0 p/s,0 p/s,0 p/s,63.7 p/s,0 p/s,0 p/s,10.8 kp/s,6.73 kp/s,4.21 kp/s,0 p/s,0 p/s,5.36 kp/s,2.10 kp/s,67.7 p/s,0 p/s,0 p/s,0 p/s,0 p/s,0 p/s,8.65 kp/s,0 p/s,0 p/s,17.4 kp/s,18.0 kp/s,14.3 kp/s,0 p/s,0 p/s,3.17 kp/s,11.8 kp/s,12.2 kp/s,0 p/s
2026-08-20 20:17:00,0 p/s,0 p/s,0 p/s,0 p/s,62.5 p/s,0 p/s,0 p/s,10.8 kp/s,6.75 kp/s,4.13 kp/s,0 p/s,0 p/s,5.37 kp/s,2.10 kp/s,68.3 p/s,0 p/s,0 p/s,0 p/s,0 p/s,0 p/s,8.57 kp/s,0 p/s,0 p/s,17.3 kp/s,17.8 kp/s,14.2 kp/s,0 p/s,0 p/s,3.14 kp/s,11.7 kp/s,12.0 kp/s,0 p/s
2026-08-20 20:17:20,0 p/s,0 p/s,0 p/s,0 p/s,62.4 p/s,0 p/s,0 p/s,10.8 kp/s,6.77 kp/s,4.18 kp/s,0 p/s,0 p/s,5.40 kp/s,2.11 kp/s,68.4 p/s,0 p/s,0 p/s,0 p/s,0 p/s,0 p/s,8.56 kp/s,0 p/s,0 p/s,17.2 kp/s,17.8 kp/s,14.2 kp/s,0 p/s,0 p/s,3.12 kp/s,11.6 kp/s,12.0 kp/s,0 p/s
2026-08-20 20:17:40,0 p/s,0 p/s,0 p/s,0 p/s,63.5 p/s,0 p/s,0 p/s,10.9 kp/s,6.82 kp/s,4.22 kp/s,0 p/s,0 p/s,5.43 kp/s,2.12 kp/s,68.4 p/s,0 p/s,0 p/s,0 p/s,0 p/s,0 p/s,8.72 kp/s,0 p/s,0 p/s,17.6 kp/s,18.2 kp/s,14.5 kp/s,0 p/s,0 p/s,3.19 kp/s,11.9 kp/s,12.3 kp/s,0 p/s
2026-08-20 20:18:00,0 p/s,0 p/s,0 p/s,0 p/s,63.3 p/s,0 p/s,0 p/s,10.7 kp/s,6.72 kp/s,4.16 kp/s,0 p/s,0 p/s,5.33 kp/s,2.10 kp/s,68 p/s,0 p/s,0 p/s,0 p/s,0 p/s,0 p/s,8.64 kp/s,0 p/s,0 p/s,18.7 kp/s,19.0 kp/s,14.2 kp/s,0 p/s,0 p/s,3.82 kp/s,11.9 kp/s,12.0 kp/s,0 p/s
2026-08-20 20:18:20,0 p/s,0 p/s,0 p/s,0 p/s,62.4 p/s,0 p/s,0 p/s,10.6 kp/s,6.64 kp/s,4.12 kp/s,0 p/s,0 p/s,5.26 kp/s,2.06 kp/s,66.7 p/s,0 p/s,0 p/s,0 p/s,0 p/s,0 p/s,7.49 kp/s,0 p/s,0 p/s,22.2 kp/s,21.7 kp/s,13.0 kp/s,0 p/s,0 p/s,8.51 kp/s,11.1 kp/s,10.4 kp/s,0 p/s
2026-08-20 20:18:40,0 p/s,0 p/s,0 p/s,0 p/s,64.1 p/s,0 p/s,0 p/s,10.7 kp/s,6.70 kp/s,4.15 kp/s,0 p/s,0 p/s,5.30 kp/s,2.09 kp/s,67.1 p/s,0 p/s,0 p/s,0 p/s,0 p/s,0 p/s,7.20 kp/s,0 p/s,0 p/s,24.2 kp/s,23.5 kp/s,12.7 kp/s,0 p/s,0 p/s,10.8 kp/s,10.9 kp/s,9.94 kp/s,0 p/s
2026-08-20 20:19:00,0 p/s,0 p/s,0 p/s,0 p/s,61.6 p/s,0 p/s,0 p/s,10.6 kp/s,6.59 kp/s,4.10 kp/s,0 p/s,0 p/s,5.25 kp/s,2.07 kp/s,65.7 p/s,0 p/s,0 p/s,0 p/s,0 p/s,0 p/s,6.71 kp/s,0 p/s,0 p/s,25.2 kp/s,24.5 kp/s,12.1 kp/s,0 p/s,0 p/s,12.4 kp/s,10.5 kp/s,9.30 kp/s,0 p/s
2026-08-20 20:19:20,0 p/s,0 p/s,0 p/s,0 p/s,62.7 p/s,0 p/s,0 p/s,10.6 kp/s,6.65 kp/s,4.12 kp/s,0 p/s,0 p/s,5.31 kp/s,2.08 kp/s,66.4 p/s,0 p/s,0 p/s,0 p/s,0 p/s,0 p/s,5.95 kp/s,0 p/s,0 p/s,26.9 kp/s,25.7 kp/s,11.2 kp/s,0 p/s,0 p/s,15.1 kp/s,9.82 kp/s,8.19 kp/s,0 p/s
2026-08-20 20:19:40,0 p/s,0 p/s,0 p/s,0 p/s,62.3 p/s,0 p/s,0 p/s,10.5 kp/s,6.54 kp/s,4.08 kp/s,0 p/s,0 p/s,5.23 kp/s,2.04 kp/s,65.1 p/s,0 p/s,0 p/s,0 p/s,0 p/s,0 p/s,5.97 kp/s,0 p/s,0 p/s,27.5 kp/s,26.3 kp/s,11.4 kp/s,0 p/s,0 p/s,16.0 kp/s,9.92 kp/s,8.23 kp/s,0 p/s
2026-08-20 20:20:00,0 p/s,0 p/s,0 p/s,0 p/s,59.9 p/s,0 p/s,0 p/s,10.4 kp/s,6.52 kp/s,4.05 kp/s,0 p/s,0 p/s,5.19 kp/s,2.02 kp/s,64.8 p/s,0 p/s,0 p/s,0 p/s,0 p/s,0 p/s,5.93 kp/s,0 p/s,0 p/s,27.4 kp/s,26.1 kp/s,11.3 kp/s,0 p/s,0 p/s,16.0 kp/s,9.85 kp/s,8.18 kp/s,0 p/s
2026-08-20 20:20:20,0 p/s,0 p/s,0 p/s,0 p/s,61.9 p/s,0 p/s,0 p/s,10.5 kp/s,6.59 kp/s,4.10 kp/s,0 p/s,0 p/s,5.25 kp/s,2.05 kp/s,66.8 p/s,0 p/s,0 p/s,0 p/s,0 p/s,0 p/s,5.98 kp/s,0 p/s,0 p/s,27.6 kp/s,26.3 kp/s,11.4 kp/s,0 p/s,0 p/s,16.1 kp/s,9.93 kp/s,8.25 kp/s,0 p/s
2026-08-20 20:20:40,0 p/s,0 p/s,0 p/s,0 p/s,60.9 p/s,0 p/s,0 p/s,10.5 kp/s,6.56 kp/s,4.06 kp/s,0 p/s,0 p/s,5.23 kp/s,2.05 kp/s,66.9 p/s,0 p/s,0 p/s,0 p/s,0 p/s,0 p/s,5.93 kp/s,0 p/s,0 p/s,27.4 kp/s,26.1 kp/s,11.4 kp/s,0 p/s,0 p/s,15.9 kp/s,9.86 kp/s,8.19 kp/s,0 p/s
2026-08-20 20:21:00,0 p/s,0 p/s,0 p/s,0 p/s,60.5 p/s,0 p/s,0 p/s,10.4 kp/s,6.49 kp/s,4.07 kp/s,0 p/s,0 p/s,5.23 kp/s,2.04 kp/s,65.2 p/s,0 p/s,0 p/s,0 p/s,0 p/s,0 p/s,5.92 kp/s,0 p/s,0 p/s,27.3 kp/s,26.0 kp/s,11.3 kp/s,0 p/s,0 p/s,15.9 kp/s,9.81 kp/s,8.14 kp/s,0 p/s
2026-08-20 20:21:20,0 p/s,0 p/s,0 p/s,0 p/s,62.4 p/s,0 p/s,0 p/s,10.5 kp/s,6.55 kp/s,4.08 kp/s,0 p/s,0 p/s,5.24 kp/s,2.04 kp/s,65.6 p/s,0 p/s,0 p/s,0 p/s,0 p/s,0 p/s,5.86 kp/s,0 p/s,0 p/s,27.0 kp/s,25.8 kp/s,11.2 kp/s,0 p/s,0 p/s,15.7 kp/s,9.72 kp/s,8.07 kp/s,0 p/s
2026-08-20 20:21:40,0 p/s,0 p/s,0 p/s,0 p/s,62.3 p/s,0 p/s,0 p/s,10.6 kp/s,6.61 kp/s,4.10 kp/s,0 p/s,0 p/s,5.27 kp/s,2.07 kp/s,66.1 p/s,0 p/s,0 p/s,0 p/s,0 p/s,0 p/s,5.92 kp/s,0 p/s,0 p/s,27.3 kp/s,26.1 kp/s,11.3 kp/s,0 p/s,0 p/s,15.9 kp/s,9.82 kp/s,8.15 kp/s,0 p/s
2026-08-20 20:22:00,0 p/s,0 p/s,0 p/s,0 p/s,62.4 p/s,0 p/s,0 p/s,10.6 kp/s,6.64 kp/s,4.13 kp/s,0 p/s,0 p/s,5.29 kp/s,2.07 kp/s,67.3 p/s,0 p/s,0 p/s,0 p/s,0 p/s,0 p/s,5.94 kp/s,0 p/s,0 p/s,27.4 kp/s,26.2 kp/s,11.4 kp/s,0 p/s,0 p/s,16.0 kp/s,9.87 kp/s,8.20 kp/s,0 p/s
2026-08-20 20:22:20,0 p/s,0 p/s,0 p/s,0 p/s,61.5 p/s,0 p/s,0 p/s,10.4 kp/s,6.53 kp/s,4.04 kp/s,0 p/s,0 p/s,5.21 kp/s,2.04 kp/s,65.7 p/s,0 p/s,0 p/s,0 p/s,0 p/s,0 p/s,5.86 kp/s,0 p/s,0 p/s,27.0 kp/s,25.8 kp/s,11.2 kp/s,0 p/s,0 p/s,15.8 kp/s,9.72 kp/s,8.07 kp/s,0 p/s
2026-08-20 20:22:40,0 p/s,0 p/s,0 p/s,0 p/s,60.9 p/s,0 p/s,0 p/s,10.5 kp/s,6.58 kp/s,4.10 kp/s,0 p/s,0 p/s,5.26 kp/s,2.05 kp/s,65.5 p/s,0 p/s,0 p/s,0 p/s,0 p/s,0 p/s,5.99 kp/s,0 p/s,0 p/s,27.6 kp/s,26.4 kp/s,11.5 kp/s,0 p/s,0 p/s,16.1 kp/s,9.96 kp/s,8.26 kp/s,0 p/s
2026-08-20 20:23:00,0 p/s,0 p/s,0 p/s,0 p/s,61.7 p/s,0 p/s,0 p/s,10.4 kp/s,6.53 kp/s,4.05 kp/s,0 p/s,0 p/s,5.21 kp/s,2.03 kp/s,65.6 p/s,0 p/s,0 p/s,0 p/s,0 p/s,0 p/s,5.89 kp/s,0 p/s,0 p/s,27.1 kp/s,25.9 kp/s,11.3 kp/s,0 p/s,0 p/s,15.8 kp/s,9.78 kp/s,8.11 kp/s,0 p/s
2026-08-20 20:23:20,0 p/s,0 p/s,0 p/s,0 p/s,62.3 p/s,0 p/s,0 p/s,10.6 kp/s,6.63 kp/s,4.13 kp/s,0 p/s,0 p/s,5.30 kp/s,2.07 kp/s,66.8 p/s,0 p/s,0 p/s,0 p/s,0 p/s,0 p/s,5.86 kp/s,0 p/s,0 p/s,27.0 kp/s,25.7 kp/s,11.2 kp/s,0 p/s,0 p/s,15.7 kp/s,9.70 kp/s,8.05 kp/s,0 p/s
2026-08-20 20:23:40,0 p/s,0 p/s,0 p/s,0 p/s,61.9 p/s,0 p/s,0 p/s,10.5 kp/s,6.60 kp/s,4.08 kp/s,0 p/s,0 p/s,5.24 kp/s,2.05 kp/s,66.1 p/s,0 p/s,0 p/s,0 p/s,0 p/s,0 p/s,5.85 kp/s,0 p/s,0 p/s,27.0 kp/s,25.8 kp/s,11.2 kp/s,0 p/s,0 p/s,15.7 kp/s,9.71 kp/s,8.06 kp/s,0 p/s
2026-08-20 20:24:00,0 p/s,0 p/s,0 p/s,0 p/s,62.8 p/s,0 p/s,0 p/s,10.6 kp/s,6.62 kp/s,4.10 kp/s,0 p/s,0 p/s,5.30 kp/s,2.07 kp/s,66.8 p/s,0 p/s,0 p/s,0 p/s,0 p/s,0 p/s,5.90 kp/s,0 p/s,0 p/s,27.2 kp/s,26.0 kp/s,11.3 kp/s,0 p/s,0 p/s,15.8 kp/s,9.79 kp/s,8.12 kp/s,0 p/s
2026-08-20 20:24:20,0 p/s,0 p/s,0 p/s,0 p/s,61.5 p/s,0 p/s,0 p/s,10.5 kp/s,6.57 kp/s,4.05 kp/s,0 p/s,0 p/s,5.24 kp/s,2.05 kp/s,66.5 p/s,0 p/s,0 p/s,0 p/s,0 p/s,0 p/s,5.85 kp/s,0 p/s,0 p/s,27.0 kp/s,25.8 kp/s,11.2 kp/s,0 p/s,0 p/s,15.8 kp/s,9.71 kp/s,8.06 kp/s,0 p/s
2026-08-20 20:24:40,0 p/s,0 p/s,0 p/s,0 p/s,61.7 p/s,0 p/s,0 p/s,10.6 kp/s,6.64 kp/s,4.11 kp/s,0 p/s,0 p/s,5.30 kp/s,2.08 kp/s,66.1 p/s,0 p/s,0 p/s,0 p/s,0 p/s,0 p/s,5.77 kp/s,0 p/s,0 p/s,26.6 kp/s,25.4 kp/s,11.0 kp/s,0 p/s,0 p/s,15.5 kp/s,9.57 kp/s,7.94 kp/s,0 p/s
2026-08-20 20:25:00,0 p/s,0 p/s,0 p/s,0 p/s,63.1 p/s,0 p/s,0 p/s,10.6 kp/s,6.66 kp/s,4.13 kp/s,0 p/s,0 p/s,5.31 kp/s,2.07 kp/s,67.5 p/s,0 p/s,0 p/s,0 p/s,0 p/s,0 p/s,5.89 kp/s,0 p/s,0 p/s,27.2 kp/s,26.0 kp/s,11.3 kp/s,0 p/s,0 p/s,15.8 kp/s,9.79 kp/s,8.12 kp/s,0 p/s
2026-08-20 20:25:20,0 p/s,0 p/s,0 p/s,0 p/s,61.1 p/s,0 p/s,0 p/s,10.4 kp/s,6.52 kp/s,4.05 kp/s,0 p/s,0 p/s,5.20 kp/s,2.04 kp/s,65.5 p/s,0 p/s,0 p/s,0 p/s,0 p/s,0 p/s,5.91 kp/s,0 p/s,0 p/s,27.3 kp/s,26.1 kp/s,11.3 kp/s,0 p/s,0 p/s,15.9 kp/s,9.83 kp/s,8.17 kp/s,0 p/s
2026-08-20 20:25:40,0 p/s,0 p/s,0 p/s,0 p/s,61.2 p/s,0 p/s,0 p/s,10.5 kp/s,6.55 kp/s,4.09 kp/s,0 p/s,0 p/s,5.24 kp/s,2.05 kp/s,65.3 p/s,0 p/s,0 p/s,0 p/s,0 p/s,0 p/s,5.98 kp/s,0 p/s,0 p/s,27.6 kp/s,26.4 kp/s,11.5 kp/s,0 p/s,0 p/s,16.1 kp/s,9.94 kp/s,8.25 kp/s,0 p/s
2026-08-20 20:26:00,0 p/s,0 p/s,0 p/s,0 p/s,62.1 p/s,0 p/s,0 p/s,10.4 kp/s,6.53 kp/s,4.08 kp/s,0 p/s,0 p/s,5.21 kp/s,2.04 kp/s,65.7 p/s,0 p/s,0 p/s,0 p/s,0 p/s,0 p/s,5.90 kp/s,0 p/s,0 p/s,27.2 kp/s,26.0 kp/s,11.3 kp/s,0 p/s,0 p/s,15.9 kp/s,9.79 kp/s,8.12 kp/s,0 p/s
2026-08-20 20:26:20,0 p/s,0 p/s,0 p/s,0 p/s,61.6 p/s,0 p/s,0 p/s,10.5 kp/s,6.60 kp/s,4.11 kp/s,0 p/s,0 p/s,5.27 kp/s,2.06 kp/s,66 p/s,0 p/s,0 p/s,0 p/s,0 p/s,0 p/s,5.95 kp/s,0 p/s,0 p/s,27.4 kp/s,26.2 kp/s,11.4 kp/s,0 p/s,0 p/s,16.0 kp/s,9.87 kp/s,8.19 kp/s,0 p/s
2026-08-20 20:26:40,0 p/s,0 p/s,0 p/s,0 p/s,61.5 p/s,0 p/s,0 p/s,10.5 kp/s,6.58 kp/s,4.10 kp/s,0 p/s,0 p/s,5.24 kp/s,2.05 kp/s,66.1 p/s,0 p/s,0 p/s,0 p/s,0 p/s,0 p/s,5.92 kp/s,0 p/s,0 p/s,27.3 kp/s,26.0 kp/s,11.3 kp/s,0 p/s,0 p/s,15.9 kp/s,9.80 kp/s,8.15 kp/s,0 p/s
2026-08-20 20:27:00,0 p/s,0 p/s,0 p/s,0 p/s,62.3 p/s,0 p/s,0 p/s,10.5 kp/s,6.58 kp/s,4.12 kp/s,0 p/s,0 p/s,5.26 kp/s,2.06 kp/s,66.1 p/s,0 p/s,0 p/s,0 p/s,0 p/s,0 p/s,5.87 kp/s,0 p/s,0 p/s,27.1 kp/s,25.9 kp/s,11.2 kp/s,0 p/s,0 p/s,15.8 kp/s,9.75 kp/s,8.09 kp/s,0 p/s
2026-08-20 20:27:20,0 p/s,0 p/s,0 p/s,0 p/s,61.6 p/s,0 p/s,0 p/s,10.5 kp/s,6.58 kp/s,4.09 kp/s,0 p/s,0 p/s,5.25 kp/s,2.05 kp/s,65.6 p/s,0 p/s,0 p/s,0 p/s,0 p/s,0 p/s,5.94 kp/s,0 p/s,0 p/s,27.4 kp/s,26.2 kp/s,11.4 kp/s,0 p/s,0 p/s,16.0 kp/s,9.86 kp/s,8.19 kp/s,0 p/s
2026-08-20 20:27:40,0 p/s,0 p/s,0 p/s,0 p/s,62 p/s,0 p/s,0 p/s,10.5 kp/s,6.56 kp/s,4.07 kp/s,0 p/s,0 p/s,5.24 kp/s,2.05 kp/s,66.1 p/s,0 p/s,0 p/s,0 p/s,0 p/s,0 p/s,5.97 kp/s,0 p/s,0 p/s,27.6 kp/s,26.3 kp/s,11.4 kp/s,0 p/s,0 p/s,16.1 kp/s,9.92 kp/s,8.22 kp/s,0 p/s
2026-08-20 20:28:00,0 p/s,0 p/s,0 p/s,0 p/s,61.2 p/s,0 p/s,0 p/s,10.5 kp/s,6.56 kp/s,4.08 kp/s,0 p/s,0 p/s,5.22 kp/s,2.05 kp/s,65.1 p/s,0 p/s,0 p/s,0 p/s,0 p/s,0 p/s,5.96 kp/s,0 p/s,0 p/s,27.5 kp/s,26.3 kp/s,11.4 kp/s,0 p/s,0 p/s,16.1 kp/s,9.90 kp/s,8.22 kp/s,0 p/s
2026-08-20 20:28:20,0 p/s,0 p/s,0 p/s,0 p/s,61.2 p/s,0 p/s,0 p/s,10.4 kp/s,6.53 kp/s,4.06 kp/s,0 p/s,0 p/s,5.21 kp/s,2.04 kp/s,65.5 p/s,0 p/s,0 p/s,0 p/s,0 p/s,0 p/s,5.94 kp/s,0 p/s,0 p/s,27.3 kp/s,26.1 kp/s,11.4 kp/s,0 p/s,0 p/s,15.9 kp/s,9.85 kp/s,8.19 kp/s,0 p/s
2026-08-20 20:28:40,0 p/s,0 p/s,0 p/s,0 p/s,61.5 p/s,0 p/s,0 p/s,10.6 kp/s,6.65 kp/s,4.12 kp/s,0 p/s,0 p/s,5.30 kp/s,2.07 kp/s,66.8 p/s,0 p/s,0 p/s,0 p/s,0 p/s,0 p/s,5.81 kp/s,0 p/s,0 p/s,26.8 kp/s,25.6 kp/s,11.1 kp/s,0 p/s,0 p/s,15.6 kp/s,9.65 kp/s,8.00 kp/s,0 p/s
2026-08-20 20:29:00,0 p/s,0 p/s,0 p/s,0 p/s,62.1 p/s,0 p/s,0 p/s,10.5 kp/s,6.60 kp/s,4.10 kp/s,0 p/s,0 p/s,5.26 kp/s,2.05 kp/s,66.5 p/s,0 p/s,0 p/s,0 p/s,0 p/s,0 p/s,5.92 kp/s,0 p/s,0 p/s,27.3 kp/s,26.1 kp/s,11.3 kp/s,0 p/s,0 p/s,15.9 kp/s,9.83 kp/s,8.15 kp/s,0 p/s
2026-08-20 20:29:20,0 p/s,0 p/s,0 p/s,0 p/s,61.5 p/s,0 p/s,0 p/s,10.6 kp/s,6.64 kp/s,4.12 kp/s,0 p/s,0 p/s,5.29 kp/s,2.07 kp/s,66.5 p/s,0 p/s,0 p/s,0 p/s,0 p/s,0 p/s,5.88 kp/s,0 p/s,0 p/s,27.1 kp/s,25.9 kp/s,11.3 kp/s,0 p/s,0 p/s,15.8 kp/s,9.77 kp/s,8.10 kp/s,0 p/s
2026-08-20 20:29:40,0 p/s,0 p/s,0 p/s,0 p/s,61.1 p/s,0 p/s,0 p/s,10.5 kp/s,6.60 kp/s,4.11 kp/s,0 p/s,0 p/s,5.28 kp/s,2.06 kp/s,66.4 p/s,0 p/s,0 p/s,0 p/s,0 p/s,0 p/s,5.93 kp/s,0 p/s,0 p/s,27.4 kp/s,26.1 kp/s,11.4 kp/s,0 p/s,0 p/s,15.9 kp/s,9.86 kp/s,8.19 kp/s,0 p/s
2026-08-20 20:30:00,0 p/s,0 p/s,0 p/s,0 p/s,62 p/s,0 p/s,0 p/s,10.6 kp/s,6.65 kp/s,4.08 kp/s,0 p/s,0 p/s,5.28 kp/s,2.07 kp/s,66.4 p/s,0 p/s,0 p/s,0 p/s,0 p/s,0 p/s,5.93 kp/s,0 p/s,0 p/s,27.4 kp/s,26.1 kp/s,11.4 kp/s,0 p/s,0 p/s,15.9 kp/s,9.86 kp/s,8.17 kp/s,0 p/s
2026-08-20 20:30:20,0 p/s,0 p/s,0 p/s,0 p/s,62.5 p/s,0 p/s,0 p/s,10.6 kp/s,6.65 kp/s,4.11 kp/s,0 p/s,0 p/s,5.31 kp/s,2.07 kp/s,67.3 p/s,0 p/s,0 p/s,0 p/s,0 p/s,0 p/s,5.83 kp/s,0 p/s,0 p/s,26.9 kp/s,25.7 kp/s,11.2 kp/s,0 p/s,0 p/s,15.7 kp/s,9.69 kp/s,8.04 kp/s,0 p/s
2026-08-20 20:30:40,0 p/s,0 p/s,0 p/s,0 p/s,60.8 p/s,0 p/s,0 p/s,10.6 kp/s,6.64 kp/s,4.11 kp/s,0 p/s,0 p/s,5.29 kp/s,2.07 kp/s,66.3 p/s,0 p/s,0 p/s,0 p/s,0 p/s,0 p/s,5.92 kp/s,0 p/s,0 p/s,27.3 kp/s,26.1 kp/s,11.3 kp/s,0 p/s,0 p/s,16.0 kp/s,9.83 kp/s,8.15 kp/s,0 p/s
2026-08-20 20:31:00,0 p/s,0 p/s,0 p/s,0 p/s,61.5 p/s,0 p/s,0 p/s,10.5 kp/s,6.58 kp/s,4.08 kp/s,0 p/s,0 p/s,5.27 kp/s,2.05 kp/s,65.9 p/s,0 p/s,0 p/s,0 p/s,0 p/s,0 p/s,5.92 kp/s,0 p/s,0 p/s,27.3 kp/s,26.1 kp/s,11.3 kp/s,0 p/s,0 p/s,15.9 kp/s,9.82 kp/s,8.16 kp/s,0 p/s
2026-08-20 20:31:20,0 p/s,0 p/s,0 p/s,0 p/s,61.2 p/s,0 p/s,0 p/s,10.4 kp/s,6.49 kp/s,4.03 kp/s,0 p/s,0 p/s,5.19 kp/s,2.03 kp/s,64.7 p/s,0 p/s,0 p/s,0 p/s,0 p/s,0 p/s,5.80 kp/s,0 p/s,0 p/s,26.8 kp/s,25.6 kp/s,11.1 kp/s,0 p/s,0 p/s,15.6 kp/s,9.64 kp/s,7.99 kp/s,0 p/s
2026-08-20 20:31:40,0 p/s,0 p/s,0 p/s,0 p/s,61.7 p/s,0 p/s,0 p/s,10.6 kp/s,6.64 kp/s,4.10 kp/s,0 p/s,0 p/s,5.29 kp/s,2.07 kp/s,67.1 p/s,0 p/s,0 p/s,0 p/s,0 p/s,0 p/s,5.83 kp/s,0 p/s,0 p/s,26.9 kp/s,25.7 kp/s,11.2 kp/s,0 p/s,0 p/s,15.7 kp/s,9.69 kp/s,8.05 kp/s,0 p/s
2026-08-20 20:32:00,0 p/s,0 p/s,0 p/s,0 p/s,61.1 p/s,0 p/s,0 p/s,10.5 kp/s,6.57 kp/s,4.07 kp/s,0 p/s,0 p/s,5.24 kp/s,2.05 kp/s,66.1 p/s,0 p/s,0 p/s,0 p/s,0 p/s,0 p/s,5.85 kp/s,0 p/s,0 p/s,27.0 kp/s,25.8 kp/s,11.2 kp/s,0 p/s,0 p/s,15.7 kp/s,9.72 kp/s,8.07 kp/s,0 p/s
2026-08-20 20:32:20,0 p/s,0 p/s,0 p/s,0 p/s,61.5 p/s,0 p/s,0 p/s,10.6 kp/s,6.58 kp/s,4.12 kp/s,0 p/s,0 p/s,5.26 kp/s,2.05 kp/s,66.4 p/s,0 p/s,0 p/s,0 p/s,0 p/s,0 p/s,5.87 kp/s,0 p/s,0 p/s,27.1 kp/s,25.9 kp/s,11.2 kp/s,0 p/s,0 p/s,15.8 kp/s,9.75 kp/s,8.10 kp/s,0 p/s
2026-08-20 20:32:40,0 p/s,0 p/s,0 p/s,0 p/s,62 p/s,0 p/s,0 p/s,10.6 kp/s,6.64 kp/s,4.11 kp/s,0 p/s,0 p/s,5.30 kp/s,2.07 kp/s,66.4 p/s,0 p/s,0 p/s,0 p/s,0 p/s,0 p/s,5.90 kp/s,0 p/s,0 p/s,27.1 kp/s,25.9 kp/s,11.3 kp/s,0 p/s,0 p/s,15.8 kp/s,9.79 kp/s,8.12 kp/s,0 p/s
2026-08-20 20:33:00,0 p/s,0 p/s,0 p/s,0 p/s,61.9 p/s,0 p/s,0 p/s,10.4 kp/s,6.53 kp/s,4.08 kp/s,0 p/s,0 p/s,5.22 kp/s,2.04 kp/s,65.1 p/s,0 p/s,0 p/s,0 p/s,0 p/s,0 p/s,5.89 kp/s,0 p/s,0 p/s,27.2 kp/s,26.0 kp/s,11.3 kp/s,0 p/s,0 p/s,15.9 kp/s,9.79 kp/s,8.12 kp/s,0 p/s
2026-08-20 20:33:20,0 p/s,0 p/s,0 p/s,0 p/s,61.9 p/s,0 p/s,0 p/s,10.5 kp/s,6.55 kp/s,4.08 kp/s,0 p/s,0 p/s,5.24 kp/s,2.05 kp/s,65.6 p/s,0 p/s,0 p/s,0 p/s,0 p/s,0 p/s,5.87 kp/s,0 p/s,0 p/s,27.0 kp/s,25.8 kp/s,11.2 kp/s,0 p/s,0 p/s,15.7 kp/s,9.73 kp/s,8.09 kp/s,0 p/s
2026-08-20 20:33:40,0 p/s,0 p/s,0 p/s,0 p/s,61.7 p/s,0 p/s,0 p/s,10.4 kp/s,6.53 kp/s,4.06 kp/s,0 p/s,0 p/s,5.21 kp/s,2.04 kp/s,65.1 p/s,0 p/s,0 p/s,0 p/s,0 p/s,0 p/s,5.83 kp/s,0 p/s,0 p/s,26.9 kp/s,25.7 kp/s,11.2 kp/s,0 p/s,0 p/s,15.7 kp/s,9.69 kp/s,8.04 kp/s,0 p/s
2026-08-20 20:34:00,0 p/s,0 p/s,0 p/s,0 p/s,61.3 p/s,0 p/s,0 p/s,10.5 kp/s,6.56 kp/s,4.07 kp/s,0 p/s,0 p/s,5.24 kp/s,2.05 kp/s,66.1 p/s,0 p/s,0 p/s,0 p/s,0 p/s,0 p/s,5.96 kp/s,0 p/s,0 p/s,27.5 kp/s,26.3 kp/s,11.4 kp/s,0 p/s,0 p/s,16.1 kp/s,9.91 kp/s,8.21 kp/s,0 p/s
2026-08-20 20:34:20,0 p/s,0 p/s,0 p/s,0 p/s,60.9 p/s,0 p/s,0 p/s,10.5 kp/s,6.55 kp/s,4.08 kp/s,0 p/s,0 p/s,5.23 kp/s,2.04 kp/s,65.6 p/s,0 p/s,0 p/s,0 p/s,0 p/s,0 p/s,5.97 kp/s,0 p/s,0 p/s,27.6 kp/s,26.3 kp/s,11.4 kp/s,0 p/s,0 p/s,16.1 kp/s,9.92 kp/s,8.22 kp/s,0 p/s
2026-08-20 20:34:40,0 p/s,0 p/s,0 p/s,0 p/s,60.7 p/s,0 p/s,0 p/s,10.5 kp/s,6.57 kp/s,4.07 kp/s,0 p/s,0 p/s,5.24 kp/s,2.05 kp/s,65.9 p/s,0 p/s,0 p/s,0 p/s,0 p/s,0 p/s,5.87 kp/s,0 p/s,0 p/s,27.1 kp/s,25.8 kp/s,11.2 kp/s,0 p/s,0 p/s,15.8 kp/s,9.74 kp/s,8.07 kp/s,0 p/s
2026-08-20 20:35:00,0 p/s,0 p/s,0 p/s,0 p/s,62 p/s,0 p/s,0 p/s,10.5 kp/s,6.56 kp/s,4.09 kp/s,0 p/s,0 p/s,5.24 kp/s,2.04 kp/s,65.7 p/s,0 p/s,0 p/s,0 p/s,0 p/s,0 p/s,5.90 kp/s,0 p/s,0 p/s,27.3 kp/s,26.1 kp/s,11.3 kp/s,0 p/s,0 p/s,15.9 kp/s,9.82 kp/s,8.15 kp/s,0 p/s
2026-08-20 20:35:20,0 p/s,0 p/s,0 p/s,0 p/s,61.9 p/s,0 p/s,0 p/s,10.5 kp/s,6.56 kp/s,4.10 kp/s,0 p/s,0 p/s,5.25 kp/s,2.05 kp/s,65.3 p/s,0 p/s,0 p/s,0 p/s,0 p/s,0 p/s,5.87 kp/s,0 p/s,0 p/s,27.0 kp/s,25.8 kp/s,11.2 kp/s,0 p/s,0 p/s,15.7 kp/s,9.73 kp/s,8.08 kp/s,0 p/s
2026-08-20 20:35:40,0 p/s,0 p/s,0 p/s,0 p/s,62 p/s,0 p/s,0 p/s,10.5 kp/s,6.56 kp/s,4.06 kp/s,0 p/s,0 p/s,5.23 kp/s,2.04 kp/s,66.3 p/s,0 p/s,0 p/s,0 p/s,0 p/s,0 p/s,5.93 kp/s,0 p/s,0 p/s,27.3 kp/s,26.1 kp/s,11.4 kp/s,0 p/s,0 p/s,15.9 kp/s,9.84 kp/s,8.17 kp/s,0 p/s
2026-08-20 20:36:00,0 p/s,0 p/s,0 p/s,0 p/s,59.9 p/s,0 p/s,0 p/s,10.5 kp/s,6.56 kp/s,4.05 kp/s,0 p/s,0 p/s,5.23 kp/s,2.05 kp/s,66.1 p/s,0 p/s,0 p/s,0 p/s,0 p/s,0 p/s,5.84 kp/s,0 p/s,0 p/s,27.0 kp/s,25.8 kp/s,11.2 kp/s,0 p/s,0 p/s,15.8 kp/s,9.72 kp/s,8.06 kp/s,0 p/s
2026-08-20 20:36:20,0 p/s,0 p/s,0 p/s,0 p/s,61.1 p/s,0 p/s,0 p/s,10.5 kp/s,6.53 kp/s,4.11 kp/s,0 p/s,0 p/s,5.25 kp/s,2.05 kp/s,66.3 p/s,0 p/s,0 p/s,0 p/s,0 p/s,0 p/s,5.90 kp/s,0 p/s,0 p/s,27.2 kp/s,26.0 kp/s,11.3 kp/s,0 p/s,0 p/s,15.8 kp/s,9.79 kp/s,8.11 kp/s,0 p/s
2026-08-20 20:36:40,0 p/s,0 p/s,0 p/s,0 p/s,60.9 p/s,0 p/s,0 p/s,10.4 kp/s,6.53 kp/s,4.06 kp/s,0 p/s,0 p/s,5.21 kp/s,2.04 kp/s,65.5 p/s,0 p/s,0 p/s,0 p/s,0 p/s,0 p/s,5.77 kp/s,0 p/s,0 p/s,26.6 kp/s,25.4 kp/s,11.1 kp/s,0 p/s,0 p/s,15.5 kp/s,9.57 kp/s,7.96 kp/s,0 p/s