"Time","upf=upf-1:loc=1:dnn=1:dscp0","upf=upf-2:loc=1:dnn=1:dscp0","upf=upf-3:loc=1:dnn=1:dscp0","upf=upf-4:loc=1:dnn=1:dscp0","upf=upf-1:loc=2:dnn=1:dscp0","upf=upf-2:loc=2:dnn=1:dscp0","upf=upf-3:loc=2:dnn=1:dscp0","upf=upf-4:loc=2:dnn=1:dscp0","upf=upf-1:loc=3:dnn=1:dscp0","upf=upf-2:loc=3:dnn=1:dscp0","upf=upf-3:loc=3:dnn=1:dscp0","upf=upf-4:loc=3:dnn=1:dscp0","upf=upf-1:loc=4:dnn=1:dscp0","upf=upf-2:loc=4:dnn=1:dscp0","upf=upf-3:loc=4:dnn=1:dscp0","upf=upf-4:loc=4:dnn=1:dscp0","upf=upf-1:loc=1:dnn=2:dscp0","upf=upf-2:loc=1:dnn=2:dscp0","upf=upf-3:loc=1:dnn=2:dscp0","upf=upf-4:loc=1:dnn=2:dscp0","upf=upf-1:loc=2:dnn=2:dscp0","upf=upf-2:loc=2:dnn=2:dscp0","upf=upf-3:loc=2:dnn=2:dscp0","upf=upf-4:loc=2:dnn=2:dscp0","upf=upf-1:loc=3:dnn=2:dscp0","upf=upf-2:loc=3:dnn=2:dscp0","upf=upf-3:loc=3:dnn=2:dscp0","upf=upf-4:loc=3:dnn=2:dscp0","upf=upf-1:loc=4:dnn=2:dscp0","upf=upf-2:loc=4:dnn=2:dscp0","upf=upf-3:loc=4:dnn=2:dscp0","upf=upf-4:loc=4:dnn=2:dscp0"
2026-08-20 16:36:20,0 p/s,0 p/s,0 p/s,0 p/s,56 p/s,0 p/s,0 p/s,13.9 kp/s,6.55 kp/s,7.43 kp/s,0 p/s,0 p/s,11.3 kp/s,2.68 kp/s,84 p/s,0 p/s,0 p/s,0 p/s,0 p/s,0 p/s,13.5 kp/s,0 p/s,0 p/s,13.6 kp/s,0 p/s,0 p/s,0 p/s,0 p/s,0 p/s,0 p/s,0 p/s,0 p/s
2026-08-20 16:36:40,0 p/s,0 p/s,0 p/s,0 p/s,56 p/s,0 p/s,0 p/s,13.9 kp/s,6.55 kp/s,7.43 kp/s,0 p/s,0 p/s,11.2 kp/s,2.67 kp/s,84 p/s,0 p/s,0 p/s,0 p/s,0 p/s,0 p/s,15.0 kp/s,0 p/s,0 p/s,15.0 kp/s,337 p/s,347 p/s,0 p/s,0 p/s,0 p/s,0 p/s,0 p/s,0 p/s
2026-08-20 16:37:00,0 p/s,0 p/s,0 p/s,0 p/s,56 p/s,0 p/s,0 p/s,13.9 kp/s,6.55 kp/s,7.43 kp/s,0 p/s,0 p/s,11.2 kp/s,2.67 kp/s,84 p/s,0 p/s,0 p/s,0 p/s,0 p/s,0 p/s,15.0 kp/s,0 p/s,0 p/s,15.0 kp/s,2.36 kp/s,2.38 kp/s,0 p/s,0 p/s,0 p/s,0 p/s,0 p/s,0 p/s
2026-08-20 16:37:20,0 p/s,0 p/s,0 p/s,0 p/s,56 p/s,0 p/s,0 p/s,13.9 kp/s,6.55 kp/s,7.43 kp/s,0 p/s,0 p/s,11.2 kp/s,2.67 kp/s,84 p/s,0 p/s,0 p/s,0 p/s,0 p/s,0 p/s,15.0 kp/s,0 p/s,0 p/s,15.0 kp/s,6.88 kp/s,6.90 kp/s,0 p/s,0 p/s,0 p/s,0 p/s,0 p/s,0 p/s
2026-08-20 16:37:40,0 p/s,0 p/s,0 p/s,0 p/s,56 p/s,0 p/s,0 p/s,13.9 kp/s,6.56 kp/s,7.44 kp/s,0 p/s,0 p/s,11.2 kp/s,2.67 kp/s,84 p/s,0 p/s,0 p/s,0 p/s,0 p/s,0 p/s,15.0 kp/s,0 p/s,0 p/s,15.0 kp/s,9.13 kp/s,9.15 kp/s,0 p/s,0 p/s,0 p/s,0 p/s,0 p/s,0 p/s
2026-08-20 16:38:00,0 p/s,0 p/s,0 p/s,0 p/s,56 p/s,0 p/s,0 p/s,13.9 kp/s,6.55 kp/s,7.44 kp/s,0 p/s,0 p/s,11.2 kp/s,2.67 kp/s,84 p/s,0 p/s,0 p/s,0 p/s,0 p/s,0 p/s,15.0 kp/s,0 p/s,0 p/s,15.0 kp/s,11.4 kp/s,11.4 kp/s,0 p/s,0 p/s,0 p/s,0 p/s,0 p/s,0 p/s
2026-08-20 16:38:20,0 p/s,0 p/s,0 p/s,0 p/s,56 p/s,0 p/s,0 p/s,13.9 kp/s,6.54 kp/s,7.42 kp/s,0 p/s,0 p/s,11.2 kp/s,2.67 kp/s,84 p/s,0 p/s,0 p/s,0 p/s,0 p/s,0 p/s,15.0 kp/s,0 p/s,0 p/s,15.0 kp/s,15.0 kp/s,15.0 kp/s,0 p/s,0 p/s,157 p/s,164 p/s,160 p/s,0 p/s
2026-08-20 16:38:40,0 p/s,0 p/s,0 p/s,0 p/s,56 p/s,0 p/s,0 p/s,13.9 kp/s,6.56 kp/s,7.44 kp/s,0 p/s,0 p/s,11.2 kp/s,2.67 kp/s,84 p/s,0 p/s,0 p/s,0 p/s,0 p/s,0 p/s,15.1 kp/s,0 p/s,0 p/s,15.0 kp/s,15.0 kp/s,15.0 kp/s,0 p/s,0 p/s,1.41 kp/s,1.43 kp/s,1.42 kp/s,0 p/s
2026-08-20 16:39:00,0 p/s,0 p/s,0 p/s,0 p/s,56 p/s,0 p/s,0 p/s,13.9 kp/s,6.55 kp/s,7.43 kp/s,0 p/s,0 p/s,11.2 kp/s,2.67 kp/s,84 p/s,0 p/s,0 p/s,0 p/s,0 p/s,0 p/s,15.0 kp/s,0 p/s,0 p/s,15.0 kp/s,15.0 kp/s,15.0 kp/s,0 p/s,0 p/s,3.12 kp/s,3.14 kp/s,3.13 kp/s,0 p/s
2026-08-20 16:39:20,0 p/s,0 p/s,0 p/s,0 p/s,56 p/s,0 p/s,0 p/s,13.9 kp/s,6.55 kp/s,7.42 kp/s,0 p/s,0 p/s,11.2 kp/s,2.67 kp/s,84 p/s,0 p/s,0 p/s,0 p/s,0 p/s,0 p/s,15.0 kp/s,0 p/s,0 p/s,15.0 kp/s,15.0 kp/s,15.0 kp/s,0 p/s,0 p/s,6.13 kp/s,6.15 kp/s,6.13 kp/s,0 p/s
2026-08-20 16:39:40,0 p/s,0 p/s,0 p/s,0 p/s,56 p/s,0 p/s,0 p/s,13.9 kp/s,6.55 kp/s,7.43 kp/s,0 p/s,0 p/s,11.2 kp/s,2.67 kp/s,84 p/s,0 p/s,0 p/s,0 p/s,0 p/s,0 p/s,15.0 kp/s,0 p/s,0 p/s,15.0 kp/s,15.0 kp/s,15.0 kp/s,0 p/s,0 p/s,7.65 kp/s,7.67 kp/s,7.66 kp/s,0 p/s
2026-08-20 16:40:00,0 p/s,0 p/s,0 p/s,0 p/s,56 p/s,0 p/s,0 p/s,13.9 kp/s,6.54 kp/s,7.43 kp/s,0 p/s,0 p/s,11.2 kp/s,2.67 kp/s,84 p/s,0 p/s,0 p/s,0 p/s,0 p/s,0 p/s,15.0 kp/s,0 p/s,0 p/s,15.0 kp/s,15.0 kp/s,15.0 kp/s,0 p/s,0 p/s,9.13 kp/s,9.16 kp/s,9.15 kp/s,0 p/s
2026-08-20 16:40:20,0 p/s,0 p/s,0 p/s,0 p/s,39.8 p/s,0 p/s,0 p/s,10.5 kp/s,5.01 kp/s,5.60 kp/s,0 p/s,0 p/s,8.52 kp/s,2.00 kp/s,66.7 p/s,0 p/s,0 p/s,0 p/s,0 p/s,0 p/s,11.5 kp/s,0 p/s,0 p/s,11.4 kp/s,11.5 kp/s,11.4 kp/s,0 p/s,0 p/s,7.63 kp/s,7.63 kp/s,7.62 kp/s,0 p/s
2026-08-20 16:40:40,0 p/s,0 p/s,0 p/s,0 p/s,30.9 p/s,0 p/s,0 p/s,8.80 kp/s,4.21 kp/s,4.63 kp/s,0 p/s,0 p/s,7.11 kp/s,1.65 kp/s,55.3 p/s,0 p/s,0 p/s,0 p/s,0 p/s,0 p/s,8.33 kp/s,0 p/s,0 p/s,8.72 kp/s,8.36 kp/s,8.70 kp/s,0 p/s,0 p/s,5.69 kp/s,5.70 kp/s,5.68 kp/s,0 p/s
2026-08-20 16:41:00,0 p/s,0 p/s,0 p/s,0 p/s,28.5 p/s,0 p/s,0 p/s,7.48 kp/s,3.57 kp/s,3.96 kp/s,0 p/s,0 p/s,6.07 kp/s,1.43 kp/s,44.9 p/s,0 p/s,0 p/s,0 p/s,0 p/s,0 p/s,6.94 kp/s,0 p/s,0 p/s,7.07 kp/s,6.93 kp/s,7.08 kp/s,0 p/s,0 p/s,4.70 kp/s,4.64 kp/s,4.68 kp/s,0 p/s
2026-08-20 16:41:20,0 p/s,0 p/s,0 p/s,0 p/s,25.1 p/s,0 p/s,0 p/s,6.03 kp/s,2.86 kp/s,3.19 kp/s,0 p/s,0 p/s,4.87 kp/s,1.17 kp/s,36.6 p/s,0 p/s,0 p/s,0 p/s,0 p/s,0 p/s,5.43 kp/s,0 p/s,0 p/s,5.32 kp/s,5.47 kp/s,5.38 kp/s,0 p/s,0 p/s,3.62 kp/s,3.62 kp/s,3.61 kp/s,0 p/s
2026-08-20 16:41:40,0 p/s,0 p/s,0 p/s,0 p/s,24.1 p/s,0 p/s,0 p/s,6.36 kp/s,3.07 kp/s,3.34 kp/s,0 p/s,0 p/s,5.21 kp/s,1.22 kp/s,37.4 p/s,0 p/s,0 p/s,0 p/s,0 p/s,0 p/s,5.03 kp/s,0 p/s,0 p/s,5.06 kp/s,5.03 kp/s,5.17 kp/s,0 p/s,0 p/s,3.41 kp/s,3.39 kp/s,3.39 kp/s,0 p/s
2026-08-20 16:42:00,0 p/s,0 p/s,0 p/s,0 p/s,33.3 p/s,0 p/s,0 p/s,9.33 kp/s,4.39 kp/s,4.93 kp/s,0 p/s,0 p/s,7.57 kp/s,1.80 kp/s,57.6 p/s,0 p/s,0 p/s,0 p/s,0 p/s,0 p/s,6.42 kp/s,0 p/s,0 p/s,7.41 kp/s,6.52 kp/s,7.25 kp/s,0 p/s,0 p/s,4.73 kp/s,4.53 kp/s,4.57 kp/s,0 p/s
2026-08-20 16:42:20,0 p/s,0 p/s,0 p/s,0 p/s,31.9 p/s,0 p/s,0 p/s,8.21 kp/s,3.95 kp/s,4.22 kp/s,0 p/s,0 p/s,6.53 kp/s,1.58 kp/s,55.3 p/s,0 p/s,0 p/s,0 p/s,0 p/s,0 p/s,6.02 kp/s,0 p/s,0 p/s,7.19 kp/s,6.18 kp/s,7.42 kp/s,0 p/s,0 p/s,4.45 kp/s,4.61 kp/s,4.52 kp/s,0 p/s
2026-08-20 16:42:40,0 p/s,0 p/s,0 p/s,0 p/s,28.7 p/s,0 p/s,0 p/s,7.13 kp/s,3.35 kp/s,3.79 kp/s,0 p/s,0 p/s,5.73 kp/s,1.36 kp/s,44.3 p/s,0 p/s,0 p/s,0 p/s,0 p/s,0 p/s,5.26 kp/s,0 p/s,0 p/s,6.12 kp/s,5.36 kp/s,6.22 kp/s,0 p/s,0 p/s,3.82 kp/s,3.89 kp/s,3.85 kp/s,0 p/s
2026-08-20 16:43:00,0 p/s,0 p/s,0 p/s,0 p/s,27.2 p/s,0 p/s,0 p/s,6.85 kp/s,3.26 kp/s,3.59 kp/s,0 p/s,0 p/s,5.53 kp/s,1.31 kp/s,42.5 p/s,0 p/s,0 p/s,0 p/s,0 p/s,0 p/s,5.09 kp/s,0 p/s,0 p/s,5.93 kp/s,5.14 kp/s,5.99 kp/s,0 p/s,0 p/s,3.73 kp/s,3.71 kp/s,3.72 kp/s,0 p/s
2026-08-20 16:43:20,0 p/s,0 p/s,0 p/s,0 p/s,26.4 p/s,0 p/s,0 p/s,7.01 kp/s,3.39 kp/s,3.66 kp/s,0 p/s,0 p/s,5.73 kp/s,1.34 kp/s,42 p/s,0 p/s,0 p/s,0 p/s,0 p/s,0 p/s,5.23 kp/s,0 p/s,0 p/s,6.17 kp/s,5.26 kp/s,6.29 kp/s,0 p/s,0 p/s,3.86 kp/s,3.82 kp/s,3.82 kp/s,0 p/s
2026-08-20 16:43:40,0 p/s,0 p/s,0 p/s,0 p/s,29.1 p/s,0 p/s,0 p/s,8.11 kp/s,3.85 kp/s,4.33 kp/s,0 p/s,0 p/s,6.70 kp/s,1.56 kp/s,52.4 p/s,0 p/s,0 p/s,0 p/s,0 p/s,0 p/s,6.03 kp/s,0 p/s,0 p/s,6.89 kp/s,6.04 kp/s,6.76 kp/s,0 p/s,0 p/s,4.38 kp/s,4.23 kp/s,4.28 kp/s,0 p/s
2026-08-20 16:44:00,0 p/s,0 p/s,0 p/s,0 p/s,35 p/s,0 p/s,0 p/s,8.24 kp/s,3.90 kp/s,4.28 kp/s,0 p/s,0 p/s,6.57 kp/s,1.58 kp/s,44 p/s,0 p/s,0 p/s,0 p/s,0 p/s,0 p/s,6.16 kp/s,0 p/s,0 p/s,6.89 kp/s,6.23 kp/s,6.98 kp/s,0 p/s,0 p/s,4.42 kp/s,4.32 kp/s,4.37 kp/s,0 p/s
2026-08-20 16:44:20,0 p/s,0 p/s,0 p/s,0 p/s,28.3 p/s,0 p/s,0 p/s,7.22 kp/s,3.42 kp/s,3.80 kp/s,0 p/s,0 p/s,5.80 kp/s,1.37 kp/s,47.7 p/s,0 p/s,0 p/s,0 p/s,0 p/s,0 p/s,5.48 kp/s,0 p/s,0 p/s,6.28 kp/s,5.60 kp/s,6.42 kp/s,0 p/s,0 p/s,3.96 kp/s,4.06 kp/s,4.00 kp/s,0 p/s
2026-08-20 16:44:40,0 p/s,0 p/s,0 p/s,0 p/s,26.2 p/s,0 p/s,0 p/s,6.72 kp/s,3.23 kp/s,3.51 kp/s,0 p/s,0 p/s,5.42 kp/s,1.29 kp/s,41.9 p/s,0 p/s,0 p/s,0 p/s,0 p/s,0 p/s,5.24 kp/s,0 p/s,0 p/s,6.10 kp/s,5.31 kp/s,6.19 kp/s,0 p/s,0 p/s,3.83 kp/s,3.84 kp/s,3.83 kp/s,0 p/s
2026-08-20 16:45:00,0 p/s,0 p/s,0 p/s,0 p/s,26.1 p/s,0 p/s,0 p/s,6.73 kp/s,3.23 kp/s,3.51 kp/s,0 p/s,0 p/s,5.44 kp/s,1.29 kp/s,42 p/s,0 p/s,0 p/s,0 p/s,0 p/s,0 p/s,5.12 kp/s,0 p/s,0 p/s,5.98 kp/s,5.17 kp/s,6.06 kp/s,0 p/s,0 p/s,3.75 kp/s,3.74 kp/s,3.74 kp/s,0 p/s
2026-08-20 16:45:20,0 p/s,0 p/s,0 p/s,0 p/s,30.2 p/s,0 p/s,0 p/s,8.62 kp/s,4.21 kp/s,4.47 kp/s,0 p/s,0 p/s,7.10 kp/s,1.65 kp/s,55.9 p/s,0 p/s,0 p/s,0 p/s,0 p/s,0 p/s,6.51 kp/s,0 p/s,0 p/s,7.95 kp/s,6.50 kp/s,7.80 kp/s,0 p/s,0 p/s,4.94 kp/s,4.75 kp/s,4.77 kp/s,0 p/s
2026-08-20 16:45:40,0 p/s,0 p/s,0 p/s,0 p/s,33.6 p/s,0 p/s,0 p/s,8.20 kp/s,3.95 kp/s,4.22 kp/s,0 p/s,0 p/s,6.61 kp/s,1.57 kp/s,45.2 p/s,0 p/s,0 p/s,0 p/s,0 p/s,0 p/s,6.16 kp/s,0 p/s,0 p/s,7.01 kp/s,6.24 kp/s,7.12 kp/s,0 p/s,0 p/s,4.43 kp/s,4.33 kp/s,4.41 kp/s,0 p/s
2026-08-20 16:46:00,0 p/s,0 p/s,0 p/s,0 p/s,34.3 p/s,0 p/s,0 p/s,8.52 kp/s,4.14 kp/s,4.39 kp/s,0 p/s,0 p/s,6.72 kp/s,1.63 kp/s,55.8 p/s,0 p/s,0 p/s,0 p/s,0 p/s,0 p/s,6.37 kp/s,0 p/s,0 p/s,7.32 kp/s,6.53 kp/s,7.60 kp/s,0 p/s,0 p/s,4.65 kp/s,4.82 kp/s,4.75 kp/s,0 p/s
2026-08-20 16:46:20,0 p/s,0 p/s,0 p/s,0 p/s,28.3 p/s,0 p/s,0 p/s,7.48 kp/s,3.66 kp/s,3.82 kp/s,0 p/s,0 p/s,6.04 kp/s,1.43 kp/s,48 p/s,0 p/s,0 p/s,0 p/s,0 p/s,0 p/s,5.54 kp/s,0 p/s,0 p/s,6.51 kp/s,5.60 kp/s,6.60 kp/s,0 p/s,0 p/s,4.08 kp/s,4.06 kp/s,4.06 kp/s,0 p/s
2026-08-20 16:46:40,0 p/s,0 p/s,0 p/s,0 p/s,25.2 p/s,0 p/s,0 p/s,6.28 kp/s,2.98 kp/s,3.32 kp/s,0 p/s,0 p/s,5.08 kp/s,1.21 kp/s,38.1 p/s,0 p/s,0 p/s,0 p/s,0 p/s,0 p/s,4.96 kp/s,0 p/s,0 p/s,5.54 kp/s,5.02 kp/s,5.62 kp/s,0 p/s,0 p/s,3.55 kp/s,3.55 kp/s,3.54 kp/s,0 p/s
2026-08-20 16:47:00,0 p/s,0 p/s,0 p/s,0 p/s,26.9 p/s,0 p/s,0 p/s,7.21 kp/s,3.51 kp/s,3.72 kp/s,0 p/s,0 p/s,5.88 kp/s,1.38 kp/s,44.3 p/s,0 p/s,0 p/s,0 p/s,0 p/s,0 p/s,5.61 kp/s,0 p/s,0 p/s,6.40 kp/s,5.65 kp/s,6.51 kp/s,0 p/s,0 p/s,4.07 kp/s,4.03 kp/s,4.03 kp/s,0 p/s
2026-08-20 16:47:20,0 p/s,0 p/s,0 p/s,0 p/s,33.9 p/s,0 p/s,0 p/s,7.81 kp/s,3.77 kp/s,4.08 kp/s,0 p/s,0 p/s,6.29 kp/s,1.49 kp/s,43.4 p/s,0 p/s,0 p/s,0 p/s,0 p/s,0 p/s,6.12 kp/s,0 p/s,0 p/s,6.93 kp/s,6.14 kp/s,7.04 kp/s,0 p/s,0 p/s,4.41 kp/s,4.33 kp/s,4.40 kp/s,0 p/s
2026-08-20 16:47:40,0 p/s,0 p/s,0 p/s,0 p/s,31.7 p/s,0 p/s,0 p/s,8.10 kp/s,3.89 kp/s,4.20 kp/s,0 p/s,0 p/s,6.45 kp/s,1.55 kp/s,54.8 p/s,0 p/s,0 p/s,0 p/s,0 p/s,0 p/s,6.06 kp/s,0 p/s,0 p/s,6.99 kp/s,6.21 kp/s,7.22 kp/s,0 p/s,0 p/s,4.39 kp/s,4.56 kp/s,4.48 kp/s,0 p/s
2026-08-20 16:48:00,0 p/s,0 p/s,0 p/s,0 p/s,26.1 p/s,0 p/s,0 p/s,6.60 kp/s,3.15 kp/s,3.44 kp/s,0 p/s,0 p/s,5.31 kp/s,1.27 kp/s,41.7 p/s,0 p/s,0 p/s,0 p/s,0 p/s,0 p/s,5.17 kp/s,0 p/s,0 p/s,5.85 kp/s,5.28 kp/s,5.97 kp/s,0 p/s,0 p/s,3.71 kp/s,3.78 kp/s,3.74 kp/s,0 p/s
2026-08-20 16:48:20,0 p/s,0 p/s,0 p/s,0 p/s,26 p/s,0 p/s,0 p/s,6.61 kp/s,3.16 kp/s,3.46 kp/s,0 p/s,0 p/s,5.33 kp/s,1.26 kp/s,40.5 p/s,0 p/s,0 p/s,0 p/s,0 p/s,0 p/s,5.15 kp/s,0 p/s,0 p/s,6.07 kp/s,5.21 kp/s,6.14 kp/s,0 p/s,0 p/s,3.79 kp/s,3.78 kp/s,3.78 kp/s,0 p/s
2026-08-20 16:48:40,0 p/s,0 p/s,0 p/s,0 p/s,26.9 p/s,0 p/s,0 p/s,7.03 kp/s,3.39 kp/s,3.67 kp/s,0 p/s,0 p/s,5.70 kp/s,1.35 kp/s,44.9 p/s,0 p/s,0 p/s,0 p/s,0 p/s,0 p/s,5.40 kp/s,0 p/s,0 p/s,6.15 kp/s,5.44 kp/s,6.21 kp/s,0 p/s,0 p/s,3.91 kp/s,3.88 kp/s,3.89 kp/s,0 p/s
2026-08-20 16:49:00,0 p/s,0 p/s,0 p/s,0 p/s,29.1 p/s,0 p/s,0 p/s,8.57 kp/s,4.15 kp/s,4.41 kp/s,0 p/s,0 p/s,7.02 kp/s,1.64 kp/s,53.7 p/s,0 p/s,0 p/s,0 p/s,0 p/s,0 p/s,6.19 kp/s,0 p/s,0 p/s,7.56 kp/s,6.22 kp/s,7.47 kp/s,0 p/s,0 p/s,4.71 kp/s,4.52 kp/s,4.55 kp/s,0 p/s
2026-08-20 16:49:20,0 p/s,0 p/s,0 p/s,0 p/s,32 p/s,0 p/s,0 p/s,7.76 kp/s,3.76 kp/s,4.05 kp/s,0 p/s,0 p/s,6.20 kp/s,1.48 kp/s,48.2 p/s,0 p/s,0 p/s,0 p/s,0 p/s,0 p/s,5.86 kp/s,0 p/s,0 p/s,6.74 kp/s,5.93 kp/s,6.89 kp/s,0 p/s,0 p/s,4.30 kp/s,4.29 kp/s,4.31 kp/s,0 p/s
2026-08-20 16:49:40,0 p/s,0 p/s,0 p/s,0 p/s,29.5 p/s,0 p/s,0 p/s,7.53 kp/s,3.59 kp/s,3.93 kp/s,0 p/s,0 p/s,6.02 kp/s,1.44 kp/s,49.7 p/s,0 p/s,0 p/s,0 p/s,0 p/s,0 p/s,5.66 kp/s,0 p/s,0 p/s,6.78 kp/s,5.85 kp/s,6.97 kp/s,0 p/s,0 p/s,4.18 kp/s,4.36 kp/s,4.24 kp/s,0 p/s
2026-08-20 16:50:00,0 p/s,0 p/s,0 p/s,0 p/s,27.4 p/s,0 p/s,0 p/s,6.95 kp/s,3.33 kp/s,3.63 kp/s,0 p/s,0 p/s,5.61 kp/s,1.33 kp/s,44.1 p/s,0 p/s,0 p/s,0 p/s,0 p/s,0 p/s,5.05 kp/s,0 p/s,0 p/s,6.21 kp/s,5.11 kp/s,6.30 kp/s,0 p/s,0 p/s,3.79 kp/s,3.82 kp/s,3.80 kp/s,0 p/s
2026-08-20 16:50:20,0 p/s,0 p/s,0 p/s,0 p/s,25.7 p/s,0 p/s,0 p/s,6.56 kp/s,3.10 kp/s,3.48 kp/s,0 p/s,0 p/s,5.32 kp/s,1.26 kp/s,39.5 p/s,0 p/s,0 p/s,0 p/s,0 p/s,0 p/s,5.04 kp/s,0 p/s,0 p/s,5.55 kp/s,5.11 kp/s,5.58 kp/s,0 p/s,0 p/s,3.58 kp/s,3.54 kp/s,3.55 kp/s,0 p/s
2026-08-20 16:50:40,0 p/s,0 p/s,0 p/s,0 p/s,26.5 p/s,0 p/s,0 p/s,7.00 kp/s,3.34 kp/s,3.74 kp/s,0 p/s,0 p/s,5.75 kp/s,1.35 kp/s,43.9 p/s,0 p/s,0 p/s,0 p/s,0 p/s,0 p/s,5.38 kp/s,0 p/s,0 p/s,6.21 kp/s,5.36 kp/s,6.18 kp/s,0 p/s,0 p/s,3.91 kp/s,3.84 kp/s,3.86 kp/s,0 p/s
2026-08-20 16:51:00,0 p/s,0 p/s,0 p/s,0 p/s,31.1 p/s,0 p/s,0 p/s,8.17 kp/s,3.90 kp/s,4.22 kp/s,0 p/s,0 p/s,6.59 kp/s,1.56 kp/s,44.8 p/s,0 p/s,0 p/s,0 p/s,0 p/s,0 p/s,6.11 kp/s,0 p/s,0 p/s,7.24 kp/s,6.18 kp/s,7.25 kp/s,0 p/s,0 p/s,4.54 kp/s,4.37 kp/s,4.44 kp/s,0 p/s
2026-08-20 16:51:20,0 p/s,0 p/s,0 p/s,0 p/s,32.2 p/s,0 p/s,0 p/s,8.12 kp/s,3.86 kp/s,4.23 kp/s,0 p/s,0 p/s,6.46 kp/s,1.56 kp/s,53.2 p/s,0 p/s,0 p/s,0 p/s,0 p/s,0 p/s,5.83 kp/s,0 p/s,0 p/s,7.13 kp/s,6.01 kp/s,7.33 kp/s,0 p/s,0 p/s,4.36 kp/s,4.53 kp/s,4.44 kp/s,0 p/s
2026-08-20 16:51:40,0 p/s,0 p/s,0 p/s,0 p/s,27.3 p/s,0 p/s,0 p/s,6.99 kp/s,3.36 kp/s,3.63 kp/s,0 p/s,0 p/s,5.63 kp/s,1.34 kp/s,45.7 p/s,0 p/s,0 p/s,0 p/s,0 p/s,0 p/s,5.30 kp/s,0 p/s,0 p/s,6.34 kp/s,5.41 kp/s,6.47 kp/s,0 p/s,0 p/s,3.92 kp/s,3.99 kp/s,3.95 kp/s,0 p/s
2026-08-20 16:52:00,0 p/s,0 p/s,0 p/s,0 p/s,26.3 p/s,0 p/s,0 p/s,6.67 kp/s,3.18 kp/s,3.49 kp/s,0 p/s,0 p/s,5.39 kp/s,1.28 kp/s,41.1 p/s,0 p/s,0 p/s,0 p/s,0 p/s,0 p/s,5.16 kp/s,0 p/s,0 p/s,5.84 kp/s,5.22 kp/s,5.91 kp/s,0 p/s,0 p/s,3.72 kp/s,3.71 kp/s,3.71 kp/s,0 p/s
2026-08-20 16:52:20,0 p/s,0 p/s,0 p/s,0 p/s,26 p/s,0 p/s,0 p/s,6.78 kp/s,3.25 kp/s,3.56 kp/s,0 p/s,0 p/s,5.53 kp/s,1.30 kp/s,40.4 p/s,0 p/s,0 p/s,0 p/s,0 p/s,0 p/s,5.07 kp/s,0 p/s,0 p/s,5.90 kp/s,5.11 kp/s,6.02 kp/s,0 p/s,0 p/s,3.72 kp/s,3.68 kp/s,3.68 kp/s,0 p/s
2026-08-20 16:52:40,0 p/s,0 p/s,0 p/s,0 p/s,27.9 p/s,0 p/s,0 p/s,8.07 kp/s,3.88 kp/s,4.22 kp/s,0 p/s,0 p/s,6.64 kp/s,1.54 kp/s,51.8 p/s,0 p/s,0 p/s,0 p/s,0 p/s,0 p/s,6.17 kp/s,0 p/s,0 p/s,7.70 kp/s,6.22 kp/s,7.55 kp/s,0 p/s,0 p/s,4.74 kp/s,4.55 kp/s,4.58 kp/s,0 p/s
2026-08-20 16:53:00,0 p/s,0 p/s,0 p/s,0 p/s,33.5 p/s,0 p/s,0 p/s,8.20 kp/s,4.01 kp/s,4.17 kp/s,0 p/s,0 p/s,6.63 kp/s,1.58 kp/s,45.7 p/s,0 p/s,0 p/s,0 p/s,0 p/s,0 p/s,6.26 kp/s,0 p/s,0 p/s,7.37 kp/s,6.30 kp/s,7.46 kp/s,0 p/s,0 p/s,4.59 kp/s,4.48 kp/s,4.57 kp/s,0 p/s
2026-08-20 16:53:20,0 p/s,0 p/s,0 p/s,0 p/s,27.2 p/s,0 p/s,0 p/s,7.14 kp/s,3.53 kp/s,3.62 kp/s,0 p/s,0 p/s,5.76 kp/s,1.36 kp/s,47.3 p/s,0 p/s,0 p/s,0 p/s,0 p/s,0 p/s,5.55 kp/s,0 p/s,0 p/s,6.52 kp/s,5.65 kp/s,6.63 kp/s,0 p/s,0 p/s,4.08 kp/s,4.11 kp/s,4.08 kp/s,0 p/s
2026-08-20 16:53:40,0 p/s,0 p/s,0 p/s,0 p/s,25.6 p/s,0 p/s,0 p/s,6.49 kp/s,3.12 kp/s,3.39 kp/s,0 p/s,0 p/s,5.25 kp/s,1.24 kp/s,40.5 p/s,0 p/s,0 p/s,0 p/s,0 p/s,0 p/s,4.86 kp/s,0 p/s,0 p/s,5.71 kp/s,4.93 kp/s,5.79 kp/s,0 p/s,0 p/s,3.58 kp/s,3.57 kp/s,3.57 kp/s,0 p/s
2026-08-20 16:54:00,0 p/s,0 p/s,0 p/s,0 p/s,28.4 p/s,0 p/s,0 p/s,7.31 kp/s,3.54 kp/s,3.79 kp/s,0 p/s,0 p/s,5.90 kp/s,1.40 kp/s,45.7 p/s,0 p/s,0 p/s,0 p/s,0 p/s,0 p/s,5.36 kp/s,0 p/s,0 p/s,6.38 kp/s,5.41 kp/s,6.46 kp/s,0 p/s,0 p/s,3.97 kp/s,3.95 kp/s,3.96 kp/s,0 p/s
2026-08-20 16:54:20,0 p/s,0 p/s,0 p/s,0 p/s,31.5 p/s,0 p/s,0 p/s,8.91 kp/s,4.34 kp/s,4.56 kp/s,0 p/s,0 p/s,7.25 kp/s,1.71 kp/s,56.5 p/s,0 p/s,0 p/s,0 p/s,0 p/s,0 p/s,6.53 kp/s,0 p/s,0 p/s,8.11 kp/s,6.61 kp/s,7.94 kp/s,0 p/s,0 p/s,4.99 kp/s,4.79 kp/s,4.82 kp/s,0 p/s
2026-08-20 16:54:40,0 p/s,0 p/s,0 p/s,0 p/s,35.1 p/s,0 p/s,0 p/s,8.38 kp/s,4.10 kp/s,4.34 kp/s,0 p/s,0 p/s,6.73 kp/s,1.59 kp/s,48.9 p/s,0 p/s,0 p/s,0 p/s,0 p/s,0 p/s,6.42 kp/s,0 p/s,0 p/s,7.26 kp/s,6.41 kp/s,7.44 kp/s,0 p/s,0 p/s,4.66 kp/s,4.58 kp/s,4.66 kp/s,0 p/s
2026-08-20 16:55:00,0 p/s,0 p/s,0 p/s,0 p/s,31.3 p/s,0 p/s,0 p/s,7.98 kp/s,3.80 kp/s,4.14 kp/s,0 p/s,0 p/s,6.35 kp/s,1.53 kp/s,52.7 p/s,0 p/s,0 p/s,0 p/s,0 p/s,0 p/s,5.83 kp/s,0 p/s,0 p/s,6.95 kp/s,6.03 kp/s,7.17 kp/s,0 p/s,0 p/s,4.28 kp/s,4.49 kp/s,4.38 kp/s,0 p/s
2026-08-20 16:55:20,0 p/s,0 p/s,0 p/s,0 p/s,25.9 p/s,0 p/s,0 p/s,6.51 kp/s,3.10 kp/s,3.43 kp/s,0 p/s,0 p/s,5.26 kp/s,1.25 kp/s,39.9 p/s,0 p/s,0 p/s,0 p/s,0 p/s,0 p/s,5.01 kp/s,0 p/s,0 p/s,5.75 kp/s,5.04 kp/s,5.81 kp/s,0 p/s,0 p/s,3.63 kp/s,3.62 kp/s,3.62 kp/s,0 p/s
2026-08-20 16:55:40,0 p/s,0 p/s,0 p/s,0 p/s,24.2 p/s,0 p/s,0 p/s,6.40 kp/s,3.07 kp/s,3.36 kp/s,0 p/s,0 p/s,5.20 kp/s,1.24 kp/s,43 p/s,0 p/s,0 p/s,0 p/s,0 p/s,0 p/s,5.11 kp/s,0 p/s,0 p/s,5.75 kp/s,5.12 kp/s,5.74 kp/s,0 p/s,0 p/s,3.67 kp/s,3.64 kp/s,3.64 kp/s,0 p/s
2026-08-20 16:56:00,0 p/s,0 p/s,0 p/s,0 p/s,25.9 p/s,0 p/s,0 p/s,7.04 kp/s,3.36 kp/s,3.72 kp/s,0 p/s,0 p/s,5.79 kp/s,1.35 kp/s,43.1 p/s,0 p/s,0 p/s,0 p/s,0 p/s,0 p/s,5.41 kp/s,0 p/s,0 p/s,6.19 kp/s,5.45 kp/s,6.21 kp/s,0 p/s,0 p/s,3.96 kp/s,3.84 kp/s,3.90 kp/s,0 p/s
2026-08-20 16:56:20,0 p/s,0 p/s,0 p/s,0 p/s,33.1 p/s,0 p/s,0 p/s,7.88 kp/s,3.92 kp/s,4.00 kp/s,0 p/s,0 p/s,6.33 kp/s,1.49 kp/s,46.5 p/s,0 p/s,0 p/s,0 p/s,0 p/s,0 p/s,6.24 kp/s,0 p/s,0 p/s,7.33 kp/s,6.22 kp/s,7.49 kp/s,0 p/s,0 p/s,4.61 kp/s,4.53 kp/s,4.62 kp/s,0 p/s
2026-08-20 16:56:40,0 p/s,0 p/s,0 p/s,0 p/s,30 p/s,0 p/s,0 p/s,7.83 kp/s,3.73 kp/s,4.05 kp/s,0 p/s,0 p/s,6.23 kp/s,1.51 kp/s,54 p/s,0 p/s,0 p/s,0 p/s,0 p/s,0 p/s,5.72 kp/s,0 p/s,0 p/s,6.88 kp/s,5.92 kp/s,7.12 kp/s,0 p/s,0 p/s,4.23 kp/s,4.45 kp/s,4.34 kp/s,0 p/s
2026-08-20 16:57:00,0 p/s,0 p/s,0 p/s,0 p/s,25.5 p/s,0 p/s,0 p/s,6.66 kp/s,3.24 kp/s,3.42 kp/s,0 p/s,0 p/s,5.36 kp/s,1.27 kp/s,43.9 p/s,0 p/s,0 p/s,0 p/s,0 p/s,0 p/s,5.09 kp/s,0 p/s,0 p/s,6.01 kp/s,5.18 kp/s,6.13 kp/s,0 p/s,0 p/s,3.73 kp/s,3.80 kp/s,3.76 kp/s,0 p/s
2026-08-20 16:57:20,0 p/s,0 p/s,0 p/s,0 p/s,24.1 p/s,0 p/s,0 p/s,6.19 kp/s,3.00 kp/s,3.20 kp/s,0 p/s,0 p/s,5.00 kp/s,1.18 kp/s,38.4 p/s,0 p/s,0 p/s,0 p/s,0 p/s,0 p/s,4.89 kp/s,0 p/s,0 p/s,5.50 kp/s,4.94 kp/s,5.56 kp/s,0 p/s,0 p/s,3.51 kp/s,3.50 kp/s,3.50 kp/s,0 p/s
2026-08-20 16:57:40,0 p/s,0 p/s,0 p/s,0 p/s,23.9 p/s,0 p/s,0 p/s,6.65 kp/s,3.30 kp/s,3.39 kp/s,0 p/s,0 p/s,5.45 kp/s,1.27 kp/s,41.9 p/s,0 p/s,0 p/s,0 p/s,0 p/s,0 p/s,5.47 kp/s,0 p/s,0 p/s,6.05 kp/s,5.50 kp/s,6.17 kp/s,0 p/s,0 p/s,3.90 kp/s,3.87 kp/s,3.87 kp/s,0 p/s
2026-08-20 16:58:00,0 p/s,0 p/s,0 p/s,0 p/s,26.9 p/s,0 p/s,0 p/s,7.69 kp/s,3.78 kp/s,3.95 kp/s,0 p/s,0 p/s,6.32 kp/s,1.48 kp/s,55.5 p/s,0 p/s,0 p/s,0 p/s,0 p/s,0 p/s,5.86 kp/s,0 p/s,0 p/s,6.84 kp/s,5.86 kp/s,6.74 kp/s,0 p/s,0 p/s,4.32 kp/s,4.21 kp/s,4.28 kp/s,0 p/s
2026-08-20 16:58:20,0 p/s,0 p/s,0 p/s,0 p/s,32.7 p/s,0 p/s,0 p/s,8.12 kp/s,4.02 kp/s,4.18 kp/s,0 p/s,0 p/s,6.51 kp/s,1.55 kp/s,49.1 p/s,0 p/s,0 p/s,0 p/s,0 p/s,0 p/s,6.20 kp/s,0 p/s,0 p/s,7.14 kp/s,6.20 kp/s,7.28 kp/s,0 p/s,0 p/s,4.53 kp/s,4.48 kp/s,4.55 kp/s,0 p/s
2026-08-20 16:58:40,0 p/s,0 p/s,0 p/s,0 p/s,30.1 p/s,0 p/s,0 p/s,7.73 kp/s,3.72 kp/s,3.99 kp/s,0 p/s,0 p/s,6.15 kp/s,1.49 kp/s,53.5 p/s,0 p/s,0 p/s,0 p/s,0 p/s,0 p/s,5.91 kp/s,0 p/s,0 p/s,6.88 kp/s,6.10 kp/s,7.16 kp/s,0 p/s,0 p/s,4.28 kp/s,4.54 kp/s,4.41 kp/s,0 p/s
2026-08-20 16:59:00,0 p/s,0 p/s,0 p/s,0 p/s,25.8 p/s,0 p/s,0 p/s,6.79 kp/s,3.32 kp/s,3.48 kp/s,0 p/s,0 p/s,5.48 kp/s,1.30 kp/s,43.8 p/s,0 p/s,0 p/s,0 p/s,0 p/s,0 p/s,5.38 kp/s,0 p/s,0 p/s,6.20 kp/s,5.43 kp/s,6.26 kp/s,0 p/s,0 p/s,3.90 kp/s,3.91 kp/s,3.90 kp/s,0 p/s
2026-08-20 16:59:20,0 p/s,0 p/s,0 p/s,0 p/s,24.7 p/s,0 p/s,0 p/s,6.56 kp/s,3.21 kp/s,3.38 kp/s,0 p/s,0 p/s,5.31 kp/s,1.25 kp/s,41.5 p/s,0 p/s,0 p/s,0 p/s,0 p/s,0 p/s,5.21 kp/s,0 p/s,0 p/s,6.01 kp/s,5.26 kp/s,6.07 kp/s,0 p/s,0 p/s,3.79 kp/s,3.76 kp/s,3.77 kp/s,0 p/s
2026-08-20 16:59:40,0 p/s,0 p/s,0 p/s,0 p/s,25.1 p/s,0 p/s,0 p/s,7.20 kp/s,3.56 kp/s,3.73 kp/s,0 p/s,0 p/s,5.93 kp/s,1.38 kp/s,48.3 p/s,0 p/s,0 p/s,0 p/s,0 p/s,0 p/s,5.71 kp/s,0 p/s,0 p/s,6.69 kp/s,5.69 kp/s,6.67 kp/s,0 p/s,0 p/s,4.19 kp/s,4.11 kp/s,4.12 kp/s,0 p/s
2026-08-20 17:00:00,0 p/s,0 p/s,0 p/s,0 p/s,30.7 p/s,0 p/s,0 p/s,8.52 kp/s,4.08 kp/s,4.35 kp/s,0 p/s,0 p/s,6.88 kp/s,1.63 kp/s,48 p/s,0 p/s,0 p/s,0 p/s,0 p/s,0 p/s,6.23 kp/s,0 p/s,0 p/s,7.60 kp/s,6.32 kp/s,7.58 kp/s,0 p/s,0 p/s,4.73 kp/s,4.53 kp/s,4.59 kp/s,0 p/s
2026-08-20 17:00:20,0 p/s,0 p/s,0 p/s,0 p/s,30.6 p/s,0 p/s,0 p/s,7.90 kp/s,3.79 kp/s,4.07 kp/s,0 p/s,0 p/s,6.28 kp/s,1.51 kp/s,55.1 p/s,0 p/s,0 p/s,0 p/s,0 p/s,0 p/s,5.97 kp/s,0 p/s,0 p/s,6.89 kp/s,6.16 kp/s,7.15 kp/s,0 p/s,0 p/s,4.32 kp/s,4.55 kp/s,4.43 kp/s,0 p/s
2026-08-20 17:00:40,0 p/s,0 p/s,0 p/s,0 p/s,25.9 p/s,0 p/s,0 p/s,6.73 kp/s,3.26 kp/s,3.47 kp/s,0 p/s,0 p/s,5.43 kp/s,1.29 kp/s,43.8 p/s,0 p/s,0 p/s,0 p/s,0 p/s,0 p/s,5.39 kp/s,0 p/s,0 p/s,6.18 kp/s,5.48 kp/s,6.26 kp/s,0 p/s,0 p/s,3.90 kp/s,3.94 kp/s,3.91 kp/s,0 p/s
2026-08-20 17:01:00,0 p/s,0 p/s,0 p/s,0 p/s,24.6 p/s,0 p/s,0 p/s,6.20 kp/s,2.98 kp/s,3.24 kp/s,0 p/s,0 p/s,5.01 kp/s,1.19 kp/s,38.1 p/s,0 p/s,0 p/s,0 p/s,0 p/s,0 p/s,4.90 kp/s,0 p/s,0 p/s,5.56 kp/s,4.95 kp/s,5.62 kp/s,0 p/s,0 p/s,3.53 kp/s,3.52 kp/s,3.52 kp/s,0 p/s
2026-08-20 17:01:20,0 p/s,0 p/s,0 p/s,0 p/s,25.2 p/s,0 p/s,0 p/s,6.88 kp/s,3.39 kp/s,3.53 kp/s,0 p/s,0 p/s,5.64 kp/s,1.31 kp/s,42.9 p/s,0 p/s,0 p/s,0 p/s,0 p/s,0 p/s,5.29 kp/s,0 p/s,0 p/s,6.11 kp/s,5.31 kp/s,6.21 kp/s,0 p/s,0 p/s,3.86 kp/s,3.82 kp/s,3.82 kp/s,0 p/s
2026-08-20 17:01:40,0 p/s,0 p/s,0 p/s,0 p/s,25.5 p/s,0 p/s,0 p/s,7.64 kp/s,3.74 kp/s,3.99 kp/s,0 p/s,0 p/s,6.35 kp/s,1.46 kp/s,54.3 p/s,0 p/s,0 p/s,0 p/s,0 p/s,0 p/s,5.85 kp/s,0 p/s,0 p/s,7.15 kp/s,5.85 kp/s,7.03 kp/s,0 p/s,0 p/s,4.41 kp/s,4.26 kp/s,4.35 kp/s,0 p/s
2026-08-20 17:02:00,0 p/s,0 p/s,0 p/s,0 p/s,36.2 p/s,0 p/s,0 p/s,8.69 kp/s,4.23 kp/s,4.38 kp/s,0 p/s,0 p/s,6.91 kp/s,1.67 kp/s,45.8 p/s,0 p/s,0 p/s,0 p/s,0 p/s,0 p/s,6.62 kp/s,0 p/s,0 p/s,7.72 kp/s,6.70 kp/s,7.81 kp/s,0 p/s,0 p/s,4.86 kp/s,4.75 kp/s,4.76 kp/s,0 p/s
2026-08-20 17:02:20,0 p/s,0 p/s,0 p/s,0 p/s,26.6 p/s,0 p/s,0 p/s,6.83 kp/s,3.30 kp/s,3.54 kp/s,0 p/s,0 p/s,5.50 kp/s,1.31 kp/s,46.7 p/s,0 p/s,0 p/s,0 p/s,0 p/s,0 p/s,5.40 kp/s,0 p/s,0 p/s,6.14 kp/s,5.51 kp/s,6.29 kp/s,0 p/s,0 p/s,3.87 kp/s,3.99 kp/s,3.91 kp/s,0 p/s
2026-08-20 17:02:40,0 p/s,0 p/s,0 p/s,0 p/s,25.9 p/s,0 p/s,0 p/s,6.83 kp/s,3.37 kp/s,3.46 kp/s,0 p/s,0 p/s,5.52 kp/s,1.30 kp/s,44.6 p/s,0 p/s,0 p/s,0 p/s,0 p/s,0 p/s,5.27 kp/s,0 p/s,0 p/s,6.26 kp/s,5.34 kp/s,6.35 kp/s,0 p/s,0 p/s,3.91 kp/s,3.89 kp/s,3.89 kp/s,0 p/s
2026-08-20 17:03:00,0 p/s,0 p/s,0 p/s,0 p/s,24.1 p/s,0 p/s,0 p/s,6.13 kp/s,2.93 kp/s,3.22 kp/s,0 p/s,0 p/s,4.96 kp/s,1.18 kp/s,37.3 p/s,0 p/s,0 p/s,0 p/s,0 p/s,0 p/s,4.78 kp/s,0 p/s,0 p/s,5.57 kp/s,4.83 kp/s,5.65 kp/s,0 p/s,0 p/s,3.50 kp/s,3.49 kp/s,3.49 kp/s,0 p/s
2026-08-20 17:03:20,0 p/s,0 p/s,0 p/s,0 p/s,25.3 p/s,0 p/s,0 p/s,7.73 kp/s,3.79 kp/s,4.03 kp/s,0 p/s,0 p/s,6.40 kp/s,1.48 kp/s,52.5 p/s,0 p/s,0 p/s,0 p/s,0 p/s,0 p/s,6.01 kp/s,0 p/s,0 p/s,7.12 kp/s,6.07 kp/s,7.05 kp/s,0 p/s,0 p/s,4.42 kp/s,4.29 kp/s,4.38 kp/s,0 p/s
2026-08-20 17:03:40,0 p/s,0 p/s,0 p/s,0 p/s,34.3 p/s,0 p/s,0 p/s,8.22 kp/s,4.00 kp/s,4.15 kp/s,0 p/s,0 p/s,6.59 kp/s,1.58 kp/s,44.5 p/s,0 p/s,0 p/s,0 p/s,0 p/s,0 p/s,6.37 kp/s,0 p/s,0 p/s,7.44 kp/s,6.42 kp/s,7.49 kp/s,0 p/s,0 p/s,4.72 kp/s,4.59 kp/s,4.60 kp/s,0 p/s
2026-08-20 17:04:00,0 p/s,0 p/s,0 p/s,0 p/s,31.8 p/s,0 p/s,0 p/s,7.91 kp/s,3.90 kp/s,4.03 kp/s,0 p/s,0 p/s,6.29 kp/s,1.52 kp/s,49.9 p/s,0 p/s,0 p/s,0 p/s,0 p/s,0 p/s,6.17 kp/s,0 p/s,0 p/s,7.00 kp/s,6.24 kp/s,7.17 kp/s,0 p/s,0 p/s,4.49 kp/s,4.51 kp/s,4.51 kp/s,0 p/s
2026-08-20 17:04:20,0 p/s,0 p/s,0 p/s,0 p/s,25.8 p/s,0 p/s,0 p/s,6.74 kp/s,3.30 kp/s,3.45 kp/s,0 p/s,0 p/s,5.45 kp/s,1.29 kp/s,43.3 p/s,0 p/s,0 p/s,0 p/s,0 p/s,0 p/s,5.07 kp/s,0 p/s,0 p/s,6.16 kp/s,5.14 kp/s,6.24 kp/s,0 p/s,0 p/s,3.80 kp/s,3.79 kp/s,3.78 kp/s,0 p/s
2026-08-20 17:04:40,0 p/s,0 p/s,0 p/s,0 p/s,23.8 p/s,0 p/s,0 p/s,6.31 kp/s,3.10 kp/s,3.23 kp/s,0 p/s,0 p/s,5.09 kp/s,1.20 kp/s,40.5 p/s,0 p/s,0 p/s,0 p/s,0 p/s,0 p/s,4.95 kp/s,0 p/s,0 p/s,5.86 kp/s,5.03 kp/s,5.92 kp/s,0 p/s,0 p/s,3.66 kp/s,3.65 kp/s,3.65 kp/s,0 p/s
2026-08-20 17:05:00,0 p/s,0 p/s,0 p/s,0 p/s,25 p/s,0 p/s,0 p/s,6.96 kp/s,3.45 kp/s,3.58 kp/s,0 p/s,0 p/s,5.70 kp/s,1.34 kp/s,48.3 p/s,0 p/s,0 p/s,0 p/s,0 p/s,0 p/s,5.56 kp/s,0 p/s,0 p/s,6.43 kp/s,5.57 kp/s,6.48 kp/s,0 p/s,0 p/s,4.05 kp/s,4.02 kp/s,4.02 kp/s,0 p/s
2026-08-20 17:05:20,0 p/s,0 p/s,0 p/s,0 p/s,33.1 p/s,0 p/s,0 p/s,7.78 kp/s,3.75 kp/s,4.04 kp/s,0 p/s,0 p/s,6.23 kp/s,1.50 kp/s,43.3 p/s,0 p/s,0 p/s,0 p/s,0 p/s,0 p/s,0 p/s,0 p/s,0 p/s,0 p/s,6.82 kp/s,6.85 kp/s,0 p/s,0 p/s,4.58 kp/s,4.50 kp/s,4.57 kp/s,0 p/s
2026-08-20 17:05:40,0 p/s,0 p/s,0 p/s,0 p/s,40 p/s,0 p/s,0 p/s,9.72 kp/s,4.58 kp/s,5.11 kp/s,0 p/s,0 p/s,7.73 kp/s,1.86 kp/s,63.6 p/s,0 p/s,0 p/s,0 p/s,0 p/s,0 p/s,0 p/s,0 p/s,0 p/s,0 p/s,3.04 kp/s,3.24 kp/s,0 p/s,0 p/s,5.94 kp/s,6.17 kp/s,6.06 kp/s,0 p/s
2026-08-20 17:06:00,0 p/s,0 p/s,0 p/s,0 p/s,56 p/s,0 p/s,0 p/s,13.9 kp/s,6.55 kp/s,7.43 kp/s,0 p/s,0 p/s,11.2 kp/s,2.67 kp/s,84 p/s,0 p/s,0 p/s,0 p/s,0 p/s,0 p/s,0 p/s,0 p/s,0 p/s,0 p/s,0 p/s,0 p/s,0 p/s,0 p/s,0 p/s,0 p/s,0 p/s,0 p/s
2026-08-20 17:06:20,0 p/s,0 p/s,0 p/s,0 p/s,56 p/s,0 p/s,0 p/s,14.0 kp/s,6.56 kp/s,7.44 kp/s,0 p/s,0 p/s,11.2 kp/s,2.67 kp/s,84 p/s,0 p/s,0 p/s,0 p/s,0 p/s,0 p/s,0 p/s,0 p/s,0 p/s,0 p/s,0 p/s,0 p/s,0 p/s,0 p/s,0 p/s,0 p/s,0 p/s,0 p/s
2026-08-20 17:06:40,0 p/s,0 p/s,0 p/s,0 p/s,56 p/s,0 p/s,0 p/s,13.9 kp/s,6.55 kp/s,7.44 kp/s,0 p/s,0 p/s,11.2 kp/s,2.67 kp/s,84 p/s,0 p/s,0 p/s,0 p/s,0 p/s,0 p/s,0 p/s,0 p/s,0 p/s,0 p/s,0 p/s,0 p/s,0 p/s,0 p/s,0 p/s,0 p/s,0 p/s,0 p/s
2026-08-20 17:07:00,0 p/s,0 p/s,0 p/s,0 p/s,56.1 p/s,0 p/s,0 p/s,14.0 kp/s,6.55 kp/s,7.44 kp/s,0 p/s,0 p/s,11.3 kp/s,2.67 kp/s,84.1 p/s,0 p/s,0 p/s,0 p/s,0 p/s,0 p/s,0 p/s,0 p/s,0 p/s,0 p/s,0 p/s,0 p/s,0 p/s,0 p/s,0 p/s,0 p/s,0 p/s,0 p/s
2026-08-20 17:07:20,0 p/s,0 p/s,0 p/s,0 p/s,56 p/s,0 p/s,0 p/s,13.9 kp/s,6.55 kp/s,7.43 kp/s,0 p/s,0 p/s,11.2 kp/s,2.67 kp/s,84 p/s,0 p/s,0 p/s,0 p/s,0 p/s,0 p/s,1.47 kp/s,0 p/s,0 p/s,1.49 kp/s,0 p/s,0 p/s,0 p/s,0 p/s,0 p/s,0 p/s,0 p/s,0 p/s
2026-08-20 17:07:40,0 p/s,0 p/s,0 p/s,0 p/s,56 p/s,0 p/s,0 p/s,13.9 kp/s,6.55 kp/s,7.43 kp/s,0 p/s,0 p/s,11.2 kp/s,2.67 kp/s,83.9 p/s,0 p/s,0 p/s,0 p/s,0 p/s,0 p/s,3.72 kp/s,0 p/s,0 p/s,3.73 kp/s,0 p/s,0 p/s,0 p/s,0 p/s,0 p/s,0 p/s,0 p/s,0 p/s
2026-08-20 17:08:00,0 p/s,0 p/s,0 p/s,0 p/s,56 p/s,0 p/s,0 p/s,14.0 kp/s,6.55 kp/s,7.44 kp/s,0 p/s,0 p/s,11.2 kp/s,2.67 kp/s,84.1 p/s,0 p/s,0 p/s,0 p/s,0 p/s,0 p/s,5.97 kp/s,0 p/s,0 p/s,5.99 kp/s,0 p/s,0 p/s,0 p/s,0 p/s,0 p/s,0 p/s,0 p/s,0 p/s
2026-08-20 17:08:20,0 p/s,0 p/s,0 p/s,0 p/s,56 p/s,0 p/s,0 p/s,13.9 kp/s,6.55 kp/s,7.43 kp/s,0 p/s,0 p/s,11.2 kp/s,2.67 kp/s,84 p/s,0 p/s,0 p/s,0 p/s,0 p/s,0 p/s,10.5 kp/s,0 p/s,0 p/s,10.5 kp/s,0 p/s,0 p/s,0 p/s,0 p/s,0 p/s,0 p/s,0 p/s,0 p/s
2026-08-20 17:08:40,0 p/s,0 p/s,0 p/s,0 p/s,56 p/s,0 p/s,0 p/s,13.9 kp/s,6.55 kp/s,7.43 kp/s,0 p/s,0 p/s,11.2 kp/s,2.67 kp/s,84 p/s,0 p/s,0 p/s,0 p/s,0 p/s,0 p/s,12.7 kp/s,0 p/s,0 p/s,12.8 kp/s,0 p/s,0 p/s,0 p/s,0 p/s,0 p/s,0 p/s,0 p/s,0 p/s
2026-08-20 17:09:00,0 p/s,0 p/s,0 p/s,0 p/s,56 p/s,0 p/s,0 p/s,13.9 kp/s,6.55 kp/s,7.43 kp/s,0 p/s,0 p/s,11.2 kp/s,2.67 kp/s,83.9 p/s,0 p/s,0 p/s,0 p/s,0 p/s,0 p/s,14.7 kp/s,0 p/s,0 p/s,14.7 kp/s,0 p/s,0 p/s,0 p/s,0 p/s,0 p/s,0 p/s,0 p/s,0 p/s
2026-08-20 17:09:20,0 p/s,0 p/s,0 p/s,0 p/s,56 p/s,0 p/s,0 p/s,13.9 kp/s,6.55 kp/s,7.44 kp/s,0 p/s,0 p/s,11.2 kp/s,2.67 kp/s,84.1 p/s,0 p/s,0 p/s,0 p/s,0 p/s,0 p/s,15.0 kp/s,0 p/s,0 p/s,15.0 kp/s,0 p/s,0 p/s,0 p/s,0 p/s,0 p/s,0 p/s,0 p/s,0 p/s
2026-08-20 17:09:40,0 p/s,0 p/s,0 p/s,0 p/s,56 p/s,0 p/s,0 p/s,14.0 kp/s,6.55 kp/s,7.44 kp/s,0 p/s,0 p/s,11.2 kp/s,2.68 kp/s,84.1 p/s,0 p/s,0 p/s,0 p/s,0 p/s,0 p/s,15.0 kp/s,0 p/s,0 p/s,15.0 kp/s,0 p/s,0 p/s,0 p/s,0 p/s,0 p/s,0 p/s,0 p/s,0 p/s
2026-08-20 17:10:00,0 p/s,0 p/s,0 p/s,0 p/s,56 p/s,0 p/s,0 p/s,14.0 kp/s,6.56 kp/s,7.44 kp/s,0 p/s,0 p/s,11.2 kp/s,2.68 kp/s,84.2 p/s,0 p/s,0 p/s,0 p/s,0 p/s,0 p/s,15.0 kp/s,0 p/s,0 p/s,15.0 kp/s,0 p/s,0 p/s,0 p/s,0 p/s,0 p/s,0 p/s,0 p/s,0 p/s
2026-08-20 17:10:20,0 p/s,0 p/s,0 p/s,0 p/s,56.2 p/s,0 p/s,0 p/s,14.0 kp/s,6.55 kp/s,7.43 kp/s,0 p/s,0 p/s,11.3 kp/s,2.68 kp/s,84.1 p/s,0 p/s,0 p/s,0 p/s,0 p/s,0 p/s,15.0 kp/s,0 p/s,0 p/s,15.0 kp/s,0 p/s,0 p/s,0 p/s,0 p/s,0 p/s,0 p/s,0 p/s,0 p/s
2026-08-20 17:10:40,0 p/s,0 p/s,0 p/s,0 p/s,56 p/s,0 p/s,0 p/s,13.9 kp/s,6.55 kp/s,7.43 kp/s,0 p/s,0 p/s,11.2 kp/s,2.67 kp/s,83.9 p/s,0 p/s,0 p/s,0 p/s,0 p/s,0 p/s,15.0 kp/s,0 p/s,0 p/s,15.0 kp/s,0 p/s,0 p/s,0 p/s,0 p/s,0 p/s,0 p/s,0 p/s,0 p/s
2026-08-20 17:11:00,0 p/s,0 p/s,0 p/s,0 p/s,55.9 p/s,0 p/s,0 p/s,13.9 kp/s,6.55 kp/s,7.43 kp/s,0 p/s,0 p/s,11.2 kp/s,2.67 kp/s,84 p/s,0 p/s,0 p/s,0 p/s,0 p/s,0 p/s,15.0 kp/s,0 p/s,0 p/s,15.0 kp/s,0 p/s,0 p/s,0 p/s,0 p/s,0 p/s,0 p/s,0 p/s,0 p/s
2026-08-20 17:11:20,0 p/s,0 p/s,0 p/s,0 p/s,55.8 p/s,0 p/s,0 p/s,13.9 kp/s,6.55 kp/s,7.43 kp/s,0 p/s,0 p/s,11.2 kp/s,2.67 kp/s,84 p/s,0 p/s,0 p/s,0 p/s,0 p/s,0 p/s,15.0 kp/s,0 p/s,0 p/s,15.0 kp/s,0 p/s,0 p/s,0 p/s,0 p/s,0 p/s,0 p/s,0 p/s,0 p/s
2026-08-20 17:11:40,0 p/s,0 p/s,0 p/s,0 p/s,56.2 p/s,0 p/s,0 p/s,13.9 kp/s,6.55 kp/s,7.43 kp/s,0 p/s,0 p/s,11.2 kp/s,2.67 kp/s,84 p/s,0 p/s,0 p/s,0 p/s,0 p/s,0 p/s,15.0 kp/s,0 p/s,0 p/s,15.0 kp/s,0 p/s,0 p/s,0 p/s,0 p/s,0 p/s,0 p/s,0 p/s,0 p/s
2026-08-20 17:12:00,0 p/s,0 p/s,0 p/s,0 p/s,56 p/s,0 p/s,0 p/s,13.9 kp/s,6.55 kp/s,7.43 kp/s,0 p/s,0 p/s,11.2 kp/s,2.67 kp/s,84 p/s,0 p/s,0 p/s,0 p/s,0 p/s,0 p/s,15.0 kp/s,0 p/s,0 p/s,15.0 kp/s,0 p/s,0 p/s,0 p/s,0 p/s,0 p/s,0 p/s,0 p/s,0 p/s
2026-08-20 17:12:20,0 p/s,0 p/s,0 p/s,0 p/s,55.8 p/s,0 p/s,0 p/s,13.9 kp/s,6.55 kp/s,7.43 kp/s,0 p/s,0 p/s,11.2 kp/s,2.67 kp/s,83.8 p/s,0 p/s,0 p/s,0 p/s,0 p/s,0 p/s,15.0 kp/s,0 p/s,0 p/s,15.0 kp/s,0 p/s,0 p/s,0 p/s,0 p/s,0 p/s,0 p/s,0 p/s,0 p/s
2026-08-20 17:12:40,0 p/s,0 p/s,0 p/s,0 p/s,56.2 p/s,0 p/s,0 p/s,14.0 kp/s,6.55 kp/s,7.43 kp/s,0 p/s,0 p/s,11.2 kp/s,2.67 kp/s,84.1 p/s,0 p/s,0 p/s,0 p/s,0 p/s,0 p/s,15.0 kp/s,0 p/s,0 p/s,15.0 kp/s,0 p/s,0 p/s,0 p/s,0 p/s,0 p/s,0 p/s,0 p/s,0 p/s
2026-08-20 17:13:00,0 p/s,0 p/s,0 p/s,0 p/s,56 p/s,0 p/s,0 p/s,14.0 kp/s,6.55 kp/s,7.43 kp/s,0 p/s,0 p/s,11.3 kp/s,2.68 kp/s,84.1 p/s,0 p/s,0 p/s,0 p/s,0 p/s,0 p/s,15.0 kp/s,0 p/s,0 p/s,15.0 kp/s,0 p/s,0 p/s,0 p/s,0 p/s,0 p/s,0 p/s,0 p/s,0 p/s
2026-08-20 17:13:20,0 p/s,0 p/s,0 p/s,0 p/s,56 p/s,0 p/s,0 p/s,13.9 kp/s,6.55 kp/s,7.43 kp/s,0 p/s,0 p/s,11.2 kp/s,2.68 kp/s,84.1 p/s,0 p/s,0 p/s,0 p/s,0 p/s,0 p/s,15.0 kp/s,0 p/s,0 p/s,15.0 kp/s,0 p/s,0 p/s,0 p/s,0 p/s,0 p/s,0 p/s,0 p/s,0 p/s
2026-08-20 17:13:40,0 p/s,0 p/s,0 p/s,0 p/s,56 p/s,0 p/s,0 p/s,13.9 kp/s,6.55 kp/s,7.43 kp/s,0 p/s,0 p/s,11.2 kp/s,2.68 kp/s,84 p/s,0 p/s,0 p/s,0 p/s,0 p/s,0 p/s,15.0 kp/s,0 p/s,0 p/s,15.0 kp/s,0 p/s,0 p/s,0 p/s,0 p/s,0 p/s,0 p/s,0 p/s,0 p/s
2026-08-20 17:14:00,0 p/s,0 p/s,0 p/s,0 p/s,56 p/s,0 p/s,0 p/s,13.9 kp/s,6.55 kp/s,7.43 kp/s,0 p/s,0 p/s,11.2 kp/s,2.67 kp/s,84 p/s,0 p/s,0 p/s,0 p/s,0 p/s,0 p/s,15.0 kp/s,0 p/s,0 p/s,15.0 kp/s,0 p/s,0 p/s,0 p/s,0 p/s,0 p/s,0 p/s,0 p/s,0 p/s
2026-08-20 17:14:20,0 p/s,0 p/s,0 p/s,0 p/s,56 p/s,0 p/s,0 p/s,13.9 kp/s,6.55 kp/s,7.43 kp/s,0 p/s,0 p/s,11.2 kp/s,2.67 kp/s,84 p/s,0 p/s,0 p/s,0 p/s,0 p/s,0 p/s,15.0 kp/s,0 p/s,0 p/s,15.0 kp/s,0 p/s,0 p/s,0 p/s,0 p/s,0 p/s,0 p/s,0 p/s,0 p/s
2026-08-20 17:14:40,0 p/s,0 p/s,0 p/s,0 p/s,56 p/s,0 p/s,0 p/s,13.9 kp/s,6.55 kp/s,7.43 kp/s,0 p/s,0 p/s,11.2 kp/s,2.67 kp/s,84 p/s,0 p/s,0 p/s,0 p/s,0 p/s,0 p/s,15.0 kp/s,0 p/s,0 p/s,15.0 kp/s,0 p/s,0 p/s,0 p/s,0 p/s,0 p/s,0 p/s,0 p/s,0 p/s
2026-08-20 17:15:00,0 p/s,0 p/s,0 p/s,0 p/s,56 p/s,0 p/s,0 p/s,13.9 kp/s,6.55 kp/s,7.43 kp/s,0 p/s,0 p/s,11.2 kp/s,2.67 kp/s,84 p/s,0 p/s,0 p/s,0 p/s,0 p/s,0 p/s,15.0 kp/s,0 p/s,0 p/s,15.0 kp/s,0 p/s,0 p/s,0 p/s,0 p/s,0 p/s,0 p/s,0 p/s,0 p/s
2026-08-20 17:15:20,0 p/s,0 p/s,0 p/s,0 p/s,56 p/s,0 p/s,0 p/s,13.9 kp/s,6.55 kp/s,7.43 kp/s,0 p/s,0 p/s,11.2 kp/s,2.67 kp/s,84 p/s,0 p/s,0 p/s,0 p/s,0 p/s,0 p/s,15.0 kp/s,0 p/s,0 p/s,15.0 kp/s,0 p/s,0 p/s,0 p/s,0 p/s,0 p/s,0 p/s,0 p/s,0 p/s
2026-08-20 17:15:40,0 p/s,0 p/s,0 p/s,0 p/s,56 p/s,0 p/s,0 p/s,13.9 kp/s,6.55 kp/s,7.43 kp/s,0 p/s,0 p/s,11.2 kp/s,2.67 kp/s,84 p/s,0 p/s,0 p/s,0 p/s,0 p/s,0 p/s,15.0 kp/s,0 p/s,0 p/s,15.0 kp/s,0 p/s,0 p/s,0 p/s,0 p/s,0 p/s,0 p/s,0 p/s,0 p/s
2026-08-20 17:16:00,0 p/s,0 p/s,0 p/s,0 p/s,56 p/s,0 p/s,0 p/s,13.9 kp/s,6.55 kp/s,7.43 kp/s,0 p/s,0 p/s,11.2 kp/s,2.67 kp/s,84 p/s,0 p/s,0 p/s,0 p/s,0 p/s,0 p/s,15.0 kp/s,0 p/s,0 p/s,15.0 kp/s,0 p/s,0 p/s,0 p/s,0 p/s,0 p/s,0 p/s,0 p/s,0 p/s
2026-08-20 17:16:20,0 p/s,0 p/s,0 p/s,0 p/s,56 p/s,0 p/s,0 p/s,13.9 kp/s,6.55 kp/s,7.43 kp/s,0 p/s,0 p/s,11.2 kp/s,2.67 kp/s,84 p/s,0 p/s,0 p/s,0 p/s,0 p/s,0 p/s,15.0 kp/s,0 p/s,0 p/s,15.0 kp/s,0 p/s,0 p/s,0 p/s,0 p/s,0 p/s,0 p/s,0 p/s,0 p/s
2026-08-20 17:16:40,0 p/s,0 p/s,0 p/s,0 p/s,56 p/s,0 p/s,0 p/s,13.9 kp/s,6.55 kp/s,7.43 kp/s,0 p/s,0 p/s,11.2 kp/s,2.67 kp/s,84 p/s,0 p/s,0 p/s,0 p/s,0 p/s,0 p/s,15.0 kp/s,0 p/s,0 p/s,15.0 kp/s,0 p/s,0 p/s,0 p/s,0 p/s,0 p/s,0 p/s,0 p/s,0 p/s
2026-08-20 17:17:00,0 p/s,0 p/s,0 p/s,0 p/s,56 p/s,0 p/s,0 p/s,13.9 kp/s,6.55 kp/s,7.43 kp/s,0 p/s,0 p/s,11.2 kp/s,2.67 kp/s,84 p/s,0 p/s,0 p/s,0 p/s,0 p/s,0 p/s,6.06 kp/s,0 p/s,0 p/s,6.06 kp/s,0 p/s,0 p/s,0 p/s,0 p/s,0 p/s,0 p/s,0 p/s,0 p/s
2026-08-20 17:17:20,0 p/s,0 p/s,0 p/s,0 p/s,56 p/s,0 p/s,0 p/s,13.9 kp/s,6.55 kp/s,7.43 kp/s,0 p/s,0 p/s,11.2 kp/s,2.67 kp/s,84 p/s,0 p/s,0 p/s,0 p/s,0 p/s,0 p/s,0 p/s,0 p/s,0 p/s,0 p/s,0 p/s,0 p/s,0 p/s,0 p/s,0 p/s,0 p/s,0 p/s,0 p/s
2026-08-20 17:17:40,0 p/s,0 p/s,0 p/s,0 p/s,56 p/s,0 p/s,0 p/s,13.9 kp/s,6.55 kp/s,7.44 kp/s,0 p/s,0 p/s,11.2 kp/s,2.67 kp/s,84 p/s,0 p/s,0 p/s,0 p/s,0 p/s,0 p/s,0 p/s,0 p/s,0 p/s,0 p/s,0 p/s,0 p/s,0 p/s,0 p/s,0 p/s,0 p/s,0 p/s,0 p/s
2026-08-20 17:18:00,0 p/s,0 p/s,0 p/s,0 p/s,56 p/s,0 p/s,0 p/s,13.9 kp/s,6.55 kp/s,7.43 kp/s,0 p/s,0 p/s,11.2 kp/s,2.67 kp/s,84 p/s,0 p/s,0 p/s,0 p/s,0 p/s,0 p/s,0 p/s,0 p/s,0 p/s,0 p/s,0 p/s,0 p/s,0 p/s,0 p/s,0 p/s,0 p/s,0 p/s,0 p/s
2026-08-20 17:18:20,0 p/s,0 p/s,0 p/s,0 p/s,56 p/s,0 p/s,0 p/s,14.0 kp/s,6.56 kp/s,7.44 kp/s,0 p/s,0 p/s,11.2 kp/s,2.67 kp/s,84 p/s,0 p/s,0 p/s,0 p/s,0 p/s,0 p/s,0 p/s,0 p/s,0 p/s,0 p/s,0 p/s,0 p/s,0 p/s,0 p/s,0 p/s,0 p/s,0 p/s,0 p/s
2026-08-20 17:18:40,0 p/s,0 p/s,0 p/s,0 p/s,56 p/s,0 p/s,0 p/s,13.9 kp/s,6.55 kp/s,7.43 kp/s,0 p/s,0 p/s,11.2 kp/s,2.67 kp/s,84 p/s,0 p/s,0 p/s,0 p/s,0 p/s,0 p/s,0 p/s,0 p/s,0 p/s,0 p/s,0 p/s,0 p/s,0 p/s,0 p/s,0 p/s,0 p/s,0 p/s,0 p/s
2026-08-20 17:19:00,0 p/s,0 p/s,0 p/s,0 p/s,56 p/s,0 p/s,0 p/s,14.0 kp/s,6.56 kp/s,7.43 kp/s,0 p/s,0 p/s,11.2 kp/s,2.67 kp/s,84 p/s,0 p/s,0 p/s,0 p/s,0 p/s,0 p/s,0 p/s,0 p/s,0 p/s,0 p/s,0 p/s,0 p/s,0 p/s,0 p/s,0 p/s,0 p/s,0 p/s,0 p/s
2026-08-20 17:19:20,0 p/s,0 p/s,0 p/s,0 p/s,56 p/s,0 p/s,0 p/s,13.9 kp/s,6.55 kp/s,7.43 kp/s,0 p/s,0 p/s,11.2 kp/s,2.67 kp/s,84 p/s,0 p/s,0 p/s,0 p/s,0 p/s,0 p/s,0 p/s,0 p/s,0 p/s,0 p/s,0 p/s,0 p/s,0 p/s,0 p/s,0 p/s,0 p/s,0 p/s,0 p/s
2026-08-20 17:19:40,0 p/s,0 p/s,0 p/s,0 p/s,56 p/s,0 p/s,0 p/s,14.0 kp/s,6.56 kp/s,7.44 kp/s,0 p/s,0 p/s,11.2 kp/s,2.67 kp/s,84 p/s,0 p/s,0 p/s,0 p/s,0 p/s,0 p/s,0 p/s,0 p/s,0 p/s,0 p/s,0 p/s,0 p/s,0 p/s,0 p/s,0 p/s,0 p/s,0 p/s,0 p/s
2026-08-20 17:20:00,0 p/s,0 p/s,0 p/s,0 p/s,56 p/s,0 p/s,0 p/s,13.9 kp/s,6.56 kp/s,7.43 kp/s,0 p/s,0 p/s,11.2 kp/s,2.67 kp/s,84 p/s,0 p/s,0 p/s,0 p/s,0 p/s,0 p/s,0 p/s,0 p/s,0 p/s,0 p/s,0 p/s,0 p/s,0 p/s,0 p/s,0 p/s,0 p/s,0 p/s,0 p/s
2026-08-20 17:20:20,0 p/s,0 p/s,0 p/s,0 p/s,56.1 p/s,0 p/s,0 p/s,14.0 kp/s,6.55 kp/s,7.44 kp/s,0 p/s,0 p/s,11.2 kp/s,2.67 kp/s,84 p/s,0 p/s,0 p/s,0 p/s,0 p/s,0 p/s,0 p/s,0 p/s,0 p/s,0 p/s,0 p/s,0 p/s,0 p/s,0 p/s,0 p/s,0 p/s,0 p/s,0 p/s
2026-08-20 17:20:40,0 p/s,0 p/s,0 p/s,0 p/s,56 p/s,0 p/s,0 p/s,13.9 kp/s,6.55 kp/s,7.44 kp/s,0 p/s,0 p/s,11.2 kp/s,2.67 kp/s,84 p/s,0 p/s,0 p/s,0 p/s,0 p/s,0 p/s,0 p/s,0 p/s,0 p/s,0 p/s,0 p/s,0 p/s,0 p/s,0 p/s,0 p/s,0 p/s,0 p/s,0 p/s
2026-08-20 17:21:00,0 p/s,0 p/s,0 p/s,0 p/s,56 p/s,0 p/s,0 p/s,13.9 kp/s,6.55 kp/s,7.44 kp/s,0 p/s,0 p/s,11.2 kp/s,2.67 kp/s,84.1 p/s,0 p/s,0 p/s,0 p/s,0 p/s,0 p/s,0 p/s,0 p/s,0 p/s,0 p/s,0 p/s,0 p/s,0 p/s,0 p/s,0 p/s,0 p/s,0 p/s,0 p/s
2026-08-20 17:21:20,0 p/s,0 p/s,0 p/s,0 p/s,56 p/s,0 p/s,0 p/s,13.9 kp/s,6.55 kp/s,7.43 kp/s,0 p/s,0 p/s,11.2 kp/s,2.67 kp/s,83.9 p/s,0 p/s,0 p/s,0 p/s,0 p/s,0 p/s,0 p/s,0 p/s,0 p/s,0 p/s,0 p/s,0 p/s,0 p/s,0 p/s,0 p/s,0 p/s,0 p/s,0 p/s
2026-08-20 17:21:40,0 p/s,0 p/s,0 p/s,0 p/s,56 p/s,0 p/s,0 p/s,13.9 kp/s,6.55 kp/s,7.43 kp/s,0 p/s,0 p/s,11.2 kp/s,2.67 kp/s,84 p/s,0 p/s,0 p/s,0 p/s,0 p/s,0 p/s,0 p/s,0 p/s,0 p/s,0 p/s,0 p/s,0 p/s,0 p/s,0 p/s,0 p/s,0 p/s,0 p/s,0 p/s
2026-08-20 17:22:00,0 p/s,0 p/s,0 p/s,0 p/s,56 p/s,0 p/s,0 p/s,13.9 kp/s,6.55 kp/s,7.43 kp/s,0 p/s,0 p/s,11.2 kp/s,2.67 kp/s,84 p/s,0 p/s,0 p/s,0 p/s,0 p/s,0 p/s,0 p/s,0 p/s,0 p/s,0 p/s,0 p/s,0 p/s,0 p/s,0 p/s,0 p/s,0 p/s,0 p/s,0 p/s
2026-08-20 17:22:20,0 p/s,0 p/s,0 p/s,0 p/s,56 p/s,0 p/s,0 p/s,14.0 kp/s,6.55 kp/s,7.44 kp/s,0 p/s,0 p/s,11.2 kp/s,2.68 kp/s,84.3 p/s,0 p/s,0 p/s,0 p/s,0 p/s,0 p/s,0 p/s,0 p/s,0 p/s,0 p/s,0 p/s,0 p/s,0 p/s,0 p/s,0 p/s,0 p/s,0 p/s,0 p/s
2026-08-20 17:22:40,0 p/s,0 p/s,0 p/s,0 p/s,56 p/s,0 p/s,0 p/s,13.9 kp/s,6.55 kp/s,7.43 kp/s,0 p/s,0 p/s,11.2 kp/s,2.67 kp/s,83.7 p/s,0 p/s,0 p/s,0 p/s,0 p/s,0 p/s,0 p/s,0 p/s,0 p/s,0 p/s,0 p/s,0 p/s,0 p/s,0 p/s,0 p/s,0 p/s,0 p/s,0 p/s
2026-08-20 17:23:00,0 p/s,0 p/s,0 p/s,0 p/s,56 p/s,0 p/s,0 p/s,13.9 kp/s,6.55 kp/s,7.43 kp/s,0 p/s,0 p/s,11.2 kp/s,2.67 kp/s,84 p/s,0 p/s,0 p/s,0 p/s,0 p/s,0 p/s,0 p/s,0 p/s,0 p/s,0 p/s,0 p/s,0 p/s,0 p/s,0 p/s,0 p/s,0 p/s,0 p/s,0 p/s
2026-08-20 17:23:20,0 p/s,0 p/s,0 p/s,0 p/s,56 p/s,0 p/s,0 p/s,13.9 kp/s,6.55 kp/s,7.43 kp/s,0 p/s,0 p/s,11.2 kp/s,2.67 kp/s,84.1 p/s,0 p/s,0 p/s,0 p/s,0 p/s,0 p/s,0 p/s,0 p/s,0 p/s,0 p/s,0 p/s,0 p/s,0 p/s,0 p/s,0 p/s,0 p/s,0 p/s,0 p/s
2026-08-20 17:23:40,0 p/s,0 p/s,0 p/s,0 p/s,54.9 p/s,0 p/s,0 p/s,13.7 kp/s,6.43 kp/s,7.29 kp/s,0 p/s,0 p/s,11.0 kp/s,2.63 kp/s,82.8 p/s,0 p/s,0 p/s,0 p/s,0 p/s,0 p/s,184 p/s,0 p/s,0 p/s,1.76 kp/s,1.34 kp/s,283 p/s,0 p/s,0 p/s,264 p/s,1.05 kp/s,19.4 p/s,0 p/s
2026-08-20 17:24:00,0 p/s,0 p/s,0 p/s,0 p/s,40.5 p/s,0 p/s,0 p/s,10.3 kp/s,4.88 kp/s,5.44 kp/s,0 p/s,0 p/s,8.26 kp/s,1.98 kp/s,66.5 p/s,0 p/s,0 p/s,0 p/s,0 p/s,0 p/s,144 p/s,0 p/s,0 p/s,4.25 kp/s,3.60 kp/s,522 p/s,0 p/s,0 p/s,358 p/s,3.28 kp/s,195 p/s,0 p/s
2026-08-20 17:24:20,0 p/s,0 p/s,0 p/s,0 p/s,29.1 p/s,0 p/s,0 p/s,7.72 kp/s,3.69 kp/s,4.08 kp/s,0 p/s,0 p/s,6.22 kp/s,1.49 kp/s,49.3 p/s,0 p/s,0 p/s,0 p/s,0 p/s,0 p/s,118 p/s,0 p/s,0 p/s,7.95 kp/s,7.02 kp/s,815 p/s,0 p/s,0 p/s,501 p/s,6.80 kp/s,395 p/s,0 p/s
2026-08-20 17:24:40,0 p/s,0 p/s,0 p/s,0 p/s,27.5 p/s,0 p/s,0 p/s,7.45 kp/s,3.54 kp/s,3.94 kp/s,0 p/s,0 p/s,6.00 kp/s,1.42 kp/s,47 p/s,0 p/s,0 p/s,0 p/s,0 p/s,0 p/s,110 p/s,0 p/s,0 p/s,9.91 kp/s,8.94 kp/s,984 p/s,0 p/s,0 p/s,556 p/s,8.54 kp/s,504 p/s,0 p/s
2026-08-20 17:25:00,0 p/s,0 p/s,0 p/s,0 p/s,26.7 p/s,0 p/s,0 p/s,7.13 kp/s,3.38 kp/s,3.73 kp/s,0 p/s,0 p/s,5.74 kp/s,1.37 kp/s,44.3 p/s,0 p/s,0 p/s,0 p/s,0 p/s,0 p/s,105 p/s,0 p/s,0 p/s,11.7 kp/s,10.5 kp/s,1.17 kp/s,0 p/s,0 p/s,664 p/s,10.2 kp/s,611 p/s,0 p/s
2026-08-20 17:25:20,0 p/s,0 p/s,0 p/s,0 p/s,24.7 p/s,0 p/s,0 p/s,6.62 kp/s,3.16 kp/s,3.48 kp/s,0 p/s,0 p/s,5.32 kp/s,1.27 kp/s,41 p/s,0 p/s,0 p/s,0 p/s,0 p/s,0 p/s,95.6 p/s,0 p/s,0 p/s,14.2 kp/s,12.7 kp/s,1.59 kp/s,0 p/s,0 p/s,1.06 kp/s,12.4 kp/s,801 p/s,0 p/s
2026-08-20 17:25:40,0 p/s,0 p/s,0 p/s,0 p/s,25 p/s,0 p/s,0 p/s,6.47 kp/s,3.08 kp/s,3.41 kp/s,0 p/s,0 p/s,5.20 kp/s,1.24 kp/s,40 p/s,0 p/s,0 p/s,0 p/s,0 p/s,0 p/s,92.7 p/s,0 p/s,0 p/s,13.8 kp/s,12.4 kp/s,1.55 kp/s,0 p/s,0 p/s,1.05 kp/s,12.1 kp/s,778 p/s,0 p/s
2026-08-20 17:26:00,0 p/s,0 p/s,0 p/s,0 p/s,25.1 p/s,0 p/s,0 p/s,6.53 kp/s,3.10 kp/s,3.44 kp/s,0 p/s,0 p/s,5.25 kp/s,1.25 kp/s,40.8 p/s,0 p/s,0 p/s,0 p/s,0 p/s,0 p/s,93.7 p/s,0 p/s,0 p/s,13.9 kp/s,12.4 kp/s,1.56 kp/s,0 p/s,0 p/s,1.06 kp/s,12.2 kp/s,781 p/s,0 p/s
2026-08-20 17:26:20,0 p/s,0 p/s,0 p/s,0 p/s,25.1 p/s,0 p/s,0 p/s,6.60 kp/s,3.15 kp/s,3.49 kp/s,0 p/s,0 p/s,5.32 kp/s,1.26 kp/s,40.5 p/s,0 p/s,0 p/s,0 p/s,0 p/s,0 p/s,94.1 p/s,0 p/s,0 p/s,13.9 kp/s,12.4 kp/s,1.56 kp/s,0 p/s,0 p/s,1.05 kp/s,12.2 kp/s,779 p/s,0 p/s
2026-08-20 17:26:40,0 p/s,0 p/s,0 p/s,0 p/s,25.6 p/s,0 p/s,0 p/s,6.55 kp/s,3.12 kp/s,3.45 kp/s,0 p/s,0 p/s,5.27 kp/s,1.26 kp/s,40.1 p/s,0 p/s,0 p/s,0 p/s,0 p/s,0 p/s,92.5 p/s,0 p/s,0 p/s,13.8 kp/s,12.3 kp/s,1.55 kp/s,0 p/s,0 p/s,1.04 kp/s,12.1 kp/s,776 p/s,0 p/s
2026-08-20 17:27:00,0 p/s,0 p/s,0 p/s,0 p/s,24.4 p/s,0 p/s,0 p/s,6.53 kp/s,3.11 kp/s,3.44 kp/s,0 p/s,0 p/s,5.25 kp/s,1.25 kp/s,40.3 p/s,0 p/s,0 p/s,0 p/s,0 p/s,0 p/s,93.3 p/s,0 p/s,0 p/s,13.7 kp/s,12.3 kp/s,1.54 kp/s,0 p/s,0 p/s,1.05 kp/s,12.0 kp/s,773 p/s,0 p/s
2026-08-20 17:27:20,0 p/s,0 p/s,0 p/s,0 p/s,25.1 p/s,0 p/s,0 p/s,6.56 kp/s,3.13 kp/s,3.44 kp/s,0 p/s,0 p/s,5.27 kp/s,1.26 kp/s,40.4 p/s,0 p/s,0 p/s,0 p/s,0 p/s,0 p/s,96.2 p/s,0 p/s,0 p/s,14.0 kp/s,12.6 kp/s,1.58 kp/s,0 p/s,0 p/s,1.08 kp/s,12.3 kp/s,794 p/s,0 p/s
2026-08-20 17:27:40,0 p/s,0 p/s,0 p/s,0 p/s,25.8 p/s,0 p/s,0 p/s,6.56 kp/s,3.13 kp/s,3.46 kp/s,0 p/s,0 p/s,5.28 kp/s,1.25 kp/s,40.9 p/s,0 p/s,0 p/s,0 p/s,0 p/s,0 p/s,94.1 p/s,0 p/s,0 p/s,14.0 kp/s,12.6 kp/s,1.58 kp/s,0 p/s,0 p/s,1.07 kp/s,12.3 kp/s,787 p/s,0 p/s
2026-08-20 17:28:00,0 p/s,0 p/s,0 p/s,0 p/s,24.7 p/s,0 p/s,0 p/s,6.49 kp/s,3.08 kp/s,3.40 kp/s,0 p/s,0 p/s,5.20 kp/s,1.24 kp/s,39.9 p/s,0 p/s,0 p/s,0 p/s,0 p/s,0 p/s,94.1 p/s,0 p/s,0 p/s,14.0 kp/s,12.5 kp/s,1.57 kp/s,0 p/s,0 p/s,1.06 kp/s,12.2 kp/s,788 p/s,0 p/s
2026-08-20 17:28:20,0 p/s,0 p/s,0 p/s,0 p/s,24.9 p/s,0 p/s,0 p/s,6.45 kp/s,3.06 kp/s,3.41 kp/s,0 p/s,0 p/s,5.19 kp/s,1.23 kp/s,39.9 p/s,0 p/s,0 p/s,0 p/s,0 p/s,0 p/s,92.4 p/s,0 p/s,0 p/s,13.9 kp/s,12.4 kp/s,1.57 kp/s,0 p/s,0 p/s,1.06 kp/s,12.1 kp/s,778 p/s,0 p/s
2026-08-20 17:28:40,0 p/s,0 p/s,0 p/s,0 p/s,24.7 p/s,0 p/s,0 p/s,6.47 kp/s,3.08 kp/s,3.42 kp/s,0 p/s,0 p/s,5.21 kp/s,1.24 kp/s,39.9 p/s,0 p/s,0 p/s,0 p/s,0 p/s,0 p/s,91.5 p/s,0 p/s,0 p/s,14.0 kp/s,12.6 kp/s,1.57 kp/s,0 p/s,0 p/s,1.07 kp/s,12.3 kp/s,787 p/s,0 p/s
2026-08-20 17:29:00,0 p/s,0 p/s,0 p/s,0 p/s,24.9 p/s,0 p/s,0 p/s,6.42 kp/s,3.05 kp/s,3.39 kp/s,0 p/s,0 p/s,5.17 kp/s,1.23 kp/s,39.4 p/s,0 p/s,0 p/s,0 p/s,0 p/s,0 p/s,93.3 p/s,0 p/s,0 p/s,13.8 kp/s,12.4 kp/s,1.55 kp/s,0 p/s,0 p/s,1.05 kp/s,12.1 kp/s,783 p/s,0 p/s
2026-08-20 17:29:20,0 p/s,0 p/s,0 p/s,0 p/s,24.7 p/s,0 p/s,0 p/s,6.40 kp/s,3.04 kp/s,3.36 kp/s,0 p/s,0 p/s,5.15 kp/s,1.22 kp/s,39.8 p/s,0 p/s,0 p/s,0 p/s,0 p/s,0 p/s,93.5 p/s,0 p/s,0 p/s,14.0 kp/s,12.6 kp/s,1.58 kp/s,0 p/s,0 p/s,1.07 kp/s,12.3 kp/s,791 p/s,0 p/s
2026-08-20 17:29:40,0 p/s,0 p/s,0 p/s,0 p/s,25.1 p/s,0 p/s,0 p/s,6.46 kp/s,3.09 kp/s,3.40 kp/s,0 p/s,0 p/s,5.19 kp/s,1.24 kp/s,39.8 p/s,0 p/s,0 p/s,0 p/s,0 p/s,0 p/s,93.1 p/s,0 p/s,0 p/s,13.9 kp/s,12.5 kp/s,1.57 kp/s,0 p/s,0 p/s,1.06 kp/s,12.2 kp/s,786 p/s,0 p/s
2026-08-20 17:30:00,0 p/s,0 p/s,0 p/s,0 p/s,24.9 p/s,0 p/s,0 p/s,6.49 kp/s,3.09 kp/s,3.41 kp/s,0 p/s,0 p/s,5.22 kp/s,1.24 kp/s,40.2 p/s,0 p/s,0 p/s,0 p/s,0 p/s,0 p/s,95.5 p/s,0 p/s,0 p/s,13.9 kp/s,12.5 kp/s,1.57 kp/s,0 p/s,0 p/s,1.06 kp/s,12.2 kp/s,786 p/s,0 p/s
2026-08-20 17:30:20,0 p/s,0 p/s,0 p/s,0 p/s,24.6 p/s,0 p/s,0 p/s,6.46 kp/s,3.06 kp/s,3.42 kp/s,0 p/s,0 p/s,5.19 kp/s,1.23 kp/s,39.6 p/s,0 p/s,0 p/s,0 p/s,0 p/s,0 p/s,93.9 p/s,0 p/s,0 p/s,14.0 kp/s,12.6 kp/s,1.57 kp/s,0 p/s,0 p/s,1.07 kp/s,12.3 kp/s,788 p/s,0 p/s
2026-08-20 17:30:40,0 p/s,0 p/s,0 p/s,0 p/s,25 p/s,0 p/s,0 p/s,6.47 kp/s,3.07 kp/s,3.40 kp/s,0 p/s,0 p/s,5.20 kp/s,1.24 kp/s,39.7 p/s,0 p/s,0 p/s,0 p/s,0 p/s,0 p/s,92.8 p/s,0 p/s,0 p/s,13.7 kp/s,12.3 kp/s,1.54 kp/s,0 p/s,0 p/s,1.04 kp/s,12.0 kp/s,776 p/s,0 p/s
2026-08-20 17:31:00,0 p/s,0 p/s,0 p/s,0 p/s,24.7 p/s,0 p/s,0 p/s,6.41 kp/s,3.05 kp/s,3.37 kp/s,0 p/s,0 p/s,5.15 kp/s,1.22 kp/s,39.8 p/s,0 p/s,0 p/s,0 p/s,0 p/s,0 p/s,91.3 p/s,0 p/s,0 p/s,13.9 kp/s,12.5 kp/s,1.57 kp/s,0 p/s,0 p/s,1.06 kp/s,12.2 kp/s,783 p/s,0 p/s
2026-08-20 17:31:20,0 p/s,0 p/s,0 p/s,0 p/s,25.9 p/s,0 p/s,0 p/s,6.64 kp/s,3.16 kp/s,3.50 kp/s,0 p/s,0 p/s,5.35 kp/s,1.27 kp/s,40.7 p/s,0 p/s,0 p/s,0 p/s,0 p/s,0 p/s,95.9 p/s,0 p/s,0 p/s,13.9 kp/s,12.5 kp/s,1.56 kp/s,0 p/s,0 p/s,1.06 kp/s,12.2 kp/s,779 p/s,0 p/s
2026-08-20 17:31:40,0 p/s,0 p/s,0 p/s,0 p/s,24.7 p/s,0 p/s,0 p/s,6.56 kp/s,3.13 kp/s,3.46 kp/s,0 p/s,0 p/s,5.28 kp/s,1.25 kp/s,40.3 p/s,0 p/s,0 p/s,0 p/s,0 p/s,0 p/s,95.2 p/s,0 p/s,0 p/s,14.1 kp/s,12.7 kp/s,1.59 kp/s,0 p/s,0 p/s,1.07 kp/s,12.4 kp/s,798 p/s,0 p/s
2026-08-20 17:32:00,0 p/s,0 p/s,0 p/s,0 p/s,25.7 p/s,0 p/s,0 p/s,6.55 kp/s,3.11 kp/s,3.46 kp/s,0 p/s,0 p/s,5.27 kp/s,1.25 kp/s,40.3 p/s,0 p/s,0 p/s,0 p/s,0 p/s,0 p/s,93.9 p/s,0 p/s,0 p/s,14.0 kp/s,12.5 kp/s,1.57 kp/s,0 p/s,0 p/s,1.06 kp/s,12.2 kp/s,789 p/s,0 p/s
2026-08-20 17:32:20,0 p/s,0 p/s,0 p/s,0 p/s,25 p/s,0 p/s,0 p/s,6.52 kp/s,3.10 kp/s,3.43 kp/s,0 p/s,0 p/s,5.24 kp/s,1.25 kp/s,40.7 p/s,0 p/s,0 p/s,0 p/s,0 p/s,0 p/s,92.3 p/s,0 p/s,0 p/s,14.0 kp/s,12.6 kp/s,1.58 kp/s,0 p/s,0 p/s,1.07 kp/s,12.3 kp/s,791 p/s,0 p/s
2026-08-20 17:32:40,0 p/s,0 p/s,0 p/s,0 p/s,25.3 p/s,0 p/s,0 p/s,6.52 kp/s,3.10 kp/s,3.43 kp/s,0 p/s,0 p/s,5.24 kp/s,1.25 kp/s,39.5 p/s,0 p/s,0 p/s,0 p/s,0 p/s,0 p/s,89.7 p/s,0 p/s,0 p/s,13.6 kp/s,12.2 kp/s,1.53 kp/s,0 p/s,0 p/s,1.03 kp/s,11.9 kp/s,767 p/s,0 p/s
2026-08-20 17:33:00,0 p/s,0 p/s,0 p/s,0 p/s,25 p/s,0 p/s,0 p/s,6.53 kp/s,3.11 kp/s,3.44 kp/s,0 p/s,0 p/s,5.27 kp/s,1.25 kp/s,40.6 p/s,0 p/s,0 p/s,0 p/s,0 p/s,0 p/s,94.3 p/s,0 p/s,0 p/s,13.9 kp/s,12.5 kp/s,1.56 kp/s,0 p/s,0 p/s,1.06 kp/s,12.2 kp/s,782 p/s,0 p/s
2026-08-20 17:33:20,0 p/s,0 p/s,0 p/s,0 p/s,24.9 p/s,0 p/s,0 p/s,6.55 kp/s,3.12 kp/s,3.45 kp/s,0 p/s,0 p/s,5.26 kp/s,1.25 kp/s,40.5 p/s,0 p/s,0 p/s,0 p/s,0 p/s,0 p/s,91.6 p/s,0 p/s,0 p/s,14.0 kp/s,12.6 kp/s,1.57 kp/s,0 p/s,0 p/s,1.06 kp/s,12.3 kp/s,791 p/s,0 p/s
2026-08-20 17:33:40,0 p/s,0 p/s,0 p/s,0 p/s,25.5 p/s,0 p/s,0 p/s,6.59 kp/s,3.13 kp/s,3.47 kp/s,0 p/s,0 p/s,5.30 kp/s,1.26 kp/s,40.9 p/s,0 p/s,0 p/s,0 p/s,0 p/s,0 p/s,112 p/s,0 p/s,0 p/s,14.2 kp/s,12.7 kp/s,1.59 kp/s,0 p/s,0 p/s,1.08 kp/s,12.4 kp/s,797 p/s,0 p/s
2026-08-20 17:34:00,0 p/s,0 p/s,0 p/s,0 p/s,25.6 p/s,0 p/s,0 p/s,6.57 kp/s,3.10 kp/s,3.48 kp/s,0 p/s,0 p/s,5.28 kp/s,1.25 kp/s,40.3 p/s,0 p/s,0 p/s,0 p/s,0 p/s,0 p/s,204 p/s,0 p/s,0 p/s,15.1 kp/s,13.5 kp/s,1.67 kp/s,0 p/s,0 p/s,1.90 kp/s,12.3 kp/s,792 p/s,0 p/s
2026-08-20 17:34:20,0 p/s,0 p/s,0 p/s,0 p/s,25.3 p/s,0 p/s,0 p/s,6.58 kp/s,3.13 kp/s,3.47 kp/s,0 p/s,0 p/s,5.29 kp/s,1.26 kp/s,40.5 p/s,0 p/s,0 p/s,0 p/s,0 p/s,0 p/s,192 p/s,0 p/s,0 p/s,17.7 kp/s,15.8 kp/s,1.89 kp/s,0 p/s,0 p/s,5.21 kp/s,11.6 kp/s,742 p/s,0 p/s
2026-08-20 17:34:40,0 p/s,0 p/s,0 p/s,0 p/s,25 p/s,0 p/s,0 p/s,6.48 kp/s,3.07 kp/s,3.42 kp/s,0 p/s,0 p/s,5.22 kp/s,1.24 kp/s,40.4 p/s,0 p/s,0 p/s,0 p/s,0 p/s,0 p/s,180 p/s,0 p/s,0 p/s,18.4 kp/s,16.5 kp/s,1.89 kp/s,0 p/s,0 p/s,6.60 kp/s,11.0 kp/s,693 p/s,0 p/s
2026-08-20 17:35:00,0 p/s,0 p/s,0 p/s,0 p/s,24.9 p/s,0 p/s,0 p/s,6.54 kp/s,3.10 kp/s,3.45 kp/s,0 p/s,0 p/s,5.26 kp/s,1.25 kp/s,40.3 p/s,0 p/s,0 p/s,0 p/s,0 p/s,0 p/s,163 p/s,0 p/s,0 p/s,18.4 kp/s,16.6 kp/s,1.80 kp/s,0 p/s,0 p/s,7.58 kp/s,10.1 kp/s,635 p/s,0 p/s
2026-08-20 17:35:20,0 p/s,0 p/s,0 p/s,0 p/s,25.3 p/s,0 p/s,0 p/s,6.55 kp/s,3.10 kp/s,3.47 kp/s,0 p/s,0 p/s,5.26 kp/s,1.26 kp/s,40.3 p/s,0 p/s,0 p/s,0 p/s,0 p/s,0 p/s,143 p/s,0 p/s,0 p/s,18.6 kp/s,16.8 kp/s,1.84 kp/s,0 p/s,0 p/s,9.09 kp/s,9.00 kp/s,549 p/s,0 p/s
2026-08-20 17:35:40,0 p/s,0 p/s,0 p/s,0 p/s,25.1 p/s,0 p/s,0 p/s,6.64 kp/s,3.15 kp/s,3.49 kp/s,0 p/s,0 p/s,5.34 kp/s,1.27 kp/s,40.8 p/s,0 p/s,0 p/s,0 p/s,0 p/s,0 p/s,143 p/s,0 p/s,0 p/s,19.0 kp/s,17.3 kp/s,1.94 kp/s,0 p/s,0 p/s,9.50 kp/s,9.13 kp/s,556 p/s,0 p/s
2026-08-20 17:36:00,0 p/s,0 p/s,0 p/s,0 p/s,24.9 p/s,0 p/s,0 p/s,6.41 kp/s,3.02 kp/s,3.40 kp/s,0 p/s,0 p/s,5.15 kp/s,1.23 kp/s,39.3 p/s,0 p/s,0 p/s,0 p/s,0 p/s,0 p/s,138 p/s,0 p/s,0 p/s,18.5 kp/s,16.8 kp/s,1.89 kp/s,0 p/s,0 p/s,9.24 kp/s,8.87 kp/s,542 p/s,0 p/s
2026-08-20 17:36:20,0 p/s,0 p/s,0 p/s,0 p/s,24.5 p/s,0 p/s,0 p/s,6.49 kp/s,3.07 kp/s,3.44 kp/s,0 p/s,0 p/s,5.23 kp/s,1.24 kp/s,39.8 p/s,0 p/s,0 p/s,0 p/s,0 p/s,0 p/s,143 p/s,0 p/s,0 p/s,19.0 kp/s,17.3 kp/s,1.94 kp/s,0 p/s,0 p/s,9.51 kp/s,9.13 kp/s,557 p/s,0 p/s
2026-08-20 17:36:40,0 p/s,0 p/s,0 p/s,0 p/s,25.1 p/s,0 p/s,0 p/s,6.53 kp/s,3.09 kp/s,3.45 kp/s,0 p/s,0 p/s,5.26 kp/s,1.25 kp/s,40.3 p/s,0 p/s,0 p/s,0 p/s,0 p/s,0 p/s,141 p/s,0 p/s,0 p/s,18.9 kp/s,17.1 kp/s,1.91 kp/s,0 p/s,0 p/s,9.41 kp/s,9.06 kp/s,549 p/s,0 p/s
2026-08-20 17:37:00,0 p/s,0 p/s,0 p/s,0 p/s,25.3 p/s,0 p/s,0 p/s,6.55 kp/s,3.12 kp/s,3.45 kp/s,0 p/s,0 p/s,5.27 kp/s,1.25 kp/s,40.4 p/s,0 p/s,0 p/s,0 p/s,0 p/s,0 p/s,143 p/s,0 p/s,0 p/s,19.3 kp/s,17.5 kp/s,1.96 kp/s,0 p/s,0 p/s,9.64 kp/s,9.26 kp/s,564 p/s,0 p/s
2026-08-20 17:37:20,0 p/s,0 p/s,0 p/s,0 p/s,26.1 p/s,0 p/s,0 p/s,6.69 kp/s,3.16 kp/s,3.53 kp/s,0 p/s,0 p/s,5.37 kp/s,1.28 kp/s,40.7 p/s,0 p/s,0 p/s,0 p/s,0 p/s,0 p/s,141 p/s,0 p/s,0 p/s,18.7 kp/s,17.0 kp/s,1.91 kp/s,0 p/s,0 p/s,9.35 kp/s,8.98 kp/s,546 p/s,0 p/s
2026-08-20 17:37:40,0 p/s,0 p/s,0 p/s,0 p/s,24.7 p/s,0 p/s,0 p/s,6.52 kp/s,3.09 kp/s,3.45 kp/s,0 p/s,0 p/s,5.25 kp/s,1.24 kp/s,40.1 p/s,0 p/s,0 p/s,0 p/s,0 p/s,0 p/s,142 p/s,0 p/s,0 p/s,18.7 kp/s,17.0 kp/s,1.91 kp/s,0 p/s,0 p/s,9.36 kp/s,8.98 kp/s,545 p/s,0 p/s
2026-08-20 17:38:00,0 p/s,0 p/s,0 p/s,0 p/s,24.7 p/s,0 p/s,0 p/s,6.51 kp/s,3.07 kp/s,3.44 kp/s,0 p/s,0 p/s,5.23 kp/s,1.25 kp/s,40.1 p/s,0 p/s,0 p/s,0 p/s,0 p/s,0 p/s,142 p/s,0 p/s,0 p/s,18.9 kp/s,17.1 kp/s,1.92 kp/s,0 p/s,0 p/s,9.42 kp/s,9.06 kp/s,552 p/s,0 p/s
2026-08-20 17:38:20,0 p/s,0 p/s,0 p/s,0 p/s,24.4 p/s,0 p/s,0 p/s,6.45 kp/s,3.06 kp/s,3.42 kp/s,0 p/s,0 p/s,5.18 kp/s,1.24 kp/s,39.6 p/s,0 p/s,0 p/s,0 p/s,0 p/s,0 p/s,139 p/s,0 p/s,0 p/s,18.5 kp/s,16.8 kp/s,1.88 kp/s,0 p/s,0 p/s,9.23 kp/s,8.89 kp/s,543 p/s,0 p/s
2026-08-20 17:38:40,0 p/s,0 p/s,0 p/s,0 p/s,25.3 p/s,0 p/s,0 p/s,6.61 kp/s,3.15 kp/s,3.48 kp/s,0 p/s,0 p/s,5.33 kp/s,1.27 kp/s,40 p/s,0 p/s,0 p/s,0 p/s,0 p/s,0 p/s,142 p/s,0 p/s,0 p/s,18.8 kp/s,17.1 kp/s,1.91 kp/s,0 p/s,0 p/s,9.40 kp/s,9.03 kp/s,551 p/s,0 p/s
2026-08-20 17:39:00,0 p/s,0 p/s,0 p/s,0 p/s,24.8 p/s,0 p/s,0 p/s,6.46 kp/s,3.05 kp/s,3.42 kp/s,0 p/s,0 p/s,5.19 kp/s,1.24 kp/s,39.9 p/s,0 p/s,0 p/s,0 p/s,0 p/s,0 p/s,138 p/s,0 p/s,0 p/s,18.1 kp/s,16.4 kp/s,1.84 kp/s,0 p/s,0 p/s,9.04 kp/s,8.69 kp/s,529 p/s,0 p/s
2026-08-20 17:39:20,0 p/s,0 p/s,0 p/s,0 p/s,24.7 p/s,0 p/s,0 p/s,6.49 kp/s,3.08 kp/s,3.42 kp/s,0 p/s,0 p/s,5.22 kp/s,1.24 kp/s,40.6 p/s,0 p/s,0 p/s,0 p/s,0 p/s,0 p/s,144 p/s,0 p/s,0 p/s,19.0 kp/s,17.2 kp/s,1.93 kp/s,0 p/s,0 p/s,9.49 kp/s,9.11 kp/s,555 p/s,0 p/s
2026-08-20 17:39:40,0 p/s,0 p/s,0 p/s,0 p/s,24.3 p/s,0 p/s,0 p/s,6.49 kp/s,3.08 kp/s,3.43 kp/s,0 p/s,0 p/s,5.22 kp/s,1.24 kp/s,39.9 p/s,0 p/s,0 p/s,0 p/s,0 p/s,0 p/s,139 p/s,0 p/s,0 p/s,18.6 kp/s,16.8 kp/s,1.89 kp/s,0 p/s,0 p/s,9.27 kp/s,8.92 kp/s,543 p/s,0 p/s
2026-08-20 17:40:00,0 p/s,0 p/s,0 p/s,0 p/s,25.1 p/s,0 p/s,0 p/s,6.55 kp/s,3.10 kp/s,3.46 kp/s,0 p/s,0 p/s,5.27 kp/s,1.25 kp/s,40 p/s,0 p/s,0 p/s,0 p/s,0 p/s,0 p/s,139 p/s,0 p/s,0 p/s,18.5 kp/s,16.8 kp/s,1.88 kp/s,0 p/s,0 p/s,9.26 kp/s,8.91 kp/s,542 p/s,0 p/s
2026-08-20 17:40:20,0 p/s,0 p/s,0 p/s,0 p/s,25.7 p/s,0 p/s,0 p/s,6.56 kp/s,3.11 kp/s,3.46 kp/s,0 p/s,0 p/s,5.27 kp/s,1.26 kp/s,40 p/s,0 p/s,0 p/s,0 p/s,0 p/s,0 p/s,145 p/s,0 p/s,0 p/s,19.3 kp/s,17.5 kp/s,1.97 kp/s,0 p/s,0 p/s,9.65 kp/s,9.29 kp/s,567 p/s,0 p/s
2026-08-20 17:40:40,0 p/s,0 p/s,0 p/s,0 p/s,24.2 p/s,0 p/s,0 p/s,6.56 kp/s,3.12 kp/s,3.47 kp/s,0 p/s,0 p/s,5.28 kp/s,1.26 kp/s,40.8 p/s,0 p/s,0 p/s,0 p/s,0 p/s,0 p/s,143 p/s,0 p/s,0 p/s,19.0 kp/s,17.2 kp/s,1.93 kp/s,0 p/s,0 p/s,9.50 kp/s,9.11 kp/s,554 p/s,0 p/s
2026-08-20 17:41:00,0 p/s,0 p/s,0 p/s,0 p/s,25.4 p/s,0 p/s,0 p/s,6.56 kp/s,3.10 kp/s,3.47 kp/s,0 p/s,0 p/s,5.27 kp/s,1.25 kp/s,40.1 p/s,0 p/s,0 p/s,0 p/s,0 p/s,0 p/s,143 p/s,0 p/s,0 p/s,19.0 kp/s,17.2 kp/s,1.94 kp/s,0 p/s,0 p/s,9.48 kp/s,9.12 kp/s,557 p/s,0 p/s
2026-08-20 17:41:20,0 p/s,0 p/s,0 p/s,0 p/s,25.1 p/s,0 p/s,0 p/s,6.61 kp/s,3.15 kp/s,3.49 kp/s,0 p/s,0 p/s,5.31 kp/s,1.26 kp/s,40.6 p/s,0 p/s,0 p/s,0 p/s,0 p/s,0 p/s,144 p/s,0 p/s,0 p/s,18.9 kp/s,17.1 kp/s,1.92 kp/s,0 p/s,0 p/s,9.42 kp/s,9.06 kp/s,553 p/s,0 p/s
2026-08-20 17:41:40,0 p/s,0 p/s,0 p/s,0 p/s,24.7 p/s,0 p/s,0 p/s,6.53 kp/s,3.11 kp/s,3.43 kp/s,0 p/s,0 p/s,5.25 kp/s,1.25 kp/s,40.1 p/s,0 p/s,0 p/s,0 p/s,0 p/s,0 p/s,138 p/s,0 p/s,0 p/s,18.1 kp/s,16.4 kp/s,1.85 kp/s,0 p/s,0 p/s,9.05 kp/s,8.69 kp/s,532 p/s,0 p/s
2026-08-20 17:42:00,0 p/s,0 p/s,0 p/s,0 p/s,25.7 p/s,0 p/s,0 p/s,6.69 kp/s,3.17 kp/s,3.52 kp/s,0 p/s,0 p/s,5.38 kp/s,1.28 kp/s,41.4 p/s,0 p/s,0 p/s,0 p/s,0 p/s,0 p/s,150 p/s,0 p/s,0 p/s,19.6 kp/s,17.8 kp/s,1.99 kp/s,0 p/s,0 p/s,9.79 kp/s,9.40 kp/s,572 p/s,0 p/s
2026-08-20 17:42:20,0 p/s,0 p/s,0 p/s,0 p/s,25.7 p/s,0 p/s,0 p/s,6.52 kp/s,3.10 kp/s,3.45 kp/s,0 p/s,0 p/s,5.24 kp/s,1.24 kp/s,40.4 p/s,0 p/s,0 p/s,0 p/s,0 p/s,0 p/s,139 p/s,0 p/s,0 p/s,18.5 kp/s,16.7 kp/s,1.88 kp/s,0 p/s,0 p/s,9.21 kp/s,8.87 kp/s,540 p/s,0 p/s
2026-08-20 17:42:40,0 p/s,0 p/s,0 p/s,0 p/s,25.5 p/s,0 p/s,0 p/s,6.64 kp/s,3.15 kp/s,3.50 kp/s,0 p/s,0 p/s,5.33 kp/s,1.27 kp/s,41.2 p/s,0 p/s,0 p/s,0 p/s,0 p/s,0 p/s,144 p/s,0 p/s,0 p/s,19.0 kp/s,17.3 kp/s,1.94 kp/s,0 p/s,0 p/s,9.51 kp/s,9.14 kp/s,557 p/s,0 p/s
2026-08-20 17:43:00,0 p/s,0 p/s,0 p/s,0 p/s,25.5 p/s,0 p/s,0 p/s,6.59 kp/s,3.12 kp/s,3.48 kp/s,0 p/s,0 p/s,5.30 kp/s,1.26 kp/s,39.7 p/s,0 p/s,0 p/s,0 p/s,0 p/s,0 p/s,146 p/s,0 p/s,0 p/s,19.5 kp/s,17.7 kp/s,1.99 kp/s,0 p/s,0 p/s,9.74 kp/s,9.37 kp/s,571 p/s,0 p/s
2026-08-20 17:43:20,0 p/s,0 p/s,0 p/s,0 p/s,25.4 p/s,0 p/s,0 p/s,6.65 kp/s,3.14 kp/s,3.51 kp/s,0 p/s,0 p/s,5.35 kp/s,1.27 kp/s,41.1 p/s,0 p/s,0 p/s,0 p/s,0 p/s,0 p/s,141 p/s,0 p/s,0 p/s,18.8 kp/s,17.0 kp/s,1.91 kp/s,0 p/s,0 p/s,9.38 kp/s,9.01 kp/s,546 p/s,0 p/s
2026-08-20 17:43:40,0 p/s,0 p/s,0 p/s,0 p/s,25.5 p/s,0 p/s,0 p/s,6.53 kp/s,3.11 kp/s,3.45 kp/s,0 p/s,0 p/s,5.25 kp/s,1.25 kp/s,40.2 p/s,0 p/s,0 p/s,0 p/s,0 p/s,0 p/s,139 p/s,0 p/s,0 p/s,18.6 kp/s,16.9 kp/s,1.89 kp/s,0 p/s,0 p/s,9.31 kp/s,8.94 kp/s,546 p/s,0 p/s
2026-08-20 17:44:00,0 p/s,0 p/s,0 p/s,0 p/s,25.2 p/s,0 p/s,0 p/s,6.55 kp/s,3.11 kp/s,3.46 kp/s,0 p/s,0 p/s,5.27 kp/s,1.25 kp/s,39.8 p/s,0 p/s,0 p/s,0 p/s,0 p/s,0 p/s,194 p/s,0 p/s,0 p/s,18.7 kp/s,16.9 kp/s,1.98 kp/s,0 p/s,0 p/s,9.30 kp/s,8.97 kp/s,564 p/s,0 p/s
2026-08-20 17:44:20,0 p/s,0 p/s,0 p/s,0 p/s,26.5 p/s,0 p/s,0 p/s,6.84 kp/s,3.22 kp/s,3.64 kp/s,0 p/s,0 p/s,5.50 kp/s,1.31 kp/s,41.5 p/s,0 p/s,0 p/s,0 p/s,0 p/s,0 p/s,448 p/s,0 p/s,0 p/s,18.5 kp/s,15.7 kp/s,3.13 kp/s,0 p/s,0 p/s,9.33 kp/s,8.74 kp/s,725 p/s,0 p/s
2026-08-20 17:44:40,0 p/s,0 p/s,0 p/s,0 p/s,27.3 p/s,0 p/s,0 p/s,7.04 kp/s,3.34 kp/s,3.71 kp/s,0 p/s,0 p/s,5.66 kp/s,1.35 kp/s,43.5 p/s,0 p/s,0 p/s,0 p/s,0 p/s,0 p/s,603 p/s,0 p/s,0 p/s,19.9 kp/s,16.9 kp/s,3.55 kp/s,0 p/s,0 p/s,9.73 kp/s,9.71 kp/s,915 p/s,0 p/s
2026-08-20 17:45:00,0 p/s,0 p/s,0 p/s,0 p/s,27.3 p/s,0 p/s,0 p/s,7.22 kp/s,3.42 kp/s,3.81 kp/s,0 p/s,0 p/s,5.81 kp/s,1.38 kp/s,45.4 p/s,0 p/s,0 p/s,0 p/s,0 p/s,0 p/s,664 p/s,0 p/s,0 p/s,19.9 kp/s,16.8 kp/s,3.69 kp/s,0 p/s,0 p/s,9.46 kp/s,10.0 kp/s,933 p/s,0 p/s
2026-08-20 17:45:20,0 p/s,0 p/s,0 p/s,0 p/s,29.5 p/s,0 p/s,0 p/s,7.60 kp/s,3.63 kp/s,4.00 kp/s,0 p/s,0 p/s,6.11 kp/s,1.46 kp/s,47.5 p/s,0 p/s,0 p/s,0 p/s,0 p/s,0 p/s,880 p/s,0 p/s,0 p/s,19.9 kp/s,16.5 kp/s,4.12 kp/s,0 p/s,0 p/s,9.05 kp/s,10.4 kp/s,1.14 kp/s,0 p/s
2026-08-20 17:45:40,0 p/s,0 p/s,0 p/s,0 p/s,29.4 p/s,0 p/s,0 p/s,7.69 kp/s,3.68 kp/s,4.03 kp/s,0 p/s,0 p/s,6.19 kp/s,1.47 kp/s,48.1 p/s,0 p/s,0 p/s,0 p/s,0 p/s,0 p/s,928 p/s,0 p/s,0 p/s,20.3 kp/s,16.9 kp/s,4.29 kp/s,0 p/s,0 p/s,9.19 kp/s,10.8 kp/s,1.19 kp/s,0 p/s
2026-08-20 17:46:00,0 p/s,0 p/s,0 p/s,0 p/s,29.1 p/s,0 p/s,0 p/s,7.66 kp/s,3.66 kp/s,4.01 kp/s,0 p/s,0 p/s,6.16 kp/s,1.46 kp/s,47.7 p/s,0 p/s,0 p/s,0 p/s,0 p/s,0 p/s,943 p/s,0 p/s,0 p/s,20.4 kp/s,17.0 kp/s,4.31 kp/s,0 p/s,0 p/s,9.24 kp/s,10.9 kp/s,1.20 kp/s,0 p/s
2026-08-20 17:46:20,0 p/s,0 p/s,0 p/s,0 p/s,30 p/s,0 p/s,0 p/s,7.71 kp/s,3.68 kp/s,4.04 kp/s,0 p/s,0 p/s,6.20 kp/s,1.47 kp/s,48.1 p/s,0 p/s,0 p/s,0 p/s,0 p/s,0 p/s,946 p/s,0 p/s,0 p/s,20.5 kp/s,17.1 kp/s,4.33 kp/s,0 p/s,0 p/s,9.29 kp/s,10.9 kp/s,1.21 kp/s,0 p/s
2026-08-20 17:46:40,0 p/s,0 p/s,0 p/s,0 p/s,29.9 p/s,0 p/s,0 p/s,7.67 kp/s,3.65 kp/s,4.03 kp/s,0 p/s,0 p/s,6.17 kp/s,1.47 kp/s,47.7 p/s,0 p/s,0 p/s,0 p/s,0 p/s,0 p/s,946 p/s,0 p/s,0 p/s,20.4 kp/s,17.0 kp/s,4.33 kp/s,0 p/s,0 p/s,9.26 kp/s,10.9 kp/s,1.21 kp/s,0 p/s
2026-08-20 17:47:00,0 p/s,0 p/s,0 p/s,0 p/s,29.8 p/s,0 p/s,0 p/s,7.66 kp/s,3.66 kp/s,4.02 kp/s,0 p/s,0 p/s,6.16 kp/s,1.47 kp/s,47.5 p/s,0 p/s,0 p/s,0 p/s,0 p/s,0 p/s,951 p/s,0 p/s,0 p/s,20.6 kp/s,17.2 kp/s,4.35 kp/s,0 p/s,0 p/s,9.33 kp/s,11.0 kp/s,1.22 kp/s,0 p/s
2026-08-20 17:47:20,0 p/s,0 p/s,0 p/s,0 p/s,29.6 p/s,0 p/s,0 p/s,7.64 kp/s,3.63 kp/s,4.03 kp/s,0 p/s,0 p/s,6.15 kp/s,1.46 kp/s,47.2 p/s,0 p/s,0 p/s,0 p/s,0 p/s,0 p/s,943 p/s,0 p/s,0 p/s,20.4 kp/s,17.0 kp/s,4.32 kp/s,0 p/s,0 p/s,9.25 kp/s,10.9 kp/s,1.21 kp/s,0 p/s
2026-08-20 17:47:40,0 p/s,0 p/s,0 p/s,0 p/s,29.6 p/s,0 p/s,0 p/s,7.63 kp/s,3.64 kp/s,3.99 kp/s,0 p/s,0 p/s,6.14 kp/s,1.46 kp/s,47.7 p/s,0 p/s,0 p/s,0 p/s,0 p/s,0 p/s,952 p/s,0 p/s,0 p/s,20.5 kp/s,17.1 kp/s,4.34 kp/s,0 p/s,0 p/s,9.32 kp/s,11.0 kp/s,1.21 kp/s,0 p/s
2026-08-20 17:48:00,0 p/s,0 p/s,0 p/s,0 p/s,29.6 p/s,0 p/s,0 p/s,7.59 kp/s,3.60 kp/s,4.00 kp/s,0 p/s,0 p/s,6.11 kp/s,1.45 kp/s,46.9 p/s,0 p/s,0 p/s,0 p/s,0 p/s,0 p/s,974 p/s,0 p/s,0 p/s,21.0 kp/s,17.5 kp/s,4.45 kp/s,0 p/s,0 p/s,9.52 kp/s,11.2 kp/s,1.24 kp/s,0 p/s
2026-08-20 17:48:20,0 p/s,0 p/s,0 p/s,0 p/s,29.9 p/s,0 p/s,0 p/s,7.62 kp/s,3.63 kp/s,4.02 kp/s,0 p/s,0 p/s,6.13 kp/s,1.46 kp/s,47.3 p/s,0 p/s,0 p/s,0 p/s,0 p/s,0 p/s,944 p/s,0 p/s,0 p/s,20.5 kp/s,17.1 kp/s,4.32 kp/s,0 p/s,0 p/s,9.27 kp/s,10.9 kp/s,1.21 kp/s,0 p/s
2026-08-20 17:48:40,0 p/s,0 p/s,0 p/s,0 p/s,29.5 p/s,0 p/s,0 p/s,7.65 kp/s,3.64 kp/s,4.03 kp/s,0 p/s,0 p/s,6.16 kp/s,1.46 kp/s,47.7 p/s,0 p/s,0 p/s,0 p/s,0 p/s,0 p/s,942 p/s,0 p/s,0 p/s,20.3 kp/s,16.9 kp/s,4.30 kp/s,0 p/s,0 p/s,9.21 kp/s,10.8 kp/s,1.20 kp/s,0 p/s
2026-08-20 17:49:00,0 p/s,0 p/s,0 p/s,0 p/s,29.9 p/s,0 p/s,0 p/s,7.68 kp/s,3.67 kp/s,4.02 kp/s,0 p/s,0 p/s,6.19 kp/s,1.47 kp/s,47.8 p/s,0 p/s,0 p/s,0 p/s,0 p/s,0 p/s,959 p/s,0 p/s,0 p/s,20.8 kp/s,17.4 kp/s,4.39 kp/s,0 p/s,0 p/s,9.44 kp/s,11.1 kp/s,1.23 kp/s,0 p/s
2026-08-20 17:49:20,0 p/s,0 p/s,0 p/s,0 p/s,29.4 p/s,0 p/s,0 p/s,7.60 kp/s,3.62 kp/s,4.00 kp/s,0 p/s,0 p/s,6.10 kp/s,1.45 kp/s,46.7 p/s,0 p/s,0 p/s,0 p/s,0 p/s,0 p/s,969 p/s,0 p/s,0 p/s,20.9 kp/s,17.5 kp/s,4.43 kp/s,0 p/s,0 p/s,9.50 kp/s,11.2 kp/s,1.24 kp/s,0 p/s
2026-08-20 17:49:40,0 p/s,0 p/s,0 p/s,0 p/s,29.4 p/s,0 p/s,0 p/s,7.68 kp/s,3.67 kp/s,4.03 kp/s,0 p/s,0 p/s,6.18 kp/s,1.47 kp/s,48.3 p/s,0 p/s,0 p/s,0 p/s,0 p/s,0 p/s,961 p/s,0 p/s,0 p/s,20.8 kp/s,17.3 kp/s,4.40 kp/s,0 p/s,0 p/s,9.42 kp/s,11.1 kp/s,1.23 kp/s,0 p/s
2026-08-20 17:50:00,0 p/s,0 p/s,0 p/s,0 p/s,31.2 p/s,0 p/s,0 p/s,7.96 kp/s,3.81 kp/s,4.17 kp/s,0 p/s,0 p/s,6.41 kp/s,1.52 kp/s,49.8 p/s,0 p/s,0 p/s,0 p/s,0 p/s,0 p/s,981 p/s,0 p/s,0 p/s,21.2 kp/s,17.7 kp/s,4.48 kp/s,0 p/s,0 p/s,9.60 kp/s,11.3 kp/s,1.25 kp/s,0 p/s
2026-08-20 17:50:20,0 p/s,0 p/s,0 p/s,0 p/s,29.4 p/s,0 p/s,0 p/s,7.64 kp/s,3.66 kp/s,4.00 kp/s,0 p/s,0 p/s,6.14 kp/s,1.45 kp/s,47.8 p/s,0 p/s,0 p/s,0 p/s,0 p/s,0 p/s,928 p/s,0 p/s,0 p/s,20.1 kp/s,16.8 kp/s,4.25 kp/s,0 p/s,0 p/s,9.10 kp/s,10.7 kp/s,1.19 kp/s,0 p/s
2026-08-20 17:50:40,0 p/s,0 p/s,0 p/s,0 p/s,29.1 p/s,0 p/s,0 p/s,7.65 kp/s,3.64 kp/s,4.01 kp/s,0 p/s,0 p/s,6.16 kp/s,1.47 kp/s,47.8 p/s,0 p/s,0 p/s,0 p/s,0 p/s,0 p/s,931 p/s,0 p/s,0 p/s,20.2 kp/s,16.8 kp/s,4.27 kp/s,0 p/s,0 p/s,9.14 kp/s,10.8 kp/s,1.19 kp/s,0 p/s
2026-08-20 17:51:00,0 p/s,0 p/s,0 p/s,0 p/s,29.6 p/s,0 p/s,0 p/s,7.69 kp/s,3.70 kp/s,4.02 kp/s,0 p/s,0 p/s,6.20 kp/s,1.47 kp/s,48.3 p/s,0 p/s,0 p/s,0 p/s,0 p/s,0 p/s,933 p/s,0 p/s,0 p/s,20.1 kp/s,16.8 kp/s,4.25 kp/s,0 p/s,0 p/s,9.11 kp/s,10.7 kp/s,1.19 kp/s,0 p/s
2026-08-20 17:51:20,0 p/s,0 p/s,0 p/s,0 p/s,29.4 p/s,0 p/s,0 p/s,7.61 kp/s,3.65 kp/s,3.98 kp/s,0 p/s,0 p/s,6.12 kp/s,1.46 kp/s,47.4 p/s,0 p/s,0 p/s,0 p/s,0 p/s,0 p/s,932 p/s,0 p/s,0 p/s,20.1 kp/s,16.8 kp/s,4.26 kp/s,0 p/s,0 p/s,9.13 kp/s,10.8 kp/s,1.19 kp/s,0 p/s
2026-08-20 17:51:40,0 p/s,0 p/s,0 p/s,0 p/s,29.3 p/s,0 p/s,0 p/s,7.62 kp/s,3.65 kp/s,4.00 kp/s,0 p/s,0 p/s,6.13 kp/s,1.46 kp/s,47.9 p/s,0 p/s,0 p/s,0 p/s,0 p/s,0 p/s,930 p/s,0 p/s,0 p/s,20.1 kp/s,16.7 kp/s,4.25 kp/s,0 p/s,0 p/s,9.10 kp/s,10.7 kp/s,1.19 kp/s,0 p/s
2026-08-20 17:52:00,0 p/s,0 p/s,0 p/s,0 p/s,29.6 p/s,0 p/s,0 p/s,7.68 kp/s,3.68 kp/s,4.02 kp/s,0 p/s,0 p/s,6.19 kp/s,1.47 kp/s,47.7 p/s,0 p/s,0 p/s,0 p/s,0 p/s,0 p/s,937 p/s,0 p/s,0 p/s,20.2 kp/s,16.9 kp/s,4.28 kp/s,0 p/s,0 p/s,9.19 kp/s,10.8 kp/s,1.19 kp/s,0 p/s
2026-08-20 17:52:20,0 p/s,0 p/s,0 p/s,0 p/s,29 p/s,0 p/s,0 p/s,7.60 kp/s,3.63 kp/s,3.98 kp/s,0 p/s,0 p/s,6.12 kp/s,1.45 kp/s,47.7 p/s,0 p/s,0 p/s,0 p/s,0 p/s,0 p/s,931 p/s,0 p/s,0 p/s,20.1 kp/s,16.8 kp/s,4.26 kp/s,0 p/s,0 p/s,9.12 kp/s,10.7 kp/s,1.19 kp/s,0 p/s
2026-08-20 17:52:40,0 p/s,0 p/s,0 p/s,0 p/s,29 p/s,0 p/s,0 p/s,7.60 kp/s,3.65 kp/s,3.98 kp/s,0 p/s,0 p/s,6.11 kp/s,1.45 kp/s,47.5 p/s,0 p/s,0 p/s,0 p/s,0 p/s,0 p/s,933 p/s,0 p/s,0 p/s,20.2 kp/s,16.8 kp/s,4.27 kp/s,0 p/s,0 p/s,9.14 kp/s,10.8 kp/s,1.19 kp/s,0 p/s
2026-08-20 17:53:00,0 p/s,0 p/s,0 p/s,0 p/s,29.2 p/s,0 p/s,0 p/s,7.67 kp/s,3.67 kp/s,4.01 kp/s,0 p/s,0 p/s,6.17 kp/s,1.46 kp/s,48.3 p/s,0 p/s,0 p/s,0 p/s,0 p/s,0 p/s,934 p/s,0 p/s,0 p/s,20.1 kp/s,16.8 kp/s,4.26 kp/s,0 p/s,0 p/s,9.13 kp/s,10.8 kp/s,1.19 kp/s,0 p/s
2026-08-20 17:53:20,0 p/s,0 p/s,0 p/s,0 p/s,29.9 p/s,0 p/s,0 p/s,7.65 kp/s,3.66 kp/s,4.02 kp/s,0 p/s,0 p/s,6.16 kp/s,1.46 kp/s,47.5 p/s,0 p/s,0 p/s,0 p/s,0 p/s,0 p/s,931 p/s,0 p/s,0 p/s,20.1 kp/s,16.8 kp/s,4.26 kp/s,0 p/s,0 p/s,9.12 kp/s,10.8 kp/s,1.19 kp/s,0 p/s
2026-08-20 17:53:40,0 p/s,0 p/s,0 p/s,0 p/s,29.9 p/s,0 p/s,0 p/s,7.60 kp/s,3.63 kp/s,3.98 kp/s,0 p/s,0 p/s,6.12 kp/s,1.46 kp/s,47.5 p/s,0 p/s,0 p/s,0 p/s,0 p/s,0 p/s,934 p/s,0 p/s,0 p/s,20.1 kp/s,16.8 kp/s,4.26 kp/s,0 p/s,0 p/s,9.14 kp/s,10.8 kp/s,1.19 kp/s,0 p/s
2026-08-20 17:54:00,0 p/s,0 p/s,0 p/s,0 p/s,30.2 p/s,0 p/s,0 p/s,7.62 kp/s,3.64 kp/s,4.00 kp/s,0 p/s,0 p/s,6.13 kp/s,1.46 kp/s,47.7 p/s,0 p/s,0 p/s,0 p/s,0 p/s,0 p/s,896 p/s,0 p/s,0 p/s,20.2 kp/s,16.9 kp/s,4.30 kp/s,0 p/s,0 p/s,9.23 kp/s,10.8 kp/s,1.21 kp/s,0 p/s
2026-08-20 17:54:20,0 p/s,0 p/s,0 p/s,0 p/s,33.1 p/s,0 p/s,0 p/s,8.39 kp/s,4.02 kp/s,4.39 kp/s,0 p/s,0 p/s,6.79 kp/s,1.61 kp/s,50.7 p/s,0 p/s,0 p/s,0 p/s,0 p/s,0 p/s,970 p/s,0 p/s,0 p/s,20.7 kp/s,18.0 kp/s,3.98 kp/s,0 p/s,0 p/s,8.89 kp/s,11.9 kp/s,1.36 kp/s,0 p/s
2026-08-20 17:54:40,0 p/s,0 p/s,0 p/s,0 p/s,31.6 p/s,0 p/s,0 p/s,8.22 kp/s,3.94 kp/s,4.31 kp/s,0 p/s,0 p/s,6.64 kp/s,1.58 kp/s,50.5 p/s,0 p/s,0 p/s,0 p/s,0 p/s,0 p/s,698 p/s,0 p/s,0 p/s,20.0 kp/s,17.4 kp/s,3.52 kp/s,0 p/s,0 p/s,7.93 kp/s,12.2 kp/s,1.14 kp/s,0 p/s
2026-08-20 17:55:00,0 p/s,0 p/s,0 p/s,0 p/s,31 p/s,0 p/s,0 p/s,7.80 kp/s,3.72 kp/s,4.10 kp/s,0 p/s,0 p/s,6.28 kp/s,1.49 kp/s,49.1 p/s,0 p/s,0 p/s,0 p/s,0 p/s,0 p/s,665 p/s,0 p/s,0 p/s,18.1 kp/s,15.7 kp/s,3.30 kp/s,0 p/s,0 p/s,6.59 kp/s,11.7 kp/s,1.16 kp/s,0 p/s
2026-08-20 17:55:20,0 p/s,0 p/s,0 p/s,0 p/s,31.2 p/s,0 p/s,0 p/s,8.05 kp/s,3.86 kp/s,4.19 kp/s,0 p/s,0 p/s,6.48 kp/s,1.54 kp/s,51 p/s,0 p/s,0 p/s,0 p/s,0 p/s,0 p/s,301 p/s,0 p/s,0 p/s,14.3 kp/s,12.6 kp/s,2.35 kp/s,0 p/s,0 p/s,3.30 kp/s,11.2 kp/s,902 p/s,0 p/s
2026-08-20 17:55:40,0 p/s,0 p/s,0 p/s,0 p/s,32.6 p/s,0 p/s,0 p/s,8.39 kp/s,4.04 kp/s,4.39 kp/s,0 p/s,0 p/s,6.76 kp/s,1.61 kp/s,53.2 p/s,0 p/s,0 p/s,0 p/s,0 p/s,0 p/s,89.3 p/s,0 p/s,0 p/s,13.0 kp/s,11.6 kp/s,1.62 kp/s,0 p/s,0 p/s,1.46 kp/s,11.4 kp/s,798 p/s,0 p/s
2026-08-20 17:56:00,0 p/s,0 p/s,0 p/s,0 p/s,32.9 p/s,0 p/s,0 p/s,8.72 kp/s,4.21 kp/s,4.52 kp/s,0 p/s,0 p/s,7.02 kp/s,1.67 kp/s,55.9 p/s,0 p/s,0 p/s,0 p/s,0 p/s,0 p/s,15.9 p/s,0 p/s,0 p/s,13.3 kp/s,11.8 kp/s,1.44 kp/s,0 p/s,0 p/s,1.05 kp/s,11.6 kp/s,771 p/s,0 p/s
2026-08-20 17:56:20,0 p/s,0 p/s,0 p/s,0 p/s,32.9 p/s,0 p/s,0 p/s,8.70 kp/s,4.22 kp/s,4.50 kp/s,0 p/s,0 p/s,7.01 kp/s,1.67 kp/s,55.5 p/s,0 p/s,0 p/s,0 p/s,0 p/s,0 p/s,15.8 p/s,0 p/s,0 p/s,13.6 kp/s,12.1 kp/s,1.48 kp/s,0 p/s,0 p/s,1.07 kp/s,11.9 kp/s,794 p/s,0 p/s
2026-08-20 17:56:40,0 p/s,0 p/s,0 p/s,0 p/s,33.3 p/s,0 p/s,0 p/s,8.68 kp/s,4.20 kp/s,4.51 kp/s,0 p/s,0 p/s,7.00 kp/s,1.67 kp/s,55.3 p/s,0 p/s,0 p/s,0 p/s,0 p/s,0 p/s,15.9 p/s,0 p/s,0 p/s,13.6 kp/s,12.1 kp/s,1.48 kp/s,0 p/s,0 p/s,1.07 kp/s,11.9 kp/s,790 p/s,0 p/s
2026-08-20 17:57:00,0 p/s,0 p/s,0 p/s,0 p/s,33.4 p/s,0 p/s,0 p/s,8.71 kp/s,4.22 kp/s,4.51 kp/s,0 p/s,0 p/s,7.03 kp/s,1.67 kp/s,55.4 p/s,0 p/s,0 p/s,0 p/s,0 p/s,0 p/s,16.3 p/s,0 p/s,0 p/s,13.8 kp/s,12.3 kp/s,1.50 kp/s,0 p/s,0 p/s,1.09 kp/s,12.1 kp/s,803 p/s,0 p/s
2026-08-20 17:57:20,0 p/s,0 p/s,0 p/s,0 p/s,32.5 p/s,0 p/s,0 p/s,8.44 kp/s,4.09 kp/s,4.38 kp/s,0 p/s,0 p/s,6.81 kp/s,1.62 kp/s,53.8 p/s,0 p/s,0 p/s,0 p/s,0 p/s,0 p/s,16.1 p/s,0 p/s,0 p/s,13.7 kp/s,12.2 kp/s,1.48 kp/s,0 p/s,0 p/s,1.07 kp/s,11.9 kp/s,792 p/s,0 p/s
2026-08-20 17:57:40,0 p/s,0 p/s,0 p/s,0 p/s,32.6 p/s,0 p/s,0 p/s,8.51 kp/s,4.12 kp/s,4.41 kp/s,0 p/s,0 p/s,6.87 kp/s,1.63 kp/s,54.5 p/s,0 p/s,0 p/s,0 p/s,0 p/s,0 p/s,16.3 p/s,0 p/s,0 p/s,13.8 kp/s,12.3 kp/s,1.50 kp/s,0 p/s,0 p/s,1.08 kp/s,12.0 kp/s,799 p/s,0 p/s
2026-08-20 17:58:00,0 p/s,0 p/s,0 p/s,0 p/s,33.1 p/s,0 p/s,0 p/s,8.61 kp/s,4.16 kp/s,4.47 kp/s,0 p/s,0 p/s,6.95 kp/s,1.65 kp/s,55.1 p/s,0 p/s,0 p/s,0 p/s,0 p/s,0 p/s,16.1 p/s,0 p/s,0 p/s,13.8 kp/s,12.3 kp/s,1.49 kp/s,0 p/s,0 p/s,1.08 kp/s,12.0 kp/s,800 p/s,0 p/s
2026-08-20 17:58:20,0 p/s,0 p/s,0 p/s,0 p/s,32.7 p/s,0 p/s,0 p/s,8.53 kp/s,4.13 kp/s,4.43 kp/s,0 p/s,0 p/s,6.88 kp/s,1.63 kp/s,54.7 p/s,0 p/s,0 p/s,0 p/s,0 p/s,0 p/s,16.1 p/s,0 p/s,0 p/s,13.8 kp/s,12.3 kp/s,1.50 kp/s,0 p/s,0 p/s,1.08 kp/s,12.1 kp/s,800 p/s,0 p/s
2026-08-20 17:58:40,0 p/s,0 p/s,0 p/s,0 p/s,32.5 p/s,0 p/s,0 p/s,8.54 kp/s,4.12 kp/s,4.43 kp/s,0 p/s,0 p/s,6.89 kp/s,1.64 kp/s,54.5 p/s,0 p/s,0 p/s,0 p/s,0 p/s,0 p/s,16.3 p/s,0 p/s,0 p/s,13.7 kp/s,12.2 kp/s,1.48 kp/s,0 p/s,0 p/s,1.07 kp/s,11.9 kp/s,793 p/s,0 p/s
2026-08-20 17:59:00,0 p/s,0 p/s,0 p/s,0 p/s,33.2 p/s,0 p/s,0 p/s,8.62 kp/s,4.19 kp/s,4.46 kp/s,0 p/s,0 p/s,6.95 kp/s,1.65 kp/s,55.1 p/s,0 p/s,0 p/s,0 p/s,0 p/s,0 p/s,16.2 p/s,0 p/s,0 p/s,13.9 kp/s,12.4 kp/s,1.50 kp/s,0 p/s,0 p/s,1.08 kp/s,12.1 kp/s,807 p/s,0 p/s
2026-08-20 17:59:20,0 p/s,0 p/s,0 p/s,0 p/s,33.1 p/s,0 p/s,0 p/s,8.53 kp/s,4.12 kp/s,4.42 kp/s,0 p/s,0 p/s,6.88 kp/s,1.63 kp/s,54.4 p/s,0 p/s,0 p/s,0 p/s,0 p/s,0 p/s,16.3 p/s,0 p/s,0 p/s,13.9 kp/s,12.4 kp/s,1.51 kp/s,0 p/s,0 p/s,1.09 kp/s,12.2 kp/s,810 p/s,0 p/s
2026-08-20 17:59:40,0 p/s,0 p/s,0 p/s,0 p/s,32.7 p/s,0 p/s,0 p/s,8.46 kp/s,4.08 kp/s,4.41 kp/s,0 p/s,0 p/s,6.83 kp/s,1.62 kp/s,53.8 p/s,0 p/s,0 p/s,0 p/s,0 p/s,0 p/s,16.3 p/s,0 p/s,0 p/s,13.8 kp/s,12.3 kp/s,1.50 kp/s,0 p/s,0 p/s,1.08 kp/s,12.1 kp/s,804 p/s,0 p/s
2026-08-20 18:00:00,0 p/s,0 p/s,0 p/s,0 p/s,32.3 p/s,0 p/s,0 p/s,8.48 kp/s,4.09 kp/s,4.40 kp/s,0 p/s,0 p/s,6.85 kp/s,1.63 kp/s,54.3 p/s,0 p/s,0 p/s,0 p/s,0 p/s,0 p/s,16.1 p/s,0 p/s,0 p/s,13.7 kp/s,12.3 kp/s,1.49 kp/s,0 p/s,0 p/s,1.08 kp/s,12.0 kp/s,798 p/s,0 p/s
2026-08-20 18:00:20,0 p/s,0 p/s,0 p/s,0 p/s,32.9 p/s,0 p/s,0 p/s,8.55 kp/s,4.14 kp/s,4.43 kp/s,0 p/s,0 p/s,6.91 kp/s,1.64 kp/s,55.1 p/s,0 p/s,0 p/s,0 p/s,0 p/s,0 p/s,16.3 p/s,0 p/s,0 p/s,13.8 kp/s,12.3 kp/s,1.49 kp/s,0 p/s,0 p/s,1.08 kp/s,12.1 kp/s,801 p/s,0 p/s
2026-08-20 18:00:40,0 p/s,0 p/s,0 p/s,0 p/s,33 p/s,0 p/s,0 p/s,8.63 kp/s,4.20 kp/s,4.46 kp/s,0 p/s,0 p/s,6.97 kp/s,1.65 kp/s,55.5 p/s,0 p/s,0 p/s,0 p/s,0 p/s,0 p/s,15.9 p/s,0 p/s,0 p/s,13.7 kp/s,12.2 kp/s,1.49 kp/s,0 p/s,0 p/s,1.07 kp/s,12.0 kp/s,796 p/s,0 p/s
2026-08-20 18:01:00,0 p/s,0 p/s,0 p/s,0 p/s,32.7 p/s,0 p/s,0 p/s,8.64 kp/s,4.19 kp/s,4.46 kp/s,0 p/s,0 p/s,6.97 kp/s,1.65 kp/s,55.4 p/s,0 p/s,0 p/s,0 p/s,0 p/s,0 p/s,16 p/s,0 p/s,0 p/s,13.7 kp/s,12.2 kp/s,1.48 kp/s,0 p/s,0 p/s,1.07 kp/s,12.0 kp/s,795 p/s,0 p/s
2026-08-20 18:01:20,0 p/s,0 p/s,0 p/s,0 p/s,32.9 p/s,0 p/s,0 p/s,8.63 kp/s,4.18 kp/s,4.48 kp/s,0 p/s,0 p/s,6.96 kp/s,1.66 kp/s,55.3 p/s,0 p/s,0 p/s,0 p/s,0 p/s,0 p/s,16.3 p/s,0 p/s,0 p/s,13.9 kp/s,12.4 kp/s,1.51 kp/s,0 p/s,0 p/s,1.09 kp/s,12.1 kp/s,806 p/s,0 p/s
2026-08-20 18:01:40,0 p/s,0 p/s,0 p/s,0 p/s,33.3 p/s,0 p/s,0 p/s,8.60 kp/s,4.17 kp/s,4.44 kp/s,0 p/s,0 p/s,6.93 kp/s,1.64 kp/s,55.1 p/s,0 p/s,0 p/s,0 p/s,0 p/s,0 p/s,16.2 p/s,0 p/s,0 p/s,13.8 kp/s,12.3 kp/s,1.50 kp/s,0 p/s,0 p/s,1.08 kp/s,12.1 kp/s,805 p/s,0 p/s
2026-08-20 18:02:00,0 p/s,0 p/s,0 p/s,0 p/s,32.6 p/s,0 p/s,0 p/s,8.50 kp/s,4.12 kp/s,4.42 kp/s,0 p/s,0 p/s,6.86 kp/s,1.63 kp/s,54.1 p/s,0 p/s,0 p/s,0 p/s,0 p/s,0 p/s,16.3 p/s,0 p/s,0 p/s,13.9 kp/s,12.4 kp/s,1.51 kp/s,0 p/s,0 p/s,1.09 kp/s,12.1 kp/s,806 p/s,0 p/s
2026-08-20 18:02:20,0 p/s,0 p/s,0 p/s,0 p/s,33.3 p/s,0 p/s,0 p/s,8.64 kp/s,4.18 kp/s,4.48 kp/s,0 p/s,0 p/s,6.97 kp/s,1.65 kp/s,54.9 p/s,0 p/s,0 p/s,0 p/s,0 p/s,0 p/s,15.9 p/s,0 p/s,0 p/s,13.7 kp/s,12.2 kp/s,1.49 kp/s,0 p/s,0 p/s,1.07 kp/s,12.0 kp/s,798 p/s,0 p/s
2026-08-20 18:02:40,0 p/s,0 p/s,0 p/s,0 p/s,32.9 p/s,0 p/s,0 p/s,8.56 kp/s,4.13 kp/s,4.45 kp/s,0 p/s,0 p/s,6.91 kp/s,1.64 kp/s,54.5 p/s,0 p/s,0 p/s,0 p/s,0 p/s,0 p/s,15.8 p/s,0 p/s,0 p/s,13.7 kp/s,12.2 kp/s,1.49 kp/s,0 p/s,0 p/s,1.07 kp/s,12.0 kp/s,795 p/s,0 p/s
2026-08-20 18:03:00,0 p/s,0 p/s,0 p/s,0 p/s,33.3 p/s,0 p/s,0 p/s,8.66 kp/s,4.21 kp/s,4.46 kp/s,0 p/s,0 p/s,6.98 kp/s,1.66 kp/s,55.7 p/s,0 p/s,0 p/s,0 p/s,0 p/s,0 p/s,16.2 p/s,0 p/s,0 p/s,13.8 kp/s,12.3 kp/s,1.50 kp/s,0 p/s,0 p/s,1.08 kp/s,12.1 kp/s,801 p/s,0 p/s
2026-08-20 18:03:20,0 p/s,0 p/s,0 p/s,0 p/s,32.6 p/s,0 p/s,0 p/s,8.51 kp/s,4.12 kp/s,4.42 kp/s,0 p/s,0 p/s,6.87 kp/s,1.63 kp/s,54.7 p/s,0 p/s,0 p/s,0 p/s,0 p/s,0 p/s,16.2 p/s,0 p/s,0 p/s,13.7 kp/s,12.2 kp/s,1.49 kp/s,0 p/s,0 p/s,1.07 kp/s,12.0 kp/s,794 p/s,0 p/s
2026-08-20 18:03:40,0 p/s,0 p/s,0 p/s,0 p/s,33.2 p/s,0 p/s,0 p/s,8.55 kp/s,4.13 kp/s,4.43 kp/s,0 p/s,0 p/s,6.90 kp/s,1.64 kp/s,54.3 p/s,0 p/s,0 p/s,0 p/s,0 p/s,0 p/s,16.1 p/s,0 p/s,0 p/s,13.9 kp/s,12.4 kp/s,1.50 kp/s,0 p/s,0 p/s,1.09 kp/s,12.1 kp/s,807 p/s,0 p/s
2026-08-20 18:04:00,0 p/s,0 p/s,0 p/s,0 p/s,32.6 p/s,0 p/s,0 p/s,8.42 kp/s,4.07 kp/s,4.39 kp/s,0 p/s,0 p/s,6.79 kp/s,1.61 kp/s,53.5 p/s,0 p/s,0 p/s,0 p/s,0 p/s,0 p/s,16.3 p/s,0 p/s,0 p/s,13.8 kp/s,12.3 kp/s,1.49 kp/s,0 p/s,0 p/s,1.08 kp/s,12.0 kp/s,796 p/s,0 p/s
2026-08-20 18:04:20,0 p/s,0 p/s,0 p/s,0 p/s,32.5 p/s,0 p/s,0 p/s,8.56 kp/s,4.13 kp/s,4.44 kp/s,0 p/s,0 p/s,6.91 kp/s,1.64 kp/s,54.7 p/s,0 p/s,0 p/s,0 p/s,0 p/s,0 p/s,30.6 p/s,0 p/s,0 p/s,13.9 kp/s,12.4 kp/s,1.51 kp/s,0 p/s,0 p/s,1.08 kp/s,12.1 kp/s,803 p/s,0 p/s
2026-08-20 18:04:40,0 p/s,0 p/s,0 p/s,0 p/s,32.7 p/s,0 p/s,0 p/s,8.53 kp/s,4.12 kp/s,4.41 kp/s,0 p/s,0 p/s,6.88 kp/s,1.63 kp/s,54.5 p/s,0 p/s,0 p/s,0 p/s,0 p/s,0 p/s,223 p/s,0 p/s,0 p/s,14.8 kp/s,12.6 kp/s,2.14 kp/s,0 p/s,0 p/s,1.12 kp/s,12.3 kp/s,1.41 kp/s,0 p/s
2026-08-20 18:05:00,0 p/s,0 p/s,0 p/s,0 p/s,32.3 p/s,0 p/s,0 p/s,8.31 kp/s,4.00 kp/s,4.32 kp/s,0 p/s,0 p/s,6.70 kp/s,1.59 kp/s,52.6 p/s,0 p/s,0 p/s,0 p/s,0 p/s,0 p/s,520 p/s,0 p/s,0 p/s,15.4 kp/s,11.7 kp/s,4.06 kp/s,0 p/s,0 p/s,1.12 kp/s,11.4 kp/s,3.28 kp/s,0 p/s
2026-08-20 18:05:20,0 p/s,0 p/s,0 p/s,0 p/s,31.7 p/s,0 p/s,0 p/s,8.12 kp/s,3.91 kp/s,4.23 kp/s,0 p/s,0 p/s,6.54 kp/s,1.55 kp/s,51.3 p/s,0 p/s,0 p/s,0 p/s,0 p/s,0 p/s,772 p/s,0 p/s,0 p/s,16.5 kp/s,9.92 kp/s,7.16 kp/s,0 p/s,0 p/s,1.07 kp/s,9.59 kp/s,6.31 kp/s,0 p/s
2026-08-20 18:05:40,0 p/s,0 p/s,0 p/s,0 p/s,31.6 p/s,0 p/s,0 p/s,7.99 kp/s,3.83 kp/s,4.18 kp/s,0 p/s,0 p/s,6.44 kp/s,1.53 kp/s,49.7 p/s,0 p/s,0 p/s,0 p/s,0 p/s,0 p/s,835 p/s,0 p/s,0 p/s,17.3 kp/s,9.42 kp/s,8.58 kp/s,0 p/s,0 p/s,1.08 kp/s,9.10 kp/s,7.81 kp/s,0 p/s
2026-08-20 18:06:00,0 p/s,0 p/s,0 p/s,0 p/s,31.4 p/s,0 p/s,0 p/s,7.91 kp/s,3.78 kp/s,4.15 kp/s,0 p/s,0 p/s,6.37 kp/s,1.51 kp/s,49.5 p/s,0 p/s,0 p/s,0 p/s,0 p/s,0 p/s,936 p/s,0 p/s,0 p/s,18.3 kp/s,9.13 kp/s,9.85 kp/s,0 p/s,0 p/s,1.11 kp/s,8.84 kp/s,9.07 kp/s,0 p/s
2026-08-20 18:06:20,0 p/s,0 p/s,0 p/s,0 p/s,30.7 p/s,0 p/s,0 p/s,7.84 kp/s,3.77 kp/s,4.11 kp/s,0 p/s,0 p/s,6.32 kp/s,1.50 kp/s,48.9 p/s,0 p/s,0 p/s,0 p/s,0 p/s,0 p/s,1.02 kp/s,0 p/s,0 p/s,18.7 kp/s,8.65 kp/s,11.0 kp/s,0 p/s,0 p/s,1.25 kp/s,8.37 kp/s,10.2 kp/s,0 p/s
2026-08-20 18:06:40,0 p/s,0 p/s,0 p/s,0 p/s,31 p/s,0 p/s,0 p/s,7.87 kp/s,3.77 kp/s,4.13 kp/s,0 p/s,0 p/s,6.33 kp/s,1.51 kp/s,49.3 p/s,0 p/s,0 p/s,0 p/s,0 p/s,0 p/s,1.03 kp/s,0 p/s,0 p/s,18.8 kp/s,8.72 kp/s,11.1 kp/s,0 p/s,0 p/s,1.26 kp/s,8.43 kp/s,10.2 kp/s,0 p/s
2026-08-20 18:07:00,0 p/s,0 p/s,0 p/s,0 p/s,30.7 p/s,0 p/s,0 p/s,7.72 kp/s,3.69 kp/s,4.05 kp/s,0 p/s,0 p/s,6.22 kp/s,1.48 kp/s,48 p/s,0 p/s,0 p/s,0 p/s,0 p/s,0 p/s,1.03 kp/s,0 p/s,0 p/s,18.9 kp/s,8.76 kp/s,11.1 kp/s,0 p/s,0 p/s,1.27 kp/s,8.47 kp/s,10.3 kp/s,0 p/s
2026-08-20 18:07:20,0 p/s,0 p/s,0 p/s,0 p/s,30.8 p/s,0 p/s,0 p/s,7.83 kp/s,3.76 kp/s,4.10 kp/s,0 p/s,0 p/s,6.32 kp/s,1.50 kp/s,49.3 p/s,0 p/s,0 p/s,0 p/s,0 p/s,0 p/s,1.04 kp/s,0 p/s,0 p/s,18.9 kp/s,8.75 kp/s,11.1 kp/s,0 p/s,0 p/s,1.27 kp/s,8.45 kp/s,10.3 kp/s,0 p/s
2026-08-20 18:07:40,0 p/s,0 p/s,0 p/s,0 p/s,30.5 p/s,0 p/s,0 p/s,7.75 kp/s,3.72 kp/s,4.06 kp/s,0 p/s,0 p/s,6.25 kp/s,1.49 kp/s,48.7 p/s,0 p/s,0 p/s,0 p/s,0 p/s,0 p/s,1.03 kp/s,0 p/s,0 p/s,18.9 kp/s,8.73 kp/s,11.1 kp/s,0 p/s,0 p/s,1.26 kp/s,8.44 kp/s,10.3 kp/s,0 p/s
2026-08-20 18:08:00,0 p/s,0 p/s,0 p/s,0 p/s,30.6 p/s,0 p/s,0 p/s,7.87 kp/s,3.77 kp/s,4.14 kp/s,0 p/s,0 p/s,6.34 kp/s,1.51 kp/s,49 p/s,0 p/s,0 p/s,0 p/s,0 p/s,0 p/s,1.04 kp/s,0 p/s,0 p/s,19.0 kp/s,8.82 kp/s,11.2 kp/s,0 p/s,0 p/s,1.28 kp/s,8.52 kp/s,10.4 kp/s,0 p/s
2026-08-20 18:08:20,0 p/s,0 p/s,0 p/s,0 p/s,30.9 p/s,0 p/s,0 p/s,7.89 kp/s,3.78 kp/s,4.14 kp/s,0 p/s,0 p/s,6.37 kp/s,1.51 kp/s,49.2 p/s,0 p/s,0 p/s,0 p/s,0 p/s,0 p/s,1.03 kp/s,0 p/s,0 p/s,18.8 kp/s,8.73 kp/s,11.1 kp/s,0 p/s,0 p/s,1.27 kp/s,8.43 kp/s,10.3 kp/s,0 p/s
2026-08-20 18:08:40,0 p/s,0 p/s,0 p/s,0 p/s,29.9 p/s,0 p/s,0 p/s,7.72 kp/s,3.70 kp/s,4.05 kp/s,0 p/s,0 p/s,6.22 kp/s,1.48 kp/s,48.4 p/s,0 p/s,0 p/s,0 p/s,0 p/s,0 p/s,1.02 kp/s,0 p/s,0 p/s,18.6 kp/s,8.62 kp/s,11.0 kp/s,0 p/s,0 p/s,1.25 kp/s,8.33 kp/s,10.1 kp/s,0 p/s
2026-08-20 18:09:00,0 p/s,0 p/s,0 p/s,0 p/s,30.5 p/s,0 p/s,0 p/s,7.77 kp/s,3.72 kp/s,4.07 kp/s,0 p/s,0 p/s,6.27 kp/s,1.49 kp/s,49 p/s,0 p/s,0 p/s,0 p/s,0 p/s,0 p/s,1.04 kp/s,0 p/s,0 p/s,18.9 kp/s,8.77 kp/s,11.2 kp/s,0 p/s,0 p/s,1.27 kp/s,8.47 kp/s,10.3 kp/s,0 p/s
2026-08-20 18:09:20,0 p/s,0 p/s,0 p/s,0 p/s,30.7 p/s,0 p/s,0 p/s,7.75 kp/s,3.72 kp/s,4.06 kp/s,0 p/s,0 p/s,6.25 kp/s,1.49 kp/s,48.3 p/s,0 p/s,0 p/s,0 p/s,0 p/s,0 p/s,1.00 kp/s,0 p/s,0 p/s,18.4 kp/s,8.50 kp/s,10.8 kp/s,0 p/s,0 p/s,1.23 kp/s,8.21 kp/s,10.00 kp/s,0 p/s
2026-08-20 18:09:40,0 p/s,0 p/s,0 p/s,0 p/s,30.3 p/s,0 p/s,0 p/s,7.76 kp/s,3.73 kp/s,4.07 kp/s,0 p/s,0 p/s,6.26 kp/s,1.49 kp/s,49.1 p/s,0 p/s,0 p/s,0 p/s,0 p/s,0 p/s,1.01 kp/s,0 p/s,0 p/s,18.5 kp/s,8.58 kp/s,10.9 kp/s,0 p/s,0 p/s,1.24 kp/s,8.27 kp/s,10.1 kp/s,0 p/s
2026-08-20 18:10:00,0 p/s,0 p/s,0 p/s,0 p/s,30.6 p/s,0 p/s,0 p/s,7.86 kp/s,3.77 kp/s,4.11 kp/s,0 p/s,0 p/s,6.34 kp/s,1.51 kp/s,49.6 p/s,0 p/s,0 p/s,0 p/s,0 p/s,0 p/s,1.02 kp/s,0 p/s,0 p/s,18.6 kp/s,8.61 kp/s,11 kp/s,0 p/s,0 p/s,1.25 kp/s,8.32 kp/s,10.2 kp/s,0 p/s
2026-08-20 18:10:20,0 p/s,0 p/s,0 p/s,0 p/s,30.4 p/s,0 p/s,0 p/s,7.73 kp/s,3.71 kp/s,4.05 kp/s,0 p/s,0 p/s,6.23 kp/s,1.48 kp/s,48.8 p/s,0 p/s,0 p/s,0 p/s,0 p/s,0 p/s,1.01 kp/s,0 p/s,0 p/s,18.6 kp/s,8.61 kp/s,11.0 kp/s,0 p/s,0 p/s,1.25 kp/s,8.32 kp/s,10.1 kp/s,0 p/s
2026-08-20 18:10:40,0 p/s,0 p/s,0 p/s,0 p/s,31 p/s,0 p/s,0 p/s,7.80 kp/s,3.73 kp/s,4.09 kp/s,0 p/s,0 p/s,6.28 kp/s,1.49 kp/s,48.7 p/s,0 p/s,0 p/s,0 p/s,0 p/s,0 p/s,1.03 kp/s,0 p/s,0 p/s,18.7 kp/s,8.67 kp/s,11.1 kp/s,0 p/s,0 p/s,1.25 kp/s,8.38 kp/s,10.2 kp/s,0 p/s
2026-08-20 18:11:00,0 p/s,0 p/s,0 p/s,0 p/s,30.2 p/s,0 p/s,0 p/s,7.81 kp/s,3.74 kp/s,4.08 kp/s,0 p/s,0 p/s,6.30 kp/s,1.50 kp/s,48.7 p/s,0 p/s,0 p/s,0 p/s,0 p/s,0 p/s,1.02 kp/s,0 p/s,0 p/s,18.7 kp/s,8.65 kp/s,11.0 kp/s,0 p/s,0 p/s,1.26 kp/s,8.36 kp/s,10.2 kp/s,0 p/s
2026-08-20 18:11:20,0 p/s,0 p/s,0 p/s,0 p/s,30.7 p/s,0 p/s,0 p/s,7.79 kp/s,3.74 kp/s,4.09 kp/s,0 p/s,0 p/s,6.28 kp/s,1.49 kp/s,49 p/s,0 p/s,0 p/s,0 p/s,0 p/s,0 p/s,1.03 kp/s,0 p/s,0 p/s,18.8 kp/s,8.71 kp/s,11.1 kp/s,0 p/s,0 p/s,1.26 kp/s,8.41 kp/s,10.2 kp/s,0 p/s
2026-08-20 18:11:40,0 p/s,0 p/s,0 p/s,0 p/s,30.6 p/s,0 p/s,0 p/s,7.77 kp/s,3.72 kp/s,4.07 kp/s,0 p/s,0 p/s,6.25 kp/s,1.49 kp/s,48.3 p/s,0 p/s,0 p/s,0 p/s,0 p/s,0 p/s,1.02 kp/s,0 p/s,0 p/s,18.6 kp/s,8.61 kp/s,11.0 kp/s,0 p/s,0 p/s,1.24 kp/s,8.32 kp/s,10.1 kp/s,0 p/s
2026-08-20 18:12:00,0 p/s,0 p/s,0 p/s,0 p/s,30.2 p/s,0 p/s,0 p/s,7.81 kp/s,3.73 kp/s,4.11 kp/s,0 p/s,0 p/s,6.30 kp/s,1.50 kp/s,48.8 p/s,0 p/s,0 p/s,0 p/s,0 p/s,0 p/s,1.02 kp/s,0 p/s,0 p/s,18.7 kp/s,8.65 kp/s,11.0 kp/s,0 p/s,0 p/s,1.26 kp/s,8.35 kp/s,10.2 kp/s,0 p/s
2026-08-20 18:12:20,0 p/s,0 p/s,0 p/s,0 p/s,30.3 p/s,0 p/s,0 p/s,7.79 kp/s,3.74 kp/s,4.07 kp/s,0 p/s,0 p/s,6.27 kp/s,1.49 kp/s,48.9 p/s,0 p/s,0 p/s,0 p/s,0 p/s,0 p/s,1.01 kp/s,0 p/s,0 p/s,18.4 kp/s,8.53 kp/s,10.9 kp/s,0 p/s,0 p/s,1.23 kp/s,8.24 kp/s,10.0 kp/s,0 p/s
2026-08-20 18:12:40,0 p/s,0 p/s,0 p/s,0 p/s,30.1 p/s,0 p/s,0 p/s,7.79 kp/s,3.73 kp/s,4.08 kp/s,0 p/s,0 p/s,6.28 kp/s,1.49 kp/s,48.8 p/s,0 p/s,0 p/s,0 p/s,0 p/s,0 p/s,1.02 kp/s,0 p/s,0 p/s,18.7 kp/s,8.65 kp/s,11.0 kp/s,0 p/s,0 p/s,1.25 kp/s,8.36 kp/s,10.2 kp/s,0 p/s
2026-08-20 18:13:00,0 p/s,0 p/s,0 p/s,0 p/s,30.6 p/s,0 p/s,0 p/s,7.84 kp/s,3.76 kp/s,4.11 kp/s,0 p/s,0 p/s,6.32 kp/s,1.50 kp/s,49.3 p/s,0 p/s,0 p/s,0 p/s,0 p/s,0 p/s,1.02 kp/s,0 p/s,0 p/s,18.7 kp/s,8.65 kp/s,11.0 kp/s,0 p/s,0 p/s,1.25 kp/s,8.36 kp/s,10.2 kp/s,0 p/s
2026-08-20 18:13:20,0 p/s,0 p/s,0 p/s,0 p/s,30.7 p/s,0 p/s,0 p/s,7.84 kp/s,3.76 kp/s,4.11 kp/s,0 p/s,0 p/s,6.32 kp/s,1.50 kp/s,49.5 p/s,0 p/s,0 p/s,0 p/s,0 p/s,0 p/s,1.04 kp/s,0 p/s,0 p/s,19.0 kp/s,8.80 kp/s,11.2 kp/s,0 p/s,0 p/s,1.28 kp/s,8.50 kp/s,10.3 kp/s,0 p/s
2026-08-20 18:13:40,0 p/s,0 p/s,0 p/s,0 p/s,30.3 p/s,0 p/s,0 p/s,7.84 kp/s,3.77 kp/s,4.11 kp/s,0 p/s,0 p/s,6.33 kp/s,1.50 kp/s,49.5 p/s,0 p/s,0 p/s,0 p/s,0 p/s,0 p/s,1.02 kp/s,0 p/s,0 p/s,18.6 kp/s,8.61 kp/s,11.0 kp/s,0 p/s,0 p/s,1.25 kp/s,8.32 kp/s,10.1 kp/s,0 p/s
2026-08-20 18:14:00,0 p/s,0 p/s,0 p/s,0 p/s,30.7 p/s,0 p/s,0 p/s,7.81 kp/s,3.75 kp/s,4.10 kp/s,0 p/s,0 p/s,6.30 kp/s,1.50 kp/s,48.7 p/s,0 p/s,0 p/s,0 p/s,0 p/s,0 p/s,1.01 kp/s,0 p/s,0 p/s,18.4 kp/s,8.52 kp/s,10.9 kp/s,0 p/s,0 p/s,1.23 kp/s,8.23 kp/s,10.0 kp/s,0 p/s
2026-08-20 18:14:20,0 p/s,0 p/s,0 p/s,0 p/s,30.3 p/s,0 p/s,0 p/s,7.88 kp/s,3.78 kp/s,4.12 kp/s,0 p/s,0 p/s,6.34 kp/s,1.51 kp/s,49.9 p/s,0 p/s,0 p/s,0 p/s,0 p/s,0 p/s,1.03 kp/s,0 p/s,0 p/s,18.8 kp/s,8.70 kp/s,11.1 kp/s,0 p/s,0 p/s,1.26 kp/s,8.40 kp/s,10.2 kp/s,0 p/s
2026-08-20 18:14:40,0 p/s,0 p/s,0 p/s,0 p/s,30.6 p/s,0 p/s,0 p/s,7.80 kp/s,3.75 kp/s,4.08 kp/s,0 p/s,0 p/s,6.29 kp/s,1.49 kp/s,48.9 p/s,0 p/s,0 p/s,0 p/s,0 p/s,0 p/s,1.06 kp/s,0 p/s,0 p/s,19.1 kp/s,8.89 kp/s,11.2 kp/s,0 p/s,0 p/s,1.29 kp/s,8.52 kp/s,10.4 kp/s,0 p/s
2026-08-20 18:15:00,0 p/s,0 p/s,0 p/s,0 p/s,30.1 p/s,0 p/s,0 p/s,7.77 kp/s,3.72 kp/s,4.08 kp/s,0 p/s,0 p/s,6.26 kp/s,1.49 kp/s,48.7 p/s,0 p/s,0 p/s,0 p/s,0 p/s,0 p/s,1.07 kp/s,0 p/s,0 p/s,19.4 kp/s,8.99 kp/s,11.3 kp/s,0 p/s,0 p/s,1.54 kp/s,8.29 kp/s,10.4 kp/s,0 p/s
2026-08-20 18:15:20,0 p/s,0 p/s,0 p/s,0 p/s,30.3 p/s,0 p/s,0 p/s,7.73 kp/s,3.69 kp/s,4.06 kp/s,0 p/s,0 p/s,6.23 kp/s,1.48 kp/s,48.1 p/s,0 p/s,0 p/s,0 p/s,0 p/s,0 p/s,969 p/s,0 p/s,0 p/s,20.6 kp/s,8.88 kp/s,12.5 kp/s,0 p/s,0 p/s,2.09 kp/s,7.60 kp/s,11.7 kp/s,0 p/s
2026-08-20 18:15:40,0 p/s,0 p/s,0 p/s,0 p/s,30.1 p/s,0 p/s,0 p/s,7.64 kp/s,3.63 kp/s,4.03 kp/s,0 p/s,0 p/s,6.15 kp/s,1.46 kp/s,47.3 p/s,0 p/s,0 p/s,0 p/s,0 p/s,0 p/s,917 p/s,0 p/s,0 p/s,20.8 kp/s,8.66 kp/s,12.9 kp/s,0 p/s,0 p/s,2.35 kp/s,7.20 kp/s,12.0 kp/s,0 p/s
2026-08-20 18:16:00,0 p/s,0 p/s,0 p/s,0 p/s,29.8 p/s,0 p/s,0 p/s,7.58 kp/s,3.62 kp/s,4.00 kp/s,0 p/s,0 p/s,6.10 kp/s,1.45 kp/s,47 p/s,0 p/s,0 p/s,0 p/s,0 p/s,0 p/s,867 p/s,0 p/s,0 p/s,20.9 kp/s,8.46 kp/s,13.2 kp/s,0 p/s,0 p/s,2.50 kp/s,6.86 kp/s,12.2 kp/s,0 p/s
2026-08-20 18:16:20,0 p/s,0 p/s,0 p/s,0 p/s,29.9 p/s,0 p/s,0 p/s,7.58 kp/s,3.61 kp/s,3.99 kp/s,0 p/s,0 p/s,6.10 kp/s,1.45 kp/s,47 p/s,0 p/s,0 p/s,0 p/s,0 p/s,0 p/s,779 p/s,0 p/s,0 p/s,20.8 kp/s,8.12 kp/s,13.4 kp/s,0 p/s,0 p/s,2.84 kp/s,6.27 kp/s,12.4 kp/s,0 p/s
2026-08-20 18:16:40,0 p/s,0 p/s,0 p/s,0 p/s,29.2 p/s,0 p/s,0 p/s,7.56 kp/s,3.62 kp/s,3.98 kp/s,0 p/s,0 p/s,6.10 kp/s,1.45 kp/s,47.5 p/s,0 p/s,0 p/s,0 p/s,0 p/s,0 p/s,774 p/s,0 p/s,0 p/s,20.7 kp/s,8.14 kp/s,13.3 kp/s,0 p/s,0 p/s,2.91 kp/s,6.28 kp/s,12.4 kp/s,0 p/s
2026-08-20 18:17:00,0 p/s,0 p/s,0 p/s,0 p/s,29.8 p/s,0 p/s,0 p/s,7.52 kp/s,3.59 kp/s,3.98 kp/s,0 p/s,0 p/s,6.05 kp/s,1.44 kp/s,46.3 p/s,0 p/s,0 p/s,0 p/s,0 p/s,0 p/s,762 p/s,0 p/s,0 p/s,20.4 kp/s,8.02 kp/s,13.1 kp/s,0 p/s,0 p/s,2.87 kp/s,6.19 kp/s,12.2 kp/s,0 p/s
2026-08-20 18:17:20,0 p/s,0 p/s,0 p/s,0 p/s,29.4 p/s,0 p/s,0 p/s,7.64 kp/s,3.65 kp/s,4.00 kp/s,0 p/s,0 p/s,6.14 kp/s,1.46 kp/s,48.4 p/s,0 p/s,0 p/s,0 p/s,0 p/s,0 p/s,770 p/s,0 p/s,0 p/s,20.6 kp/s,8.07 kp/s,13.3 kp/s,0 p/s,0 p/s,2.89 kp/s,6.23 kp/s,12.3 kp/s,0 p/s
2026-08-20 18:17:40,0 p/s,0 p/s,0 p/s,0 p/s,30.2 p/s,0 p/s,0 p/s,7.64 kp/s,3.65 kp/s,4.01 kp/s,0 p/s,0 p/s,6.16 kp/s,1.46 kp/s,47.3 p/s,0 p/s,0 p/s,0 p/s,0 p/s,0 p/s,783 p/s,0 p/s,0 p/s,21.0 kp/s,8.25 kp/s,13.5 kp/s,0 p/s,0 p/s,2.95 kp/s,6.36 kp/s,12.5 kp/s,0 p/s
2026-08-20 18:18:00,0 p/s,0 p/s,0 p/s,0 p/s,29.5 p/s,0 p/s,0 p/s,7.61 kp/s,3.64 kp/s,4.01 kp/s,0 p/s,0 p/s,6.13 kp/s,1.46 kp/s,47.1 p/s,0 p/s,0 p/s,0 p/s,0 p/s,0 p/s,765 p/s,0 p/s,0 p/s,20.5 kp/s,8.03 kp/s,13.2 kp/s,0 p/s,0 p/s,2.87 kp/s,6.20 kp/s,12.2 kp/s,0 p/s
2026-08-20 18:18:20,0 p/s,0 p/s,0 p/s,0 p/s,30.2 p/s,0 p/s,0 p/s,7.64 kp/s,3.65 kp/s,4.03 kp/s,0 p/s,0 p/s,6.16 kp/s,1.47 kp/s,47.7 p/s,0 p/s,0 p/s,0 p/s,0 p/s,0 p/s,765 p/s,0 p/s,0 p/s,20.5 kp/s,8.06 kp/s,13.2 kp/s,0 p/s,0 p/s,2.88 kp/s,6.22 kp/s,12.2 kp/s,0 p/s
2026-08-20 18:18:40,0 p/s,0 p/s,0 p/s,0 p/s,29.8 p/s,0 p/s,0 p/s,7.57 kp/s,3.62 kp/s,3.98 kp/s,0 p/s,0 p/s,6.11 kp/s,1.45 kp/s,47.3 p/s,0 p/s,0 p/s,0 p/s,0 p/s,0 p/s,769 p/s,0 p/s,0 p/s,20.6 kp/s,8.08 kp/s,13.2 kp/s,0 p/s,0 p/s,2.89 kp/s,6.23 kp/s,12.3 kp/s,0 p/s
2026-08-20 18:19:00,0 p/s,0 p/s,0 p/s,0 p/s,29.7 p/s,0 p/s,0 p/s,7.60 kp/s,3.63 kp/s,3.99 kp/s,0 p/s,0 p/s,6.12 kp/s,1.46 kp/s,47.9 p/s,0 p/s,0 p/s,0 p/s,0 p/s,0 p/s,772 p/s,0 p/s,0 p/s,20.6 kp/s,8.10 kp/s,13.3 kp/s,0 p/s,0 p/s,2.90 kp/s,6.25 kp/s,12.3 kp/s,0 p/s
2026-08-20 18:19:20,0 p/s,0 p/s,0 p/s,0 p/s,30.3 p/s,0 p/s,0 p/s,7.63 kp/s,3.65 kp/s,4.02 kp/s,0 p/s,0 p/s,6.15 kp/s,1.46 kp/s,47.7 p/s,0 p/s,0 p/s,0 p/s,0 p/s,0 p/s,774 p/s,0 p/s,0 p/s,20.7 kp/s,8.14 kp/s,13.3 kp/s,0 p/s,0 p/s,2.91 kp/s,6.28 kp/s,12.3 kp/s,0 p/s
2026-08-20 18:19:40,0 p/s,0 p/s,0 p/s,0 p/s,29.7 p/s,0 p/s,0 p/s,7.64 kp/s,3.65 kp/s,4.01 kp/s,0 p/s,0 p/s,6.15 kp/s,1.46 kp/s,47.6 p/s,0 p/s,0 p/s,0 p/s,0 p/s,0 p/s,763 p/s,0 p/s,0 p/s,20.4 kp/s,8.03 kp/s,13.2 kp/s,0 p/s,0 p/s,2.87 kp/s,6.19 kp/s,12.2 kp/s,0 p/s
2026-08-20 18:20:00,0 p/s,0 p/s,0 p/s,0 p/s,29.9 p/s,0 p/s,0 p/s,7.58 kp/s,3.62 kp/s,3.98 kp/s,0 p/s,0 p/s,6.10 kp/s,1.45 kp/s,47.3 p/s,0 p/s,0 p/s,0 p/s,0 p/s,0 p/s,764 p/s,0 p/s,0 p/s,20.5 kp/s,8.05 kp/s,13.2 kp/s,0 p/s,0 p/s,2.88 kp/s,6.22 kp/s,12.2 kp/s,0 p/s
2026-08-20 18:20:20,0 p/s,0 p/s,0 p/s,0 p/s,30.1 p/s,0 p/s,0 p/s,7.62 kp/s,3.64 kp/s,4.01 kp/s,0 p/s,0 p/s,6.14 kp/s,1.46 kp/s,47.4 p/s,0 p/s,0 p/s,0 p/s,0 p/s,0 p/s,776 p/s,0 p/s,0 p/s,20.8 kp/s,8.16 kp/s,13.4 kp/s,0 p/s,0 p/s,2.91 kp/s,6.30 kp/s,12.4 kp/s,0 p/s
2026-08-20 18:20:40,0 p/s,0 p/s,0 p/s,0 p/s,30.1 p/s,0 p/s,0 p/s,7.62 kp/s,3.66 kp/s,4.00 kp/s,0 p/s,0 p/s,6.15 kp/s,1.46 kp/s,47.8 p/s,0 p/s,0 p/s,0 p/s,0 p/s,0 p/s,782 p/s,0 p/s,0 p/s,20.9 kp/s,8.22 kp/s,13.5 kp/s,0 p/s,0 p/s,2.94 kp/s,6.34 kp/s,12.5 kp/s,0 p/s
2026-08-20 18:21:00,0 p/s,0 p/s,0 p/s,0 p/s,29.5 p/s,0 p/s,0 p/s,7.54 kp/s,3.59 kp/s,3.98 kp/s,0 p/s,0 p/s,6.07 kp/s,1.44 kp/s,46.5 p/s,0 p/s,0 p/s,0 p/s,0 p/s,0 p/s,776 p/s,0 p/s,0 p/s,20.8 kp/s,8.15 kp/s,13.4 kp/s,0 p/s,0 p/s,2.92 kp/s,6.29 kp/s,12.4 kp/s,0 p/s
2026-08-20 18:21:20,0 p/s,0 p/s,0 p/s,0 p/s,29.1 p/s,0 p/s,0 p/s,7.55 kp/s,3.61 kp/s,3.97 kp/s,0 p/s,0 p/s,6.09 kp/s,1.45 kp/s,47.3 p/s,0 p/s,0 p/s,0 p/s,0 p/s,0 p/s,777 p/s,0 p/s,0 p/s,20.8 kp/s,8.15 kp/s,13.4 kp/s,0 p/s,0 p/s,2.92 kp/s,6.28 kp/s,12.4 kp/s,0 p/s
2026-08-20 18:21:40,0 p/s,0 p/s,0 p/s,0 p/s,29.7 p/s,0 p/s,0 p/s,7.56 kp/s,3.62 kp/s,3.97 kp/s,0 p/s,0 p/s,6.08 kp/s,1.45 kp/s,47.7 p/s,0 p/s,0 p/s,0 p/s,0 p/s,0 p/s,769 p/s,0 p/s,0 p/s,20.7 kp/s,8.12 kp/s,13.3 kp/s,0 p/s,0 p/s,2.90 kp/s,6.26 kp/s,12.3 kp/s,0 p/s
2026-08-20 18:22:00,0 p/s,0 p/s,0 p/s,0 p/s,29.7 p/s,0 p/s,0 p/s,7.50 kp/s,3.58 kp/s,3.95 kp/s,0 p/s,0 p/s,6.05 kp/s,1.44 kp/s,46.3 p/s,0 p/s,0 p/s,0 p/s,0 p/s,0 p/s,774 p/s,0 p/s,0 p/s,20.7 kp/s,8.13 kp/s,13.3 kp/s,0 p/s,0 p/s,2.91 kp/s,6.27 kp/s,12.4 kp/s,0 p/s
2026-08-20 18:22:20,0 p/s,0 p/s,0 p/s,0 p/s,29.7 p/s,0 p/s,0 p/s,7.63 kp/s,3.64 kp/s,4.01 kp/s,0 p/s,0 p/s,6.15 kp/s,1.46 kp/s,47.2 p/s,0 p/s,0 p/s,0 p/s,0 p/s,0 p/s,763 p/s,0 p/s,0 p/s,20.4 kp/s,8.03 kp/s,13.2 kp/s,0 p/s,0 p/s,2.87 kp/s,6.19 kp/s,12.2 kp/s,0 p/s
2026-08-20 18:22:40,0 p/s,0 p/s,0 p/s,0 p/s,30.4 p/s,0 p/s,0 p/s,7.69 kp/s,3.67 kp/s,4.05 kp/s,0 p/s,0 p/s,6.19 kp/s,1.47 kp/s,47.7 p/s,0 p/s,0 p/s,0 p/s,0 p/s,0 p/s,768 p/s,0 p/s,0 p/s,20.5 kp/s,8.06 kp/s,13.2 kp/s,0 p/s,0 p/s,2.88 kp/s,6.22 kp/s,12.2 kp/s,0 p/s
2026-08-20 18:23:00,0 p/s,0 p/s,0 p/s,0 p/s,29.8 p/s,0 p/s,0 p/s,7.57 kp/s,3.60 kp/s,3.99 kp/s,0 p/s,0 p/s,6.10 kp/s,1.45 kp/s,46.9 p/s,0 p/s,0 p/s,0 p/s,0 p/s,0 p/s,772 p/s,0 p/s,0 p/s,20.7 kp/s,8.11 kp/s,13.3 kp/s,0 p/s,0 p/s,2.90 kp/s,6.26 kp/s,12.3 kp/s,0 p/s
2026-08-20 18:23:20,0 p/s,0 p/s,0 p/s,0 p/s,30.3 p/s,0 p/s,0 p/s,7.64 kp/s,3.65 kp/s,4.02 kp/s,0 p/s,0 p/s,6.15 kp/s,1.46 kp/s,47.7 p/s,0 p/s,0 p/s,0 p/s,0 p/s,0 p/s,767 p/s,0 p/s,0 p/s,20.5 kp/s,8.06 kp/s,13.2 kp/s,0 p/s,0 p/s,2.88 kp/s,6.22 kp/s,12.2 kp/s,0 p/s
2026-08-20 18:23:40,0 p/s,0 p/s,0 p/s,0 p/s,29.7 p/s,0 p/s,0 p/s,7.64 kp/s,3.65 kp/s,4.02 kp/s,0 p/s,0 p/s,6.15 kp/s,1.46 kp/s,47.1 p/s,0 p/s,0 p/s,0 p/s,0 p/s,0 p/s,773 p/s,0 p/s,0 p/s,20.7 kp/s,8.13 kp/s,13.4 kp/s,0 p/s,0 p/s,2.91 kp/s,6.27 kp/s,12.4 kp/s,0 p/s
2026-08-20 18:24:00,0 p/s,0 p/s,0 p/s,0 p/s,30.1 p/s,0 p/s,0 p/s,7.65 kp/s,3.65 kp/s,4.04 kp/s,0 p/s,0 p/s,6.17 kp/s,1.46 kp/s,47.4 p/s,0 p/s,0 p/s,0 p/s,0 p/s,0 p/s,770 p/s,0 p/s,0 p/s,20.6 kp/s,8.10 kp/s,13.3 kp/s,0 p/s,0 p/s,2.89 kp/s,6.25 kp/s,12.3 kp/s,0 p/s
2026-08-20 18:24:20,0 p/s,0 p/s,0 p/s,0 p/s,29.2 p/s,0 p/s,0 p/s,7.54 kp/s,3.60 kp/s,3.96 kp/s,0 p/s,0 p/s,6.07 kp/s,1.44 kp/s,47.1 p/s,0 p/s,0 p/s,0 p/s,0 p/s,0 p/s,763 p/s,0 p/s,0 p/s,20.5 kp/s,8.03 kp/s,13.2 kp/s,0 p/s,0 p/s,2.87 kp/s,6.19 kp/s,12.2 kp/s,0 p/s
2026-08-20 18:24:40,0 p/s,0 p/s,0 p/s,0 p/s,30.3 p/s,0 p/s,0 p/s,7.63 kp/s,3.65 kp/s,4.01 kp/s,0 p/s,0 p/s,6.14 kp/s,1.46 kp/s,47.4 p/s,0 p/s,0 p/s,0 p/s,0 p/s,0 p/s,754 p/s,0 p/s,0 p/s,20.6 kp/s,8.08 kp/s,13.3 kp/s,0 p/s,0 p/s,2.90 kp/s,6.25 kp/s,12.3 kp/s,0 p/s
2026-08-20 18:25:00,0 p/s,0 p/s,0 p/s,0 p/s,30.1 p/s,0 p/s,0 p/s,7.72 kp/s,3.70 kp/s,4.06 kp/s,0 p/s,0 p/s,6.24 kp/s,1.48 kp/s,48.3 p/s,0 p/s,0 p/s,0 p/s,0 p/s,0 p/s,595 p/s,0 p/s,0 p/s,20.7 kp/s,8.12 kp/s,13.3 kp/s,0 p/s,0 p/s,2.93 kp/s,6.41 kp/s,12.4 kp/s,0 p/s
2026-08-20 18:25:20,0 p/s,0 p/s,0 p/s,0 p/s,30.5 p/s,0 p/s,0 p/s,7.91 kp/s,3.79 kp/s,4.15 kp/s,0 p/s,0 p/s,6.40 kp/s,1.51 kp/s,49.3 p/s,0 p/s,0 p/s,0 p/s,0 p/s,0 p/s,426 p/s,0 p/s,0 p/s,20.0 kp/s,9.19 kp/s,11.5 kp/s,0 p/s,0 p/s,2.78 kp/s,7.72 kp/s,10.5 kp/s,0 p/s
2026-08-20 18:25:40,0 p/s,0 p/s,0 p/s,0 p/s,30.3 p/s,0 p/s,0 p/s,7.80 kp/s,3.72 kp/s,4.10 kp/s,0 p/s,0 p/s,6.26 kp/s,1.49 kp/s,47.6 p/s,0 p/s,0 p/s,0 p/s,0 p/s,0 p/s,355 p/s,0 p/s,0 p/s,17.8 kp/s,9.11 kp/s,9.27 kp/s,0 p/s,0 p/s,2.47 kp/s,7.99 kp/s,8.32 kp/s,0 p/s
2026-08-20 18:26:00,0 p/s,0 p/s,0 p/s,0 p/s,30.8 p/s,0 p/s,0 p/s,7.84 kp/s,3.73 kp/s,4.11 kp/s,0 p/s,0 p/s,6.29 kp/s,1.50 kp/s,47.6 p/s,0 p/s,0 p/s,0 p/s,0 p/s,0 p/s,280 p/s,0 p/s,0 p/s,16.2 kp/s,9.65 kp/s,7.13 kp/s,0 p/s,0 p/s,2.24 kp/s,8.71 kp/s,6.26 kp/s,0 p/s
2026-08-20 18:26:20,0 p/s,0 p/s,0 p/s,0 p/s,31.7 p/s,0 p/s,0 p/s,8.20 kp/s,3.96 kp/s,4.28 kp/s,0 p/s,0 p/s,6.60 kp/s,1.57 kp/s,51.9 p/s,0 p/s,0 p/s,0 p/s,0 p/s,0 p/s,24.1 p/s,0 p/s,0 p/s,12.9 kp/s,11.2 kp/s,1.85 kp/s,0 p/s,0 p/s,1.46 kp/s,10.8 kp/s,1.22 kp/s,0 p/s
2026-08-20 18:26:40,0 p/s,0 p/s,0 p/s,0 p/s,32.5 p/s,0 p/s,0 p/s,8.53 kp/s,4.12 kp/s,4.42 kp/s,0 p/s,0 p/s,6.87 kp/s,1.63 kp/s,54.1 p/s,0 p/s,0 p/s,0 p/s,0 p/s,0 p/s,18.4 p/s,0 p/s,0 p/s,13.2 kp/s,11.8 kp/s,1.41 kp/s,0 p/s,0 p/s,1.04 kp/s,11.5 kp/s,769 p/s,0 p/s
2026-08-20 18:27:00,0 p/s,0 p/s,0 p/s,0 p/s,32.3 p/s,0 p/s,0 p/s,8.59 kp/s,4.14 kp/s,4.46 kp/s,0 p/s,0 p/s,6.92 kp/s,1.64 kp/s,55.1 p/s,0 p/s,0 p/s,0 p/s,0 p/s,0 p/s,18.5 p/s,0 p/s,0 p/s,13.4 kp/s,12.0 kp/s,1.44 kp/s,0 p/s,0 p/s,1.07 kp/s,11.8 kp/s,781 p/s,0 p/s
2026-08-20 18:27:20,0 p/s,0 p/s,0 p/s,0 p/s,32.5 p/s,0 p/s,0 p/s,8.53 kp/s,4.13 kp/s,4.42 kp/s,0 p/s,0 p/s,6.86 kp/s,1.63 kp/s,54.4 p/s,0 p/s,0 p/s,0 p/s,0 p/s,0 p/s,18.5 p/s,0 p/s,0 p/s,13.5 kp/s,12.1 kp/s,1.45 kp/s,0 p/s,0 p/s,1.07 kp/s,11.9 kp/s,788 p/s,0 p/s
2026-08-20 18:27:40,0 p/s,0 p/s,0 p/s,0 p/s,31.8 p/s,0 p/s,0 p/s,8.48 kp/s,4.10 kp/s,4.39 kp/s,0 p/s,0 p/s,6.84 kp/s,1.62 kp/s,53.5 p/s,0 p/s,0 p/s,0 p/s,0 p/s,0 p/s,18.3 p/s,0 p/s,0 p/s,13.6 kp/s,12.2 kp/s,1.45 kp/s,0 p/s,0 p/s,1.07 kp/s,11.9 kp/s,791 p/s,0 p/s
2026-08-20 18:28:00,0 p/s,0 p/s,0 p/s,0 p/s,31.6 p/s,0 p/s,0 p/s,8.43 kp/s,4.08 kp/s,4.37 kp/s,0 p/s,0 p/s,6.79 kp/s,1.61 kp/s,53.4 p/s,0 p/s,0 p/s,0 p/s,0 p/s,0 p/s,18.5 p/s,0 p/s,0 p/s,13.6 kp/s,12.2 kp/s,1.46 kp/s,0 p/s,0 p/s,1.07 kp/s,11.9 kp/s,791 p/s,0 p/s
2026-08-20 18:28:20,0 p/s,0 p/s,0 p/s,0 p/s,32.1 p/s,0 p/s,0 p/s,8.41 kp/s,4.04 kp/s,4.38 kp/s,0 p/s,0 p/s,6.78 kp/s,1.61 kp/s,52.9 p/s,0 p/s,0 p/s,0 p/s,0 p/s,0 p/s,18.5 p/s,0 p/s,0 p/s,13.5 kp/s,12.0 kp/s,1.44 kp/s,0 p/s,0 p/s,1.06 kp/s,11.8 kp/s,786 p/s,0 p/s
2026-08-20 18:28:40,0 p/s,0 p/s,0 p/s,0 p/s,31.9 p/s,0 p/s,0 p/s,8.31 kp/s,4.00 kp/s,4.32 kp/s,0 p/s,0 p/s,6.69 kp/s,1.59 kp/s,52.7 p/s,0 p/s,0 p/s,0 p/s,0 p/s,0 p/s,18.2 p/s,0 p/s,0 p/s,13.4 kp/s,11.9 kp/s,1.43 kp/s,0 p/s,0 p/s,1.05 kp/s,11.7 kp/s,778 p/s,0 p/s
2026-08-20 18:29:00,0 p/s,0 p/s,0 p/s,0 p/s,32.1 p/s,0 p/s,0 p/s,8.34 kp/s,4.03 kp/s,4.33 kp/s,0 p/s,0 p/s,6.72 kp/s,1.59 kp/s,52.5 p/s,0 p/s,0 p/s,0 p/s,0 p/s,0 p/s,18.4 p/s,0 p/s,0 p/s,13.5 kp/s,12.1 kp/s,1.44 kp/s,0 p/s,0 p/s,1.07 kp/s,11.8 kp/s,788 p/s,0 p/s
2026-08-20 18:29:20,0 p/s,0 p/s,0 p/s,0 p/s,31.9 p/s,0 p/s,0 p/s,8.36 kp/s,4.02 kp/s,4.36 kp/s,0 p/s,0 p/s,6.74 kp/s,1.60 kp/s,52.2 p/s,0 p/s,0 p/s,0 p/s,0 p/s,0 p/s,18.1 p/s,0 p/s,0 p/s,13.3 kp/s,11.9 kp/s,1.42 kp/s,0 p/s,0 p/s,1.05 kp/s,11.7 kp/s,778 p/s,0 p/s
2026-08-20 18:29:40,0 p/s,0 p/s,0 p/s,0 p/s,32.2 p/s,0 p/s,0 p/s,8.40 kp/s,4.05 kp/s,4.36 kp/s,0 p/s,0 p/s,6.77 kp/s,1.60 kp/s,53.6 p/s,0 p/s,0 p/s,0 p/s,0 p/s,0 p/s,18.3 p/s,0 p/s,0 p/s,13.5 kp/s,12.0 kp/s,1.44 kp/s,0 p/s,0 p/s,1.06 kp/s,11.8 kp/s,781 p/s,0 p/s
2026-08-20 18:30:00,0 p/s,0 p/s,0 p/s,0 p/s,31.3 p/s,0 p/s,0 p/s,8.29 kp/s,3.99 kp/s,4.31 kp/s,0 p/s,0 p/s,6.68 kp/s,1.58 kp/s,52.9 p/s,0 p/s,0 p/s,0 p/s,0 p/s,0 p/s,18.3 p/s,0 p/s,0 p/s,13.5 kp/s,12.0 kp/s,1.44 kp/s,0 p/s,0 p/s,1.06 kp/s,11.8 kp/s,784 p/s,0 p/s
2026-08-20 18:30:20,0 p/s,0 p/s,0 p/s,0 p/s,32.7 p/s,0 p/s,0 p/s,8.49 kp/s,4.11 kp/s,4.41 kp/s,0 p/s,0 p/s,6.83 kp/s,1.62 kp/s,53.8 p/s,0 p/s,0 p/s,0 p/s,0 p/s,0 p/s,18.3 p/s,0 p/s,0 p/s,13.4 kp/s,11.9 kp/s,1.43 kp/s,0 p/s,0 p/s,1.05 kp/s,11.7 kp/s,778 p/s,0 p/s
2026-08-20 18:30:40,0 p/s,0 p/s,0 p/s,0 p/s,31.8 p/s,0 p/s,0 p/s,8.34 kp/s,4.02 kp/s,4.35 kp/s,0 p/s,0 p/s,6.72 kp/s,1.59 kp/s,52.9 p/s,0 p/s,0 p/s,0 p/s,0 p/s,0 p/s,18.5 p/s,0 p/s,0 p/s,13.5 kp/s,12.1 kp/s,1.45 kp/s,0 p/s,0 p/s,1.06 kp/s,11.8 kp/s,787 p/s,0 p/s
2026-08-20 18:31:00,0 p/s,0 p/s,0 p/s,0 p/s,32 p/s,0 p/s,0 p/s,8.41 kp/s,4.05 kp/s,4.38 kp/s,0 p/s,0 p/s,6.77 kp/s,1.61 kp/s,52.6 p/s,0 p/s,0 p/s,0 p/s,0 p/s,0 p/s,18.4 p/s,0 p/s,0 p/s,13.5 kp/s,12.0 kp/s,1.44 kp/s,0 p/s,0 p/s,1.06 kp/s,11.8 kp/s,782 p/s,0 p/s
2026-08-20 18:31:20,0 p/s,0 p/s,0 p/s,0 p/s,32.3 p/s,0 p/s,0 p/s,8.43 kp/s,4.07 kp/s,4.39 kp/s,0 p/s,0 p/s,6.79 kp/s,1.61 kp/s,53.9 p/s,0 p/s,0 p/s,0 p/s,0 p/s,0 p/s,18.3 p/s,0 p/s,0 p/s,13.5 kp/s,12.1 kp/s,1.44 kp/s,0 p/s,0 p/s,1.06 kp/s,11.8 kp/s,785 p/s,0 p/s
2026-08-20 18:31:40,0 p/s,0 p/s,0 p/s,0 p/s,31.3 p/s,0 p/s,0 p/s,8.23 kp/s,3.97 kp/s,4.27 kp/s,0 p/s,0 p/s,6.62 kp/s,1.58 kp/s,52.5 p/s,0 p/s,0 p/s,0 p/s,0 p/s,0 p/s,18.3 p/s,0 p/s,0 p/s,13.4 kp/s,12.0 kp/s,1.44 kp/s,0 p/s,0 p/s,1.06 kp/s,11.8 kp/s,782 p/s,0 p/s
2026-08-20 18:32:00,0 p/s,0 p/s,0 p/s,0 p/s,31.5 p/s,0 p/s,0 p/s,8.29 kp/s,4.01 kp/s,4.31 kp/s,0 p/s,0 p/s,6.68 kp/s,1.58 kp/s,52.3 p/s,0 p/s,0 p/s,0 p/s,0 p/s,0 p/s,18.4 p/s,0 p/s,0 p/s,13.5 kp/s,12.0 kp/s,1.44 kp/s,0 p/s,0 p/s,1.06 kp/s,11.8 kp/s,784 p/s,0 p/s
2026-08-20 18:32:20,0 p/s,0 p/s,0 p/s,0 p/s,32 p/s,0 p/s,0 p/s,8.38 kp/s,4.05 kp/s,4.34 kp/s,0 p/s,0 p/s,6.74 kp/s,1.60 kp/s,53.4 p/s,0 p/s,0 p/s,0 p/s,0 p/s,0 p/s,18.6 p/s,0 p/s,0 p/s,13.7 kp/s,12.2 kp/s,1.46 kp/s,0 p/s,0 p/s,1.08 kp/s,12.0 kp/s,797 p/s,0 p/s
2026-08-20 18:32:40,0 p/s,0 p/s,0 p/s,0 p/s,31.7 p/s,0 p/s,0 p/s,8.32 kp/s,4.03 kp/s,4.32 kp/s,0 p/s,0 p/s,6.70 kp/s,1.59 kp/s,52.8 p/s,0 p/s,0 p/s,0 p/s,0 p/s,0 p/s,18.4 p/s,0 p/s,0 p/s,13.5 kp/s,12.1 kp/s,1.45 kp/s,0 p/s,0 p/s,1.07 kp/s,11.8 kp/s,786 p/s,0 p/s
2026-08-20 18:33:00,0 p/s,0 p/s,0 p/s,0 p/s,32 p/s,0 p/s,0 p/s,8.48 kp/s,4.10 kp/s,4.39 kp/s,0 p/s,0 p/s,6.84 kp/s,1.62 kp/s,53.9 p/s,0 p/s,0 p/s,0 p/s,0 p/s,0 p/s,18.1 p/s,0 p/s,0 p/s,13.5 kp/s,12.0 kp/s,1.44 kp/s,0 p/s,0 p/s,1.06 kp/s,11.8 kp/s,786 p/s,0 p/s
2026-08-20 18:33:20,0 p/s,0 p/s,0 p/s,0 p/s,31.9 p/s,0 p/s,0 p/s,8.35 kp/s,4.01 kp/s,4.35 kp/s,0 p/s,0 p/s,6.73 kp/s,1.60 kp/s,52.9 p/s,0 p/s,0 p/s,0 p/s,0 p/s,0 p/s,18.6 p/s,0 p/s,0 p/s,13.6 kp/s,12.1 kp/s,1.46 kp/s,0 p/s,0 p/s,1.07 kp/s,11.9 kp/s,790 p/s,0 p/s
2026-08-20 18:33:40,0 p/s,0 p/s,0 p/s,0 p/s,31.9 p/s,0 p/s,0 p/s,8.38 kp/s,4.04 kp/s,4.35 kp/s,0 p/s,0 p/s,6.74 kp/s,1.60 kp/s,52.9 p/s,0 p/s,0 p/s,0 p/s,0 p/s,0 p/s,18.5 p/s,0 p/s,0 p/s,13.5 kp/s,12.1 kp/s,1.45 kp/s,0 p/s,0 p/s,1.07 kp/s,11.9 kp/s,787 p/s,0 p/s
2026-08-20 18:34:00,0 p/s,0 p/s,0 p/s,0 p/s,31.8 p/s,0 p/s,0 p/s,8.35 kp/s,4.02 kp/s,4.34 kp/s,0 p/s,0 p/s,6.73 kp/s,1.60 kp/s,52.8 p/s,0 p/s,0 p/s,0 p/s,0 p/s,0 p/s,18.3 p/s,0 p/s,0 p/s,13.5 kp/s,12.1 kp/s,1.45 kp/s,0 p/s,0 p/s,1.06 kp/s,11.9 kp/s,788 p/s,0 p/s
2026-08-20 18:34:20,0 p/s,0 p/s,0 p/s,0 p/s,32.1 p/s,0 p/s,0 p/s,8.35 kp/s,4.04 kp/s,4.34 kp/s,0 p/s,0 p/s,6.73 kp/s,1.60 kp/s,53.1 p/s,0 p/s,0 p/s,0 p/s,0 p/s,0 p/s,18.4 p/s,0 p/s,0 p/s,13.5 kp/s,12.0 kp/s,1.44 kp/s,0 p/s,0 p/s,1.06 kp/s,11.8 kp/s,785 p/s,0 p/s
2026-08-20 18:34:40,0 p/s,0 p/s,0 p/s,0 p/s,32.1 p/s,0 p/s,0 p/s,8.40 kp/s,4.07 kp/s,4.35 kp/s,0 p/s,0 p/s,6.76 kp/s,1.60 kp/s,53.7 p/s,0 p/s,0 p/s,0 p/s,0 p/s,0 p/s,18.2 p/s,0 p/s,0 p/s,13.4 kp/s,11.9 kp/s,1.43 kp/s,0 p/s,0 p/s,1.05 kp/s,11.7 kp/s,778 p/s,0 p/s
2026-08-20 18:35:00,0 p/s,0 p/s,0 p/s,0 p/s,32.4 p/s,0 p/s,0 p/s,8.41 kp/s,4.05 kp/s,4.37 kp/s,0 p/s,0 p/s,6.77 kp/s,1.60 kp/s,53.3 p/s,0 p/s,0 p/s,0 p/s,0 p/s,0 p/s,18.6 p/s,0 p/s,0 p/s,13.5 kp/s,12.0 kp/s,1.44 kp/s,0 p/s,0 p/s,1.06 kp/s,11.8 kp/s,785 p/s,0 p/s
2026-08-20 18:35:20,0 p/s,0 p/s,0 p/s,0 p/s,31.4 p/s,0 p/s,0 p/s,8.22 kp/s,3.95 kp/s,4.30 kp/s,0 p/s,0 p/s,6.64 kp/s,1.57 kp/s,52.2 p/s,0 p/s,0 p/s,0 p/s,0 p/s,0 p/s,84.4 p/s,0 p/s,0 p/s,14.5 kp/s,12.6 kp/s,1.81 kp/s,0 p/s,0 p/s,1.78 kp/s,11.8 kp/s,813 p/s,0 p/s
2026-08-20 18:35:40,0 p/s,0 p/s,0 p/s,0 p/s,31.8 p/s,0 p/s,0 p/s,8.16 kp/s,3.92 kp/s,4.26 kp/s,0 p/s,0 p/s,6.57 kp/s,1.56 kp/s,51.1 p/s,0 p/s,0 p/s,0 p/s,0 p/s,0 p/s,102 p/s,0 p/s,0 p/s,15.5 kp/s,12.7 kp/s,2.56 kp/s,0 p/s,0 p/s,3.75 kp/s,10.7 kp/s,772 p/s,0 p/s
2026-08-20 18:36:00,0 p/s,0 p/s,0 p/s,0 p/s,30.7 p/s,0 p/s,0 p/s,8.07 kp/s,3.88 kp/s,4.21 kp/s,0 p/s,0 p/s,6.49 kp/s,1.54 kp/s,50.8 p/s,0 p/s,0 p/s,0 p/s,0 p/s,0 p/s,93.4 p/s,0 p/s,0 p/s,15.9 kp/s,12.6 kp/s,3.28 kp/s,0 p/s,0 p/s,5.37 kp/s,9.64 kp/s,702 p/s,0 p/s
2026-08-20 18:36:20,0 p/s,0 p/s,0 p/s,0 p/s,30.6 p/s,0 p/s,0 p/s,7.84 kp/s,3.76 kp/s,4.11 kp/s,0 p/s,0 p/s,6.31 kp/s,1.50 kp/s,48.8 p/s,0 p/s,0 p/s,0 p/s,0 p/s,0 p/s,82.5 p/s,0 p/s,0 p/s,17.8 kp/s,13.4 kp/s,4.29 kp/s,0 p/s,0 p/s,8.55 kp/s,8.53 kp/s,639 p/s,0 p/s
2026-08-20 18:36:40,0 p/s,0 p/s,0 p/s,0 p/s,30.8 p/s,0 p/s,0 p/s,7.87 kp/s,3.77 kp/s,4.11 kp/s,0 p/s,0 p/s,6.33 kp/s,1.51 kp/s,48.6 p/s,0 p/s,0 p/s,0 p/s,0 p/s,0 p/s,79.1 p/s,0 p/s,0 p/s,18.5 kp/s,13.8 kp/s,4.67 kp/s,0 p/s,0 p/s,9.79 kp/s,8.08 kp/s,607 p/s,0 p/s
2026-08-20 18:37:00,0 p/s,0 p/s,0 p/s,0 p/s,30.9 p/s,0 p/s,0 p/s,7.77 kp/s,3.73 kp/s,4.08 kp/s,0 p/s,0 p/s,6.25 kp/s,1.48 kp/s,48.2 p/s,0 p/s,0 p/s,0 p/s,0 p/s,0 p/s,73.7 p/s,0 p/s,0 p/s,19.1 kp/s,14.1 kp/s,5.09 kp/s,0 p/s,0 p/s,10.9 kp/s,7.67 kp/s,574 p/s,0 p/s
2026-08-20 18:37:20,0 p/s,0 p/s,0 p/s,0 p/s,30.5 p/s,0 p/s,0 p/s,7.74 kp/s,3.70 kp/s,4.06 kp/s,0 p/s,0 p/s,6.23 kp/s,1.48 kp/s,48.4 p/s,0 p/s,0 p/s,0 p/s,0 p/s,0 p/s,71.4 p/s,0 p/s,0 p/s,19.1 kp/s,13.9 kp/s,5.18 kp/s,0 p/s,0 p/s,11.2 kp/s,7.42 kp/s,554 p/s,0 p/s
2026-08-20 18:37:40,0 p/s,0 p/s,0 p/s,0 p/s,30.7 p/s,0 p/s,0 p/s,7.80 kp/s,3.75 kp/s,4.09 kp/s,0 p/s,0 p/s,6.27 kp/s,1.49 kp/s,48.2 p/s,0 p/s,0 p/s,0 p/s,0 p/s,0 p/s,73.1 p/s,0 p/s,0 p/s,19.4 kp/s,14.1 kp/s,5.26 kp/s,0 p/s,0 p/s,11.4 kp/s,7.55 kp/s,566 p/s,0 p/s
2026-08-20 18:38:00,0 p/s,0 p/s,0 p/s,0 p/s,30.5 p/s,0 p/s,0 p/s,7.73 kp/s,3.70 kp/s,4.04 kp/s,0 p/s,0 p/s,6.22 kp/s,1.48 kp/s,48.5 p/s,0 p/s,0 p/s,0 p/s,0 p/s,0 p/s,72.5 p/s,0 p/s,0 p/s,19.2 kp/s,14.0 kp/s,5.22 kp/s,0 p/s,0 p/s,11.3 kp/s,7.47 kp/s,558 p/s,0 p/s
2026-08-20 18:38:20,0 p/s,0 p/s,0 p/s,0 p/s,30.9 p/s,0 p/s,0 p/s,8.05 kp/s,3.86 kp/s,4.20 kp/s,0 p/s,0 p/s,6.47 kp/s,1.54 kp/s,50.5 p/s,0 p/s,0 p/s,0 p/s,0 p/s,0 p/s,76.7 p/s,0 p/s,0 p/s,20.2 kp/s,14.8 kp/s,5.50 kp/s,0 p/s,0 p/s,11.9 kp/s,7.87 kp/s,586 p/s,0 p/s
2026-08-20 18:38:40,0 p/s,0 p/s,0 p/s,0 p/s,31.1 p/s,0 p/s,0 p/s,7.97 kp/s,3.83 kp/s,4.17 kp/s,0 p/s,0 p/s,6.41 kp/s,1.53 kp/s,49.7 p/s,0 p/s,0 p/s,0 p/s,0 p/s,0 p/s,74.3 p/s,0 p/s,0 p/s,19.7 kp/s,14.4 kp/s,5.35 kp/s,0 p/s,0 p/s,11.6 kp/s,7.67 kp/s,572 p/s,0 p/s
2026-08-20 18:39:00,0 p/s,0 p/s,0 p/s,0 p/s,31.1 p/s,0 p/s,0 p/s,7.88 kp/s,3.78 kp/s,4.13 kp/s,0 p/s,0 p/s,6.33 kp/s,1.50 kp/s,49.3 p/s,0 p/s,0 p/s,0 p/s,0 p/s,0 p/s,72.9 p/s,0 p/s,0 p/s,19.4 kp/s,14.2 kp/s,5.29 kp/s,0 p/s,0 p/s,11.4 kp/s,7.56 kp/s,565 p/s,0 p/s
2026-08-20 18:39:20,0 p/s,0 p/s,0 p/s,0 p/s,29.9 p/s,0 p/s,0 p/s,7.78 kp/s,3.73 kp/s,4.07 kp/s,0 p/s,0 p/s,6.26 kp/s,1.49 kp/s,48.5 p/s,0 p/s,0 p/s,0 p/s,0 p/s,0 p/s,71.4 p/s,0 p/s,0 p/s,18.9 kp/s,13.8 kp/s,5.14 kp/s,0 p/s,0 p/s,11.1 kp/s,7.36 kp/s,548 p/s,0 p/s
2026-08-20 18:39:40,0 p/s,0 p/s,0 p/s,0 p/s,29.9 p/s,0 p/s,0 p/s,7.69 kp/s,3.69 kp/s,4.02 kp/s,0 p/s,0 p/s,6.19 kp/s,1.47 kp/s,47.9 p/s,0 p/s,0 p/s,0 p/s,0 p/s,0 p/s,72.5 p/s,0 p/s,0 p/s,19.4 kp/s,14.2 kp/s,5.29 kp/s,0 p/s,0 p/s,11.5 kp/s,7.57 kp/s,564 p/s,0 p/s
2026-08-20 18:40:00,0 p/s,0 p/s,0 p/s,0 p/s,30.3 p/s,0 p/s,0 p/s,7.84 kp/s,3.76 kp/s,4.11 kp/s,0 p/s,0 p/s,6.31 kp/s,1.50 kp/s,48.7 p/s,0 p/s,0 p/s,0 p/s,0 p/s,0 p/s,72.8 p/s,0 p/s,0 p/s,19.1 kp/s,13.9 kp/s,5.19 kp/s,0 p/s,0 p/s,11.2 kp/s,7.43 kp/s,553 p/s,0 p/s
2026-08-20 18:40:20,0 p/s,0 p/s,0 p/s,0 p/s,30.1 p/s,0 p/s,0 p/s,7.73 kp/s,3.71 kp/s,4.03 kp/s,0 p/s,0 p/s,6.21 kp/s,1.48 kp/s,48.7 p/s,0 p/s,0 p/s,0 p/s,0 p/s,0 p/s,72.7 p/s,0 p/s,0 p/s,19.3 kp/s,14.1 kp/s,5.25 kp/s,0 p/s,0 p/s,11.4 kp/s,7.53 kp/s,562 p/s,0 p/s
2026-08-20 18:40:40,0 p/s,0 p/s,0 p/s,0 p/s,29.5 p/s,0 p/s,0 p/s,7.65 kp/s,3.66 kp/s,4.01 kp/s,0 p/s,0 p/s,6.16 kp/s,1.46 kp/s,48.2 p/s,0 p/s,0 p/s,0 p/s,0 p/s,0 p/s,73.1 p/s,0 p/s,0 p/s,19.4 kp/s,14.1 kp/s,5.27 kp/s,0 p/s,0 p/s,11.4 kp/s,7.54 kp/s,562 p/s,0 p/s
2026-08-20 18:41:00,0 p/s,0 p/s,0 p/s,0 p/s,30.1 p/s,0 p/s,0 p/s,7.73 kp/s,3.72 kp/s,4.05 kp/s,0 p/s,0 p/s,6.22 kp/s,1.48 kp/s,48 p/s,0 p/s,0 p/s,0 p/s,0 p/s,0 p/s,73.2 p/s,0 p/s,0 p/s,19.3 kp/s,14.1 kp/s,5.25 kp/s,0 p/s,0 p/s,11.4 kp/s,7.51 kp/s,559 p/s,0 p/s
2026-08-20 18:41:20,0 p/s,0 p/s,0 p/s,0 p/s,30.5 p/s,0 p/s,0 p/s,7.87 kp/s,3.77 kp/s,4.12 kp/s,0 p/s,0 p/s,6.32 kp/s,1.51 kp/s,48.7 p/s,0 p/s,0 p/s,0 p/s,0 p/s,0 p/s,73.6 p/s,0 p/s,0 p/s,19.4 kp/s,14.1 kp/s,5.26 kp/s,0 p/s,0 p/s,11.4 kp/s,7.54 kp/s,562 p/s,0 p/s
2026-08-20 18:41:40,0 p/s,0 p/s,0 p/s,0 p/s,30.1 p/s,0 p/s,0 p/s,7.79 kp/s,3.73 kp/s,4.08 kp/s,0 p/s,0 p/s,6.27 kp/s,1.49 kp/s,48.7 p/s,0 p/s,0 p/s,0 p/s,0 p/s,0 p/s,72.1 p/s,0 p/s,0 p/s,19.1 kp/s,13.9 kp/s,5.19 kp/s,0 p/s,0 p/s,11.2 kp/s,7.42 kp/s,553 p/s,0 p/s
2026-08-20 18:42:00,0 p/s,0 p/s,0 p/s,0 p/s,29.8 p/s,0 p/s,0 p/s,7.73 kp/s,3.71 kp/s,4.06 kp/s,0 p/s,0 p/s,6.23 kp/s,1.48 kp/s,48.5 p/s,0 p/s,0 p/s,0 p/s,0 p/s,0 p/s,73.8 p/s,0 p/s,0 p/s,19.6 kp/s,14.3 kp/s,5.32 kp/s,0 p/s,0 p/s,11.5 kp/s,7.62 kp/s,568 p/s,0 p/s
2026-08-20 18:42:20,0 p/s,0 p/s,0 p/s,0 p/s,30.1 p/s,0 p/s,0 p/s,7.81 kp/s,3.73 kp/s,4.09 kp/s,0 p/s,0 p/s,6.29 kp/s,1.50 kp/s,48.1 p/s,0 p/s,0 p/s,0 p/s,0 p/s,0 p/s,73.1 p/s,0 p/s,0 p/s,19.1 kp/s,13.9 kp/s,5.18 kp/s,0 p/s,0 p/s,11.2 kp/s,7.44 kp/s,553 p/s,0 p/s
2026-08-20 18:42:40,0 p/s,0 p/s,0 p/s,0 p/s,30.1 p/s,0 p/s,0 p/s,7.74 kp/s,3.72 kp/s,4.05 kp/s,0 p/s,0 p/s,6.23 kp/s,1.48 kp/s,48.6 p/s,0 p/s,0 p/s,0 p/s,0 p/s,0 p/s,74.3 p/s,0 p/s,0 p/s,19.6 kp/s,14.3 kp/s,5.33 kp/s,0 p/s,0 p/s,11.5 kp/s,7.62 kp/s,569 p/s,0 p/s
2026-08-20 18:43:00,0 p/s,0 p/s,0 p/s,0 p/s,29.3 p/s,0 p/s,0 p/s,7.70 kp/s,3.69 kp/s,4.03 kp/s,0 p/s,0 p/s,6.20 kp/s,1.47 kp/s,47.9 p/s,0 p/s,0 p/s,0 p/s,0 p/s,0 p/s,73.3 p/s,0 p/s,0 p/s,19.2 kp/s,14.0 kp/s,5.21 kp/s,0 p/s,0 p/s,11.3 kp/s,7.48 kp/s,557 p/s,0 p/s
2026-08-20 18:43:20,0 p/s,0 p/s,0 p/s,0 p/s,30.2 p/s,0 p/s,0 p/s,7.71 kp/s,3.69 kp/s,4.03 kp/s,0 p/s,0 p/s,6.20 kp/s,1.47 kp/s,47.7 p/s,0 p/s,0 p/s,0 p/s,0 p/s,0 p/s,72.7 p/s,0 p/s,0 p/s,19.1 kp/s,13.9 kp/s,5.19 kp/s,0 p/s,0 p/s,11.2 kp/s,7.44 kp/s,553 p/s,0 p/s
2026-08-20 18:43:40,0 p/s,0 p/s,0 p/s,0 p/s,30.2 p/s,0 p/s,0 p/s,7.75 kp/s,3.72 kp/s,4.06 kp/s,0 p/s,0 p/s,6.24 kp/s,1.48 kp/s,48.6 p/s,0 p/s,0 p/s,0 p/s,0 p/s,0 p/s,74.1 p/s,0 p/s,0 p/s,19.4 kp/s,14.1 kp/s,5.26 kp/s,0 p/s,0 p/s,11.4 kp/s,7.54 kp/s,563 p/s,0 p/s
2026-08-20 18:44:00,0 p/s,0 p/s,0 p/s,0 p/s,30 p/s,0 p/s,0 p/s,7.79 kp/s,3.73 kp/s,4.08 kp/s,0 p/s,0 p/s,6.28 kp/s,1.49 kp/s,48.9 p/s,0 p/s,0 p/s,0 p/s,0 p/s,0 p/s,73.7 p/s,0 p/s,0 p/s,19.4 kp/s,14.2 kp/s,5.27 kp/s,0 p/s,0 p/s,11.4 kp/s,7.56 kp/s,563 p/s,0 p/s
2026-08-20 18:44:20,0 p/s,0 p/s,0 p/s,0 p/s,29.7 p/s,0 p/s,0 p/s,7.68 kp/s,3.69 kp/s,4.02 kp/s,0 p/s,0 p/s,6.19 kp/s,1.47 kp/s,47.9 p/s,0 p/s,0 p/s,0 p/s,0 p/s,0 p/s,73.3 p/s,0 p/s,0 p/s,19.0 kp/s,13.9 kp/s,5.18 kp/s,0 p/s,0 p/s,11.2 kp/s,7.42 kp/s,552 p/s,0 p/s
2026-08-20 18:44:40,0 p/s,0 p/s,0 p/s,0 p/s,29.3 p/s,0 p/s,0 p/s,7.72 kp/s,3.68 kp/s,4.05 kp/s,0 p/s,0 p/s,6.21 kp/s,1.47 kp/s,47.8 p/s,0 p/s,0 p/s,0 p/s,0 p/s,0 p/s,73.3 p/s,0 p/s,0 p/s,19.0 kp/s,13.9 kp/s,5.17 kp/s,0 p/s,0 p/s,11.2 kp/s,7.40 kp/s,550 p/s,0 p/s
2026-08-20 18:45:00,0 p/s,0 p/s,0 p/s,0 p/s,30.1 p/s,0 p/s,0 p/s,7.76 kp/s,3.72 kp/s,4.06 kp/s,0 p/s,0 p/s,6.25 kp/s,1.48 kp/s,48.8 p/s,0 p/s,0 p/s,0 p/s,0 p/s,0 p/s,70.6 p/s,0 p/s,0 p/s,18.9 kp/s,13.8 kp/s,5.14 kp/s,0 p/s,0 p/s,11.1 kp/s,7.37 kp/s,549 p/s,0 p/s
2026-08-20 18:45:20,0 p/s,0 p/s,0 p/s,0 p/s,30.3 p/s,0 p/s,0 p/s,7.77 kp/s,3.72 kp/s,4.07 kp/s,0 p/s,0 p/s,6.26 kp/s,1.48 kp/s,48.5 p/s,0 p/s,0 p/s,0 p/s,0 p/s,0 p/s,96.3 p/s,0 p/s,0 p/s,19.1 kp/s,13.9 kp/s,5.20 kp/s,0 p/s,0 p/s,11.2 kp/s,7.41 kp/s,550 p/s,0 p/s
2026-08-20 18:45:40,0 p/s,0 p/s,0 p/s,0 p/s,29.9 p/s,0 p/s,0 p/s,7.71 kp/s,3.69 kp/s,4.03 kp/s,0 p/s,0 p/s,6.21 kp/s,1.47 kp/s,48.1 p/s,0 p/s,0 p/s,0 p/s,0 p/s,0 p/s,151 p/s,0 p/s,0 p/s,19.8 kp/s,14.0 kp/s,5.76 kp/s,0 p/s,0 p/s,11.7 kp/s,7.55 kp/s,547 p/s,0 p/s
2026-08-20 18:46:00,0 p/s,0 p/s,0 p/s,0 p/s,30.1 p/s,0 p/s,0 p/s,7.69 kp/s,3.66 kp/s,4.04 kp/s,0 p/s,0 p/s,6.18 kp/s,1.47 kp/s,47.1 p/s,0 p/s,0 p/s,0 p/s,0 p/s,0 p/s,170 p/s,0 p/s,0 p/s,20.2 kp/s,13.8 kp/s,6.44 kp/s,0 p/s,0 p/s,11.9 kp/s,7.69 kp/s,569 p/s,0 p/s
2026-08-20 18:46:20,0 p/s,0 p/s,0 p/s,0 p/s,29.5 p/s,0 p/s,0 p/s,7.62 kp/s,3.64 kp/s,4.00 kp/s,0 p/s,0 p/s,6.14 kp/s,1.46 kp/s,47.4 p/s,0 p/s,0 p/s,0 p/s,0 p/s,0 p/s,251 p/s,0 p/s,0 p/s,21.1 kp/s,13.5 kp/s,7.56 kp/s,0 p/s,0 p/s,12.4 kp/s,7.97 kp/s,687 p/s,0 p/s
2026-08-20 18:46:40,0 p/s,0 p/s,0 p/s,0 p/s,29.6 p/s,0 p/s,0 p/s,7.59 kp/s,3.62 kp/s,3.99 kp/s,0 p/s,0 p/s,6.10 kp/s,1.45 kp/s,46.9 p/s,0 p/s,0 p/s,0 p/s,0 p/s,0 p/s,335 p/s,0 p/s,0 p/s,20.8 kp/s,13.1 kp/s,7.86 kp/s,0 p/s,0 p/s,12.3 kp/s,7.93 kp/s,759 p/s,0 p/s
2026-08-20 18:47:00,0 p/s,0 p/s,0 p/s,0 p/s,29.5 p/s,0 p/s,0 p/s,7.51 kp/s,3.58 kp/s,3.96 kp/s,0 p/s,0 p/s,6.05 kp/s,1.43 kp/s,46.7 p/s,0 p/s,0 p/s,0 p/s,0 p/s,0 p/s,360 p/s,0 p/s,0 p/s,20.5 kp/s,12.7 kp/s,8.05 kp/s,0 p/s,0 p/s,12.1 kp/s,7.84 kp/s,757 p/s,0 p/s
2026-08-20 18:47:20,0 p/s,0 p/s,0 p/s,0 p/s,29.6 p/s,0 p/s,0 p/s,7.60 kp/s,3.63 kp/s,3.98 kp/s,0 p/s,0 p/s,6.11 kp/s,1.45 kp/s,47.1 p/s,0 p/s,0 p/s,0 p/s,0 p/s,0 p/s,364 p/s,0 p/s,0 p/s,20.3 kp/s,12.4 kp/s,8.25 kp/s,0 p/s,0 p/s,12.2 kp/s,7.81 kp/s,760 p/s,0 p/s
2026-08-20 18:47:40,0 p/s,0 p/s,0 p/s,0 p/s,29.7 p/s,0 p/s,0 p/s,7.52 kp/s,3.57 kp/s,3.97 kp/s,0 p/s,0 p/s,6.06 kp/s,1.44 kp/s,46.7 p/s,0 p/s,0 p/s,0 p/s,0 p/s,0 p/s,369 p/s,0 p/s,0 p/s,20.6 kp/s,12.6 kp/s,8.37 kp/s,0 p/s,0 p/s,12.3 kp/s,7.92 kp/s,770 p/s,0 p/s
2026-08-20 18:48:00,0 p/s,0 p/s,0 p/s,0 p/s,29.4 p/s,0 p/s,0 p/s,7.53 kp/s,3.60 kp/s,3.95 kp/s,0 p/s,0 p/s,6.07 kp/s,1.44 kp/s,46.7 p/s,0 p/s,0 p/s,0 p/s,0 p/s,0 p/s,362 p/s,0 p/s,0 p/s,20.2 kp/s,12.3 kp/s,8.21 kp/s,0 p/s,0 p/s,12.1 kp/s,7.77 kp/s,756 p/s,0 p/s
2026-08-20 18:48:20,0 p/s,0 p/s,0 p/s,0 p/s,29.5 p/s,0 p/s,0 p/s,7.54 kp/s,3.59 kp/s,3.96 kp/s,0 p/s,0 p/s,6.06 kp/s,1.44 kp/s,46.5 p/s,0 p/s,0 p/s,0 p/s,0 p/s,0 p/s,363 p/s,0 p/s,0 p/s,20.3 kp/s,12.4 kp/s,8.24 kp/s,0 p/s,0 p/s,12.2 kp/s,7.80 kp/s,759 p/s,0 p/s
2026-08-20 18:48:40,0 p/s,0 p/s,0 p/s,0 p/s,29.3 p/s,0 p/s,0 p/s,7.52 kp/s,3.60 kp/s,3.94 kp/s,0 p/s,0 p/s,6.05 kp/s,1.44 kp/s,46.7 p/s,0 p/s,0 p/s,0 p/s,0 p/s,0 p/s,361 p/s,0 p/s,0 p/s,20.2 kp/s,12.3 kp/s,8.19 kp/s,0 p/s,0 p/s,12.1 kp/s,7.76 kp/s,755 p/s,0 p/s
2026-08-20 18:49:00,0 p/s,0 p/s,0 p/s,0 p/s,29.7 p/s,0 p/s,0 p/s,7.59 kp/s,3.62 kp/s,3.99 kp/s,0 p/s,0 p/s,6.11 kp/s,1.45 kp/s,47 p/s,0 p/s,0 p/s,0 p/s,0 p/s,0 p/s,363 p/s,0 p/s,0 p/s,20.3 kp/s,12.4 kp/s,8.25 kp/s,0 p/s,0 p/s,12.2 kp/s,7.81 kp/s,761 p/s,0 p/s
2026-08-20 18:49:20,0 p/s,0 p/s,0 p/s,0 p/s,29 p/s,0 p/s,0 p/s,7.50 kp/s,3.59 kp/s,3.94 kp/s,0 p/s,0 p/s,6.04 kp/s,1.43 kp/s,46.5 p/s,0 p/s,0 p/s,0 p/s,0 p/s,0 p/s,366 p/s,0 p/s,0 p/s,20.5 kp/s,12.5 kp/s,8.30 kp/s,0 p/s,0 p/s,12.2 kp/s,7.86 kp/s,767 p/s,0 p/s
2026-08-20 18:49:40,0 p/s,0 p/s,0 p/s,0 p/s,29.3 p/s,0 p/s,0 p/s,7.57 kp/s,3.62 kp/s,3.96 kp/s,0 p/s,0 p/s,6.09 kp/s,1.45 kp/s,47.2 p/s,0 p/s,0 p/s,0 p/s,0 p/s,0 p/s,364 p/s,0 p/s,0 p/s,20.3 kp/s,12.4 kp/s,8.26 kp/s,0 p/s,0 p/s,12.2 kp/s,7.81 kp/s,759 p/s,0 p/s
2026-08-20 18:50:00,0 p/s,0 p/s,0 p/s,0 p/s,29.1 p/s,0 p/s,0 p/s,7.54 kp/s,3.59 kp/s,3.96 kp/s,0 p/s,0 p/s,6.06 kp/s,1.44 kp/s,46.6 p/s,0 p/s,0 p/s,0 p/s,0 p/s,0 p/s,359 p/s,0 p/s,0 p/s,20.1 kp/s,12.2 kp/s,8.14 kp/s,0 p/s,0 p/s,12.0 kp/s,7.70 kp/s,752 p/s,0 p/s
2026-08-20 18:50:20,0 p/s,0 p/s,0 p/s,0 p/s,29.5 p/s,0 p/s,0 p/s,7.51 kp/s,3.57 kp/s,3.96 kp/s,0 p/s,0 p/s,6.06 kp/s,1.44 kp/s,46.7 p/s,0 p/s,0 p/s,0 p/s,0 p/s,0 p/s,362 p/s,0 p/s,0 p/s,20.2 kp/s,12.3 kp/s,8.19 kp/s,0 p/s,0 p/s,12.1 kp/s,7.75 kp/s,755 p/s,0 p/s
2026-08-20 18:50:40,0 p/s,0 p/s,0 p/s,0 p/s,29.1 p/s,0 p/s,0 p/s,7.58 kp/s,3.62 kp/s,3.98 kp/s,0 p/s,0 p/s,6.10 kp/s,1.45 kp/s,46.9 p/s,0 p/s,0 p/s,0 p/s,0 p/s,0 p/s,360 p/s,0 p/s,0 p/s,20.1 kp/s,12.3 kp/s,8.17 kp/s,0 p/s,0 p/s,12.0 kp/s,7.73 kp/s,753 p/s,0 p/s
2026-08-20 18:51:00,0 p/s,0 p/s,0 p/s,0 p/s,29.4 p/s,0 p/s,0 p/s,7.54 kp/s,3.61 kp/s,3.95 kp/s,0 p/s,0 p/s,6.07 kp/s,1.44 kp/s,47 p/s,0 p/s,0 p/s,0 p/s,0 p/s,0 p/s,366 p/s,0 p/s,0 p/s,20.5 kp/s,12.5 kp/s,8.30 kp/s,0 p/s,0 p/s,12.2 kp/s,7.85 kp/s,765 p/s,0 p/s
2026-08-20 18:51:20,0 p/s,0 p/s,0 p/s,0 p/s,29.6 p/s,0 p/s,0 p/s,7.47 kp/s,3.57 kp/s,3.93 kp/s,0 p/s,0 p/s,6.02 kp/s,1.43 kp/s,46.3 p/s,0 p/s,0 p/s,0 p/s,0 p/s,0 p/s,363 p/s,0 p/s,0 p/s,20.3 kp/s,12.4 kp/s,8.23 kp/s,0 p/s,0 p/s,12.1 kp/s,7.79 kp/s,758 p/s,0 p/s
2026-08-20 18:51:40,0 p/s,0 p/s,0 p/s,0 p/s,29.5 p/s,0 p/s,0 p/s,7.56 kp/s,3.61 kp/s,3.97 kp/s,0 p/s,0 p/s,6.08 kp/s,1.45 kp/s,46.9 p/s,0 p/s,0 p/s,0 p/s,0 p/s,0 p/s,361 p/s,0 p/s,0 p/s,20.1 kp/s,12.3 kp/s,8.16 kp/s,0 p/s,0 p/s,12.0 kp/s,7.73 kp/s,752 p/s,0 p/s
2026-08-20 18:52:00,0 p/s,0 p/s,0 p/s,0 p/s,29.3 p/s,0 p/s,0 p/s,7.52 kp/s,3.60 kp/s,3.96 kp/s,0 p/s,0 p/s,6.05 kp/s,1.44 kp/s,47.1 p/s,0 p/s,0 p/s,0 p/s,0 p/s,0 p/s,362 p/s,0 p/s,0 p/s,20.2 kp/s,12.3 kp/s,8.21 kp/s,0 p/s,0 p/s,12.1 kp/s,7.76 kp/s,756 p/s,0 p/s
2026-08-20 18:52:20,0 p/s,0 p/s,0 p/s,0 p/s,29.8 p/s,0 p/s,0 p/s,7.60 kp/s,3.63 kp/s,3.99 kp/s,0 p/s,0 p/s,6.12 kp/s,1.45 kp/s,47.7 p/s,0 p/s,0 p/s,0 p/s,0 p/s,0 p/s,363 p/s,0 p/s,0 p/s,20.3 kp/s,12.4 kp/s,8.24 kp/s,0 p/s,0 p/s,12.2 kp/s,7.80 kp/s,760 p/s,0 p/s
2026-08-20 18:52:40,0 p/s,0 p/s,0 p/s,0 p/s,29.4 p/s,0 p/s,0 p/s,7.54 kp/s,3.60 kp/s,3.96 kp/s,0 p/s,0 p/s,6.06 kp/s,1.44 kp/s,46.5 p/s,0 p/s,0 p/s,0 p/s,0 p/s,0 p/s,377 p/s,0 p/s,0 p/s,21.0 kp/s,12.9 kp/s,8.54 kp/s,0 p/s,0 p/s,12.6 kp/s,8.09 kp/s,787 p/s,0 p/s
2026-08-20 18:53:00,0 p/s,0 p/s,0 p/s,0 p/s,29.5 p/s,0 p/s,0 p/s,7.55 kp/s,3.59 kp/s,3.97 kp/s,0 p/s,0 p/s,6.07 kp/s,1.44 kp/s,46.8 p/s,0 p/s,0 p/s,0 p/s,0 p/s,0 p/s,361 p/s,0 p/s,0 p/s,20.3 kp/s,12.4 kp/s,8.23 kp/s,0 p/s,0 p/s,12.1 kp/s,7.79 kp/s,757 p/s,0 p/s
2026-08-20 18:53:20,0 p/s,0 p/s,0 p/s,0 p/s,29.5 p/s,0 p/s,0 p/s,7.55 kp/s,3.61 kp/s,3.98 kp/s,0 p/s,0 p/s,6.09 kp/s,1.45 kp/s,47 p/s,0 p/s,0 p/s,0 p/s,0 p/s,0 p/s,364 p/s,0 p/s,0 p/s,20.4 kp/s,12.4 kp/s,8.26 kp/s,0 p/s,0 p/s,12.2 kp/s,7.81 kp/s,761 p/s,0 p/s
2026-08-20 18:53:40,0 p/s,0 p/s,0 p/s,0 p/s,29.3 p/s,0 p/s,0 p/s,7.54 kp/s,3.59 kp/s,3.97 kp/s,0 p/s,0 p/s,6.07 kp/s,1.44 kp/s,46.5 p/s,0 p/s,0 p/s,0 p/s,0 p/s,0 p/s,362 p/s,0 p/s,0 p/s,20.2 kp/s,12.4 kp/s,8.22 kp/s,0 p/s,0 p/s,12.1 kp/s,7.77 kp/s,757 p/s,0 p/s
2026-08-20 18:54:00,0 p/s,0 p/s,0 p/s,0 p/s,29.1 p/s,0 p/s,0 p/s,7.52 kp/s,3.60 kp/s,3.96 kp/s,0 p/s,0 p/s,6.04 kp/s,1.44 kp/s,46.4 p/s,0 p/s,0 p/s,0 p/s,0 p/s,0 p/s,361 p/s,0 p/s,0 p/s,20.2 kp/s,12.4 kp/s,8.20 kp/s,0 p/s,0 p/s,12.1 kp/s,7.77 kp/s,756 p/s,0 p/s
2026-08-20 18:54:20,0 p/s,0 p/s,0 p/s,0 p/s,29.5 p/s,0 p/s,0 p/s,7.61 kp/s,3.64 kp/s,4.00 kp/s,0 p/s,0 p/s,6.13 kp/s,1.46 kp/s,47.4 p/s,0 p/s,0 p/s,0 p/s,0 p/s,0 p/s,369 p/s,0 p/s,0 p/s,20.8 kp/s,12.7 kp/s,8.44 kp/s,0 p/s,0 p/s,12.5 kp/s,7.99 kp/s,778 p/s,0 p/s
2026-08-20 18:54:40,0 p/s,0 p/s,0 p/s,0 p/s,29.7 p/s,0 p/s,0 p/s,7.61 kp/s,3.64 kp/s,3.99 kp/s,0 p/s,0 p/s,6.12 kp/s,1.45 kp/s,47.1 p/s,0 p/s,0 p/s,0 p/s,0 p/s,0 p/s,365 p/s,0 p/s,0 p/s,20.4 kp/s,12.4 kp/s,8.26 kp/s,0 p/s,0 p/s,12.2 kp/s,7.83 kp/s,763 p/s,0 p/s
2026-08-20 18:55:00,0 p/s,0 p/s,0 p/s,0 p/s,29.2 p/s,0 p/s,0 p/s,7.54 kp/s,3.61 kp/s,3.97 kp/s,0 p/s,0 p/s,6.08 kp/s,1.44 kp/s,47.3 p/s,0 p/s,0 p/s,0 p/s,0 p/s,0 p/s,368 p/s,0 p/s,0 p/s,20.6 kp/s,12.6 kp/s,8.36 kp/s,0 p/s,0 p/s,12.3 kp/s,7.90 kp/s,769 p/s,0 p/s
2026-08-20 18:55:20,0 p/s,0 p/s,0 p/s,0 p/s,29.7 p/s,0 p/s,0 p/s,7.52 kp/s,3.58 kp/s,3.96 kp/s,0 p/s,0 p/s,6.05 kp/s,1.44 kp/s,46.5 p/s,0 p/s,0 p/s,0 p/s,0 p/s,0 p/s,358 p/s,0 p/s,0 p/s,20.4 kp/s,12.5 kp/s,8.28 kp/s,0 p/s,0 p/s,12.2 kp/s,7.84 kp/s,765 p/s,0 p/s
2026-08-20 18:55:40,0 p/s,0 p/s,0 p/s,0 p/s,29.8 p/s,0 p/s,0 p/s,7.60 kp/s,3.63 kp/s,3.99 kp/s,0 p/s,0 p/s,6.12 kp/s,1.46 kp/s,46.9 p/s,0 p/s,0 p/s,0 p/s,0 p/s,0 p/s,297 p/s,0 p/s,0 p/s,20.3 kp/s,12.5 kp/s,8.24 kp/s,0 p/s,0 p/s,12.0 kp/s,8.12 kp/s,764 p/s,0 p/s
2026-08-20 18:56:00,0 p/s,0 p/s,0 p/s,0 p/s,30.6 p/s,0 p/s,0 p/s,7.98 kp/s,3.80 kp/s,4.19 kp/s,0 p/s,0 p/s,6.42 kp/s,1.53 kp/s,49.4 p/s,0 p/s,0 p/s,0 p/s,0 p/s,0 p/s,309 p/s,0 p/s,0 p/s,20.2 kp/s,12.8 kp/s,7.90 kp/s,0 p/s,0 p/s,11.4 kp/s,8.72 kp/s,826 p/s,0 p/s
2026-08-20 18:56:20,0 p/s,0 p/s,0 p/s,0 p/s,29.5 p/s,0 p/s,0 p/s,7.76 kp/s,3.70 kp/s,4.07 kp/s,0 p/s,0 p/s,6.25 kp/s,1.48 kp/s,47.4 p/s,0 p/s,0 p/s,0 p/s,0 p/s,0 p/s,301 p/s,0 p/s,0 p/s,18.1 kp/s,12.5 kp/s,6.21 kp/s,0 p/s,0 p/s,8.80 kp/s,9.44 kp/s,836 p/s,0 p/s
2026-08-20 18:56:40,0 p/s,0 p/s,0 p/s,0 p/s,30.5 p/s,0 p/s,0 p/s,8.05 kp/s,3.84 kp/s,4.21 kp/s,0 p/s,0 p/s,6.49 kp/s,1.54 kp/s,50.2 p/s,0 p/s,0 p/s,0 p/s,0 p/s,0 p/s,202 p/s,0 p/s,0 p/s,17.2 kp/s,12.5 kp/s,5.29 kp/s,0 p/s,0 p/s,7.33 kp/s,10.1 kp/s,768 p/s,0 p/s
2026-08-20 18:57:00,0 p/s,0 p/s,0 p/s,0 p/s,31.3 p/s,0 p/s,0 p/s,8.27 kp/s,3.95 kp/s,4.33 kp/s,0 p/s,0 p/s,6.66 kp/s,1.58 kp/s,51.3 p/s,0 p/s,0 p/s,0 p/s,0 p/s,0 p/s,109 p/s,0 p/s,0 p/s,15.4 kp/s,12.0 kp/s,3.95 kp/s,0 p/s,0 p/s,5.10 kp/s,10.6 kp/s,742 p/s,0 p/s
2026-08-20 18:57:20,0 p/s,0 p/s,0 p/s,0 p/s,32.9 p/s,0 p/s,0 p/s,8.71 kp/s,4.16 kp/s,4.55 kp/s,0 p/s,0 p/s,7.04 kp/s,1.67 kp/s,55.6 p/s,0 p/s,0 p/s,0 p/s,0 p/s,0 p/s,19.4 p/s,0 p/s,0 p/s,14.1 kp/s,12.7 kp/s,1.55 kp/s,0 p/s,0 p/s,1.17 kp/s,12.4 kp/s,800 p/s,0 p/s
2026-08-20 18:57:40,0 p/s,0 p/s,0 p/s,0 p/s,32.5 p/s,0 p/s,0 p/s,8.63 kp/s,4.17 kp/s,4.48 kp/s,0 p/s,0 p/s,6.98 kp/s,1.65 kp/s,55.3 p/s,0 p/s,0 p/s,0 p/s,0 p/s,0 p/s,18.9 p/s,0 p/s,0 p/s,13.9 kp/s,12.4 kp/s,1.52 kp/s,0 p/s,0 p/s,1.13 kp/s,12.2 kp/s,787 p/s,0 p/s
2026-08-20 18:58:00,0 p/s,0 p/s,0 p/s,0 p/s,32.1 p/s,0 p/s,0 p/s,8.49 kp/s,4.08 kp/s,4.43 kp/s,0 p/s,0 p/s,6.85 kp/s,1.63 kp/s,53.7 p/s,0 p/s,0 p/s,0 p/s,0 p/s,0 p/s,18.5 p/s,0 p/s,0 p/s,13.5 kp/s,12.1 kp/s,1.47 kp/s,0 p/s,0 p/s,1.11 kp/s,11.8 kp/s,765 p/s,0 p/s
2026-08-20 18:58:20,0 p/s,0 p/s,0 p/s,0 p/s,31.5 p/s,0 p/s,0 p/s,8.42 kp/s,4.04 kp/s,4.39 kp/s,0 p/s,0 p/s,6.78 kp/s,1.61 kp/s,53.5 p/s,0 p/s,0 p/s,0 p/s,0 p/s,0 p/s,18.9 p/s,0 p/s,0 p/s,13.9 kp/s,12.5 kp/s,1.52 kp/s,0 p/s,0 p/s,1.14 kp/s,12.2 kp/s,790 p/s,0 p/s
2026-08-20 18:58:40,0 p/s,0 p/s,0 p/s,0 p/s,31.9 p/s,0 p/s,0 p/s,8.49 kp/s,4.10 kp/s,4.41 kp/s,0 p/s,0 p/s,6.84 kp/s,1.62 kp/s,53.7 p/s,0 p/s,0 p/s,0 p/s,0 p/s,0 p/s,18.7 p/s,0 p/s,0 p/s,13.7 kp/s,12.3 kp/s,1.49 kp/s,0 p/s,0 p/s,1.12 kp/s,12.0 kp/s,776 p/s,0 p/s
2026-08-20 18:59:00,0 p/s,0 p/s,0 p/s,0 p/s,32.4 p/s,0 p/s,0 p/s,8.45 kp/s,4.05 kp/s,4.39 kp/s,0 p/s,0 p/s,6.80 kp/s,1.62 kp/s,53.5 p/s,0 p/s,0 p/s,0 p/s,0 p/s,0 p/s,18.4 p/s,0 p/s,0 p/s,13.6 kp/s,12.2 kp/s,1.48 kp/s,0 p/s,0 p/s,1.11 kp/s,11.9 kp/s,770 p/s,0 p/s
2026-08-20 18:59:20,0 p/s,0 p/s,0 p/s,0 p/s,31.9 p/s,0 p/s,0 p/s,8.43 kp/s,4.04 kp/s,4.40 kp/s,0 p/s,0 p/s,6.78 kp/s,1.61 kp/s,53.1 p/s,0 p/s,0 p/s,0 p/s,0 p/s,0 p/s,18.1 p/s,0 p/s,0 p/s,13.4 kp/s,12.0 kp/s,1.46 kp/s,0 p/s,0 p/s,1.09 kp/s,11.7 kp/s,758 p/s,0 p/s
2026-08-20 18:59:40,0 p/s,0 p/s,0 p/s,0 p/s,32.3 p/s,0 p/s,0 p/s,8.45 kp/s,4.06 kp/s,4.40 kp/s,0 p/s,0 p/s,6.80 kp/s,1.62 kp/s,53.5 p/s,0 p/s,0 p/s,0 p/s,0 p/s,0 p/s,18.4 p/s,0 p/s,0 p/s,13.5 kp/s,12.1 kp/s,1.48 kp/s,0 p/s,0 p/s,1.11 kp/s,11.8 kp/s,767 p/s,0 p/s
2026-08-20 19:00:00,0 p/s,0 p/s,0 p/s,0 p/s,32.1 p/s,0 p/s,0 p/s,8.38 kp/s,4.02 kp/s,4.37 kp/s,0 p/s,0 p/s,6.75 kp/s,1.61 kp/s,52.7 p/s,0 p/s,0 p/s,0 p/s,0 p/s,0 p/s,18.4 p/s,0 p/s,0 p/s,13.5 kp/s,12.1 kp/s,1.48 kp/s,0 p/s,0 p/s,1.11 kp/s,11.8 kp/s,765 p/s,0 p/s
2026-08-20 19:00:20,0 p/s,0 p/s,0 p/s,0 p/s,31.6 p/s,0 p/s,0 p/s,8.39 kp/s,4.03 kp/s,4.37 kp/s,0 p/s,0 p/s,6.76 kp/s,1.60 kp/s,52.8 p/s,0 p/s,0 p/s,0 p/s,0 p/s,0 p/s,18.7 p/s,0 p/s,0 p/s,13.5 kp/s,12.1 kp/s,1.47 kp/s,0 p/s,0 p/s,1.10 kp/s,11.8 kp/s,767 p/s,0 p/s
2026-08-20 19:00:40,0 p/s,0 p/s,0 p/s,0 p/s,31 p/s,0 p/s,0 p/s,8.36 kp/s,4.02 kp/s,4.36 kp/s,0 p/s,0 p/s,6.75 kp/s,1.60 kp/s,53.1 p/s,0 p/s,0 p/s,0 p/s,0 p/s,0 p/s,18.5 p/s,0 p/s,0 p/s,13.4 kp/s,12.0 kp/s,1.46 kp/s,0 p/s,0 p/s,1.09 kp/s,11.7 kp/s,759 p/s,0 p/s
2026-08-20 19:01:00,0 p/s,0 p/s,0 p/s,0 p/s,32.2 p/s,0 p/s,0 p/s,8.43 kp/s,4.06 kp/s,4.38 kp/s,0 p/s,0 p/s,6.79 kp/s,1.61 kp/s,53.9 p/s,0 p/s,0 p/s,0 p/s,0 p/s,0 p/s,18.3 p/s,0 p/s,0 p/s,13.4 kp/s,12.0 kp/s,1.46 kp/s,0 p/s,0 p/s,1.10 kp/s,11.7 kp/s,759 p/s,0 p/s
2026-08-20 19:01:20,0 p/s,0 p/s,0 p/s,0 p/s,31.1 p/s,0 p/s,0 p/s,8.32 kp/s,4.00 kp/s,4.34 kp/s,0 p/s,0 p/s,6.72 kp/s,1.59 kp/s,52.9 p/s,0 p/s,0 p/s,0 p/s,0 p/s,0 p/s,18.3 p/s,0 p/s,0 p/s,13.4 kp/s,12.0 kp/s,1.46 kp/s,0 p/s,0 p/s,1.09 kp/s,11.7 kp/s,758 p/s,0 p/s
2026-08-20 19:01:40,0 p/s,0 p/s,0 p/s,0 p/s,31.7 p/s,0 p/s,0 p/s,8.42 kp/s,4.03 kp/s,4.39 kp/s,0 p/s,0 p/s,6.78 kp/s,1.61 kp/s,53.5 p/s,0 p/s,0 p/s,0 p/s,0 p/s,0 p/s,18.6 p/s,0 p/s,0 p/s,13.6 kp/s,12.2 kp/s,1.49 kp/s,0 p/s,0 p/s,1.12 kp/s,11.9 kp/s,772 p/s,0 p/s
2026-08-20 19:02:00,0 p/s,0 p/s,0 p/s,0 p/s,31.9 p/s,0 p/s,0 p/s,8.40 kp/s,4.06 kp/s,4.37 kp/s,0 p/s,0 p/s,6.77 kp/s,1.61 kp/s,53.4 p/s,0 p/s,0 p/s,0 p/s,0 p/s,0 p/s,18.7 p/s,0 p/s,0 p/s,13.6 kp/s,12.2 kp/s,1.49 kp/s,0 p/s,0 p/s,1.11 kp/s,11.9 kp/s,771 p/s,0 p/s
2026-08-20 19:02:20,0 p/s,0 p/s,0 p/s,0 p/s,31.6 p/s,0 p/s,0 p/s,8.44 kp/s,4.05 kp/s,4.40 kp/s,0 p/s,0 p/s,6.80 kp/s,1.62 kp/s,53.8 p/s,0 p/s,0 p/s,0 p/s,0 p/s,0 p/s,18.4 p/s,0 p/s,0 p/s,13.6 kp/s,12.2 kp/s,1.48 kp/s,0 p/s,0 p/s,1.11 kp/s,11.9 kp/s,768 p/s,0 p/s
2026-08-20 19:02:40,0 p/s,0 p/s,0 p/s,0 p/s,32 p/s,0 p/s,0 p/s,8.41 kp/s,4.03 kp/s,4.38 kp/s,0 p/s,0 p/s,6.77 kp/s,1.61 kp/s,53.3 p/s,0 p/s,0 p/s,0 p/s,0 p/s,0 p/s,18.4 p/s,0 p/s,0 p/s,13.5 kp/s,12.1 kp/s,1.47 kp/s,0 p/s,0 p/s,1.10 kp/s,11.8 kp/s,765 p/s,0 p/s
2026-08-20 19:03:00,0 p/s,0 p/s,0 p/s,0 p/s,31.7 p/s,0 p/s,0 p/s,8.34 kp/s,4.01 kp/s,4.35 kp/s,0 p/s,0 p/s,6.72 kp/s,1.59 kp/s,52.8 p/s,0 p/s,0 p/s,0 p/s,0 p/s,0 p/s,18.5 p/s,0 p/s,0 p/s,13.5 kp/s,12.1 kp/s,1.47 kp/s,0 p/s,0 p/s,1.10 kp/s,11.8 kp/s,764 p/s,0 p/s
2026-08-20 19:03:20,0 p/s,0 p/s,0 p/s,0 p/s,32 p/s,0 p/s,0 p/s,8.40 kp/s,4.03 kp/s,4.37 kp/s,0 p/s,0 p/s,6.78 kp/s,1.61 kp/s,53.3 p/s,0 p/s,0 p/s,0 p/s,0 p/s,0 p/s,18.7 p/s,0 p/s,0 p/s,13.6 kp/s,12.2 kp/s,1.48 kp/s,0 p/s,0 p/s,1.11 kp/s,11.9 kp/s,774 p/s,0 p/s
2026-08-20 19:03:40,0 p/s,0 p/s,0 p/s,0 p/s,31.7 p/s,0 p/s,0 p/s,8.46 kp/s,4.06 kp/s,4.41 kp/s,0 p/s,0 p/s,6.82 kp/s,1.62 kp/s,53.5 p/s,0 p/s,0 p/s,0 p/s,0 p/s,0 p/s,18.4 p/s,0 p/s,0 p/s,13.4 kp/s,12.0 kp/s,1.46 kp/s,0 p/s,0 p/s,1.09 kp/s,11.7 kp/s,761 p/s,0 p/s
2026-08-20 19:04:00,0 p/s,0 p/s,0 p/s,0 p/s,31.3 p/s,0 p/s,0 p/s,8.41 kp/s,4.05 kp/s,4.37 kp/s,0 p/s,0 p/s,6.77 kp/s,1.61 kp/s,53.7 p/s,0 p/s,0 p/s,0 p/s,0 p/s,0 p/s,18.5 p/s,0 p/s,0 p/s,13.5 kp/s,12.1 kp/s,1.47 kp/s,0 p/s,0 p/s,1.10 kp/s,11.8 kp/s,764 p/s,0 p/s
2026-08-20 19:04:20,0 p/s,0 p/s,0 p/s,0 p/s,32.1 p/s,0 p/s,0 p/s,8.45 kp/s,4.05 kp/s,4.41 kp/s,0 p/s,0 p/s,6.80 kp/s,1.62 kp/s,53.3 p/s,0 p/s,0 p/s,0 p/s,0 p/s,0 p/s,18.9 p/s,0 p/s,0 p/s,13.7 kp/s,12.3 kp/s,1.49 kp/s,0 p/s,0 p/s,1.12 kp/s,12.0 kp/s,777 p/s,0 p/s
2026-08-20 19:04:40,0 p/s,0 p/s,0 p/s,0 p/s,32.3 p/s,0 p/s,0 p/s,8.43 kp/s,4.04 kp/s,4.40 kp/s,0 p/s,0 p/s,6.78 kp/s,1.62 kp/s,53.7 p/s,0 p/s,0 p/s,0 p/s,0 p/s,0 p/s,18.6 p/s,0 p/s,0 p/s,13.6 kp/s,12.2 kp/s,1.49 kp/s,0 p/s,0 p/s,1.12 kp/s,11.9 kp/s,770 p/s,0 p/s
2026-08-20 19:05:00,0 p/s,0 p/s,0 p/s,0 p/s,31.1 p/s,0 p/s,0 p/s,8.30 kp/s,3.98 kp/s,4.33 kp/s,0 p/s,0 p/s,6.70 kp/s,1.59 kp/s,52.5 p/s,0 p/s,0 p/s,0 p/s,0 p/s,0 p/s,18.5 p/s,0 p/s,0 p/s,13.6 kp/s,12.2 kp/s,1.48 kp/s,0 p/s,0 p/s,1.11 kp/s,11.9 kp/s,773 p/s,0 p/s
2026-08-20 19:05:20,0 p/s,0 p/s,0 p/s,0 p/s,31.5 p/s,0 p/s,0 p/s,8.38 kp/s,4.03 kp/s,4.36 kp/s,0 p/s,0 p/s,6.77 kp/s,1.60 kp/s,53 p/s,0 p/s,0 p/s,0 p/s,0 p/s,0 p/s,18.6 p/s,0 p/s,0 p/s,13.5 kp/s,12.1 kp/s,1.47 kp/s,0 p/s,0 p/s,1.10 kp/s,11.8 kp/s,763 p/s,0 p/s
2026-08-20 19:05:40,0 p/s,0 p/s,0 p/s,0 p/s,32.1 p/s,0 p/s,0 p/s,8.41 kp/s,4.04 kp/s,4.40 kp/s,0 p/s,0 p/s,6.77 kp/s,1.61 kp/s,52.9 p/s,0 p/s,0 p/s,0 p/s,0 p/s,0 p/s,18.5 p/s,0 p/s,0 p/s,13.5 kp/s,12.1 kp/s,1.47 kp/s,0 p/s,0 p/s,1.10 kp/s,11.8 kp/s,766 p/s,0 p/s
2026-08-20 19:06:00,0 p/s,0 p/s,0 p/s,0 p/s,32 p/s,0 p/s,0 p/s,8.42 kp/s,4.04 kp/s,4.39 kp/s,0 p/s,0 p/s,6.79 kp/s,1.61 kp/s,53.7 p/s,0 p/s,0 p/s,0 p/s,0 p/s,0 p/s,18.7 p/s,0 p/s,0 p/s,13.5 kp/s,12.1 kp/s,1.47 kp/s,0 p/s,0 p/s,1.11 kp/s,11.8 kp/s,768 p/s,0 p/s
2026-08-20 19:06:20,0 p/s,0 p/s,0 p/s,0 p/s,31.4 p/s,0 p/s,0 p/s,8.17 kp/s,3.90 kp/s,4.27 kp/s,0 p/s,0 p/s,6.57 kp/s,1.56 kp/s,50.9 p/s,0 p/s,0 p/s,0 p/s,0 p/s,0 p/s,108 p/s,0 p/s,0 p/s,15.5 kp/s,13.6 kp/s,1.77 kp/s,0 p/s,0 p/s,3.30 kp/s,11.1 kp/s,995 p/s,0 p/s
2026-08-20 19:06:40,0 p/s,0 p/s,0 p/s,0 p/s,31.1 p/s,0 p/s,0 p/s,8.06 kp/s,3.85 kp/s,4.22 kp/s,0 p/s,0 p/s,6.49 kp/s,1.54 kp/s,50.4 p/s,0 p/s,0 p/s,0 p/s,0 p/s,0 p/s,97.8 p/s,0 p/s,0 p/s,16.0 kp/s,14.0 kp/s,1.98 kp/s,0 p/s,0 p/s,4.78 kp/s,10.00 kp/s,1.10 kp/s,0 p/s
2026-08-20 19:07:00,0 p/s,0 p/s,0 p/s,0 p/s,30.8 p/s,0 p/s,0 p/s,7.98 kp/s,3.80 kp/s,4.17 kp/s,0 p/s,0 p/s,6.41 kp/s,1.52 kp/s,49.7 p/s,0 p/s,0 p/s,0 p/s,0 p/s,0 p/s,89.4 p/s,0 p/s,0 p/s,16.6 kp/s,14.3 kp/s,2.15 kp/s,0 p/s,0 p/s,6.17 kp/s,9.12 kp/s,1.18 kp/s,0 p/s
2026-08-20 19:07:20,0 p/s,0 p/s,0 p/s,0 p/s,30.4 p/s,0 p/s,0 p/s,7.89 kp/s,3.77 kp/s,4.13 kp/s,0 p/s,0 p/s,6.34 kp/s,1.50 kp/s,48.3 p/s,0 p/s,0 p/s,0 p/s,0 p/s,0 p/s,77.3 p/s,0 p/s,0 p/s,18.1 kp/s,15.5 kp/s,2.54 kp/s,0 p/s,0 p/s,8.53 kp/s,8.07 kp/s,1.44 kp/s,0 p/s
2026-08-20 19:07:40,0 p/s,0 p/s,0 p/s,0 p/s,29.7 p/s,0 p/s,0 p/s,7.90 kp/s,3.75 kp/s,4.14 kp/s,0 p/s,0 p/s,6.35 kp/s,1.51 kp/s,48.2 p/s,0 p/s,0 p/s,0 p/s,0 p/s,0 p/s,75.1 p/s,0 p/s,0 p/s,19.1 kp/s,16.3 kp/s,2.81 kp/s,0 p/s,0 p/s,9.64 kp/s,7.81 kp/s,1.58 kp/s,0 p/s
2026-08-20 19:08:00,0 p/s,0 p/s,0 p/s,0 p/s,29.7 p/s,0 p/s,0 p/s,7.86 kp/s,3.75 kp/s,4.12 kp/s,0 p/s,0 p/s,6.33 kp/s,1.50 kp/s,48.7 p/s,0 p/s,0 p/s,0 p/s,0 p/s,0 p/s,72.1 p/s,0 p/s,0 p/s,19.0 kp/s,16.2 kp/s,2.88 kp/s,0 p/s,0 p/s,10.1 kp/s,7.55 kp/s,1.57 kp/s,0 p/s
2026-08-20 19:08:20,0 p/s,0 p/s,0 p/s,0 p/s,30.3 p/s,0 p/s,0 p/s,7.83 kp/s,3.73 kp/s,4.11 kp/s,0 p/s,0 p/s,6.29 kp/s,1.50 kp/s,47.9 p/s,0 p/s,0 p/s,0 p/s,0 p/s,0 p/s,72.9 p/s,0 p/s,0 p/s,19.1 kp/s,16.3 kp/s,2.89 kp/s,0 p/s,0 p/s,10.1 kp/s,7.59 kp/s,1.57 kp/s,0 p/s
2026-08-20 19:08:40,0 p/s,0 p/s,0 p/s,0 p/s,30.1 p/s,0 p/s,0 p/s,7.73 kp/s,3.67 kp/s,4.06 kp/s,0 p/s,0 p/s,6.23 kp/s,1.48 kp/s,47.9 p/s,0 p/s,0 p/s,0 p/s,0 p/s,0 p/s,72.3 p/s,0 p/s,0 p/s,18.9 kp/s,16.1 kp/s,2.86 kp/s,0 p/s,0 p/s,10.0 kp/s,7.48 kp/s,1.55 kp/s,0 p/s
2026-08-20 19:09:00,0 p/s,0 p/s,0 p/s,0 p/s,30 p/s,0 p/s,0 p/s,7.75 kp/s,3.69 kp/s,4.06 kp/s,0 p/s,0 p/s,6.22 kp/s,1.48 kp/s,48.1 p/s,0 p/s,0 p/s,0 p/s,0 p/s,0 p/s,74.2 p/s,0 p/s,0 p/s,19.3 kp/s,16.5 kp/s,2.92 kp/s,0 p/s,0 p/s,10.2 kp/s,7.66 kp/s,1.59 kp/s,0 p/s
2026-08-20 19:09:20,0 p/s,0 p/s,0 p/s,0 p/s,29.9 p/s,0 p/s,0 p/s,7.86 kp/s,3.76 kp/s,4.12 kp/s,0 p/s,0 p/s,6.32 kp/s,1.51 kp/s,49.1 p/s,0 p/s,0 p/s,0 p/s,0 p/s,0 p/s,71.6 p/s,0 p/s,0 p/s,18.9 kp/s,16.1 kp/s,2.85 kp/s,0 p/s,0 p/s,10.0 kp/s,7.49 kp/s,1.55 kp/s,0 p/s
2026-08-20 19:09:40,0 p/s,0 p/s,0 p/s,0 p/s,30.1 p/s,0 p/s,0 p/s,7.73 kp/s,3.69 kp/s,4.06 kp/s,0 p/s,0 p/s,6.23 kp/s,1.48 kp/s,48.1 p/s,0 p/s,0 p/s,0 p/s,0 p/s,0 p/s,72.5 p/s,0 p/s,0 p/s,18.9 kp/s,16.1 kp/s,2.86 kp/s,0 p/s,0 p/s,10.0 kp/s,7.51 kp/s,1.55 kp/s,0 p/s
2026-08-20 19:10:00,0 p/s,0 p/s,0 p/s,0 p/s,29.8 p/s,0 p/s,0 p/s,7.79 kp/s,3.71 kp/s,4.08 kp/s,0 p/s,0 p/s,6.25 kp/s,1.49 kp/s,48.1 p/s,0 p/s,0 p/s,0 p/s,0 p/s,0 p/s,73.9 p/s,0 p/s,0 p/s,19.4 kp/s,16.5 kp/s,2.93 kp/s,0 p/s,0 p/s,10.3 kp/s,7.67 kp/s,1.59 kp/s,0 p/s
2026-08-20 19:10:20,0 p/s,0 p/s,0 p/s,0 p/s,30.1 p/s,0 p/s,0 p/s,7.77 kp/s,3.70 kp/s,4.07 kp/s,0 p/s,0 p/s,6.25 kp/s,1.48 kp/s,48.3 p/s,0 p/s,0 p/s,0 p/s,0 p/s,0 p/s,72.2 p/s,0 p/s,0 p/s,19.0 kp/s,16.2 kp/s,2.88 kp/s,0 p/s,0 p/s,10.1 kp/s,7.55 kp/s,1.56 kp/s,0 p/s
2026-08-20 19:10:40,0 p/s,0 p/s,0 p/s,0 p/s,30.3 p/s,0 p/s,0 p/s,7.90 kp/s,3.78 kp/s,4.14 kp/s,0 p/s,0 p/s,6.37 kp/s,1.51 kp/s,49.1 p/s,0 p/s,0 p/s,0 p/s,0 p/s,0 p/s,72.2 p/s,0 p/s,0 p/s,18.9 kp/s,16.1 kp/s,2.86 kp/s,0 p/s,0 p/s,10.0 kp/s,7.51 kp/s,1.55 kp/s,0 p/s
2026-08-20 19:11:00,0 p/s,0 p/s,0 p/s,0 p/s,30.1 p/s,0 p/s,0 p/s,7.87 kp/s,3.76 kp/s,4.13 kp/s,0 p/s,0 p/s,6.35 kp/s,1.50 kp/s,48.7 p/s,0 p/s,0 p/s,0 p/s,0 p/s,0 p/s,72 p/s,0 p/s,0 p/s,18.9 kp/s,16.1 kp/s,2.86 kp/s,0 p/s,0 p/s,10.0 kp/s,7.48 kp/s,1.55 kp/s,0 p/s
2026-08-20 19:11:20,0 p/s,0 p/s,0 p/s,0 p/s,29.9 p/s,0 p/s,0 p/s,7.75 kp/s,3.69 kp/s,4.08 kp/s,0 p/s,0 p/s,6.22 kp/s,1.48 kp/s,48.3 p/s,0 p/s,0 p/s,0 p/s,0 p/s,0 p/s,72.4 p/s,0 p/s,0 p/s,19.1 kp/s,16.3 kp/s,2.88 kp/s,0 p/s,0 p/s,10.1 kp/s,7.58 kp/s,1.57 kp/s,0 p/s
2026-08-20 19:11:40,0 p/s,0 p/s,0 p/s,0 p/s,30.3 p/s,0 p/s,0 p/s,7.80 kp/s,3.72 kp/s,4.09 kp/s,0 p/s,0 p/s,6.28 kp/s,1.49 kp/s,47.9 p/s,0 p/s,0 p/s,0 p/s,0 p/s,0 p/s,73.9 p/s,0 p/s,0 p/s,19.3 kp/s,16.5 kp/s,2.92 kp/s,0 p/s,0 p/s,10.3 kp/s,7.66 kp/s,1.59 kp/s,0 p/s
2026-08-20 19:12:00,0 p/s,0 p/s,0 p/s,0 p/s,30.4 p/s,0 p/s,0 p/s,7.84 kp/s,3.73 kp/s,4.12 kp/s,0 p/s,0 p/s,6.31 kp/s,1.50 kp/s,48.9 p/s,0 p/s,0 p/s,0 p/s,0 p/s,0 p/s,73.3 p/s,0 p/s,0 p/s,19.1 kp/s,16.3 kp/s,2.89 kp/s,0 p/s,0 p/s,10.1 kp/s,7.57 kp/s,1.57 kp/s,0 p/s
2026-08-20 19:12:20,0 p/s,0 p/s,0 p/s,0 p/s,30 p/s,0 p/s,0 p/s,7.79 kp/s,3.71 kp/s,4.09 kp/s,0 p/s,0 p/s,6.27 kp/s,1.49 kp/s,48 p/s,0 p/s,0 p/s,0 p/s,0 p/s,0 p/s,71.7 p/s,0 p/s,0 p/s,19.0 kp/s,16.2 kp/s,2.87 kp/s,0 p/s,0 p/s,10.1 kp/s,7.55 kp/s,1.56 kp/s,0 p/s
2026-08-20 19:12:40,0 p/s,0 p/s,0 p/s,0 p/s,30.3 p/s,0 p/s,0 p/s,7.78 kp/s,3.72 kp/s,4.09 kp/s,0 p/s,0 p/s,6.26 kp/s,1.49 kp/s,47.7 p/s,0 p/s,0 p/s,0 p/s,0 p/s,0 p/s,74.1 p/s,0 p/s,0 p/s,19.2 kp/s,16.4 kp/s,2.90 kp/s,0 p/s,0 p/s,10.2 kp/s,7.62 kp/s,1.58 kp/s,0 p/s
2026-08-20 19:13:00,0 p/s,0 p/s,0 p/s,0 p/s,30.1 p/s,0 p/s,0 p/s,7.72 kp/s,3.68 kp/s,4.04 kp/s,0 p/s,0 p/s,6.21 kp/s,1.48 kp/s,48.3 p/s,0 p/s,0 p/s,0 p/s,0 p/s,0 p/s,73.5 p/s,0 p/s,0 p/s,19.1 kp/s,16.3 kp/s,2.90 kp/s,0 p/s,0 p/s,10.1 kp/s,7.59 kp/s,1.57 kp/s,0 p/s
2026-08-20 19:13:20,0 p/s,0 p/s,0 p/s,0 p/s,29.9 p/s,0 p/s,0 p/s,7.83 kp/s,3.74 kp/s,4.11 kp/s,0 p/s,0 p/s,6.30 kp/s,1.49 kp/s,48.9 p/s,0 p/s,0 p/s,0 p/s,0 p/s,0 p/s,73.4 p/s,0 p/s,0 p/s,19.2 kp/s,16.4 kp/s,2.91 kp/s,0 p/s,0 p/s,10.2 kp/s,7.61 kp/s,1.58 kp/s,0 p/s
2026-08-20 19:13:40,0 p/s,0 p/s,0 p/s,0 p/s,30.2 p/s,0 p/s,0 p/s,7.75 kp/s,3.69 kp/s,4.08 kp/s,0 p/s,0 p/s,6.25 kp/s,1.48 kp/s,48.3 p/s,0 p/s,0 p/s,0 p/s,0 p/s,0 p/s,74.5 p/s,0 p/s,0 p/s,19.5 kp/s,16.6 kp/s,2.95 kp/s,0 p/s,0 p/s,10.3 kp/s,7.72 kp/s,1.60 kp/s,0 p/s
2026-08-20 19:14:00,0 p/s,0 p/s,0 p/s,0 p/s,29.2 p/s,0 p/s,0 p/s,7.78 kp/s,3.71 kp/s,4.07 kp/s,0 p/s,0 p/s,6.26 kp/s,1.48 kp/s,48.3 p/s,0 p/s,0 p/s,0 p/s,0 p/s,0 p/s,72.3 p/s,0 p/s,0 p/s,19.0 kp/s,16.2 kp/s,2.87 kp/s,0 p/s,0 p/s,10.1 kp/s,7.52 kp/s,1.55 kp/s,0 p/s
2026-08-20 19:14:20,0 p/s,0 p/s,0 p/s,0 p/s,30.3 p/s,0 p/s,0 p/s,7.69 kp/s,3.67 kp/s,4.05 kp/s,0 p/s,0 p/s,6.20 kp/s,1.47 kp/s,47.5 p/s,0 p/s,0 p/s,0 p/s,0 p/s,0 p/s,72.8 p/s,0 p/s,0 p/s,19.1 kp/s,16.3 kp/s,2.89 kp/s,0 p/s,0 p/s,10.1 kp/s,7.57 kp/s,1.57 kp/s,0 p/s
2026-08-20 19:14:40,0 p/s,0 p/s,0 p/s,0 p/s,30.3 p/s,0 p/s,0 p/s,7.78 kp/s,3.69 kp/s,4.10 kp/s,0 p/s,0 p/s,6.26 kp/s,1.49 kp/s,47.8 p/s,0 p/s,0 p/s,0 p/s,0 p/s,0 p/s,71.7 p/s,0 p/s,0 p/s,18.8 kp/s,16.0 kp/s,2.84 kp/s,0 p/s,0 p/s,9.94 kp/s,7.44 kp/s,1.54 kp/s,0 p/s
2026-08-20 19:15:00,0 p/s,0 p/s,0 p/s,0 p/s,29.7 p/s,0 p/s,0 p/s,7.74 kp/s,3.69 kp/s,4.07 kp/s,0 p/s,0 p/s,6.24 kp/s,1.48 kp/s,47.5 p/s,0 p/s,0 p/s,0 p/s,0 p/s,0 p/s,72.2 p/s,0 p/s,0 p/s,18.9 kp/s,16.1 kp/s,2.86 kp/s,0 p/s,0 p/s,10.0 kp/s,7.49 kp/s,1.55 kp/s,0 p/s
2026-08-20 19:15:20,0 p/s,0 p/s,0 p/s,0 p/s,29.8 p/s,0 p/s,0 p/s,7.86 kp/s,3.74 kp/s,4.13 kp/s,0 p/s,0 p/s,6.33 kp/s,1.50 kp/s,48.5 p/s,0 p/s,0 p/s,0 p/s,0 p/s,0 p/s,71.1 p/s,0 p/s,0 p/s,18.6 kp/s,15.9 kp/s,2.81 kp/s,0 p/s,0 p/s,9.87 kp/s,7.38 kp/s,1.53 kp/s,0 p/s
2026-08-20 19:15:40,0 p/s,0 p/s,0 p/s,0 p/s,30.1 p/s,0 p/s,0 p/s,7.79 kp/s,3.71 kp/s,4.09 kp/s,0 p/s,0 p/s,6.27 kp/s,1.49 kp/s,48.5 p/s,0 p/s,0 p/s,0 p/s,0 p/s,0 p/s,73.7 p/s,0 p/s,0 p/s,19.2 kp/s,16.4 kp/s,2.91 kp/s,0 p/s,0 p/s,10.2 kp/s,7.63 kp/s,1.58 kp/s,0 p/s
2026-08-20 19:16:00,0 p/s,0 p/s,0 p/s,0 p/s,29.5 p/s,0 p/s,0 p/s,7.75 kp/s,3.69 kp/s,4.07 kp/s,0 p/s,0 p/s,6.23 kp/s,1.48 kp/s,48.1 p/s,0 p/s,0 p/s,0 p/s,0 p/s,0 p/s,71.9 p/s,0 p/s,0 p/s,18.8 kp/s,16.0 kp/s,2.85 kp/s,0 p/s,0 p/s,9.97 kp/s,7.47 kp/s,1.55 kp/s,0 p/s
2026-08-20 19:16:20,0 p/s,0 p/s,0 p/s,0 p/s,30.4 p/s,0 p/s,0 p/s,7.82 kp/s,3.73 kp/s,4.10 kp/s,0 p/s,0 p/s,6.29 kp/s,1.49 kp/s,48.7 p/s,0 p/s,0 p/s,0 p/s,0 p/s,0 p/s,193 p/s,0 p/s,0 p/s,19.8 kp/s,16.8 kp/s,3.00 kp/s,0 p/s,0 p/s,10.6 kp/s,7.57 kp/s,1.55 kp/s,0 p/s
2026-08-20 19:16:40,0 p/s,0 p/s,0 p/s,0 p/s,29.8 p/s,0 p/s,0 p/s,7.66 kp/s,3.64 kp/s,4.04 kp/s,0 p/s,0 p/s,6.17 kp/s,1.47 kp/s,47.5 p/s,0 p/s,0 p/s,0 p/s,0 p/s,0 p/s,191 p/s,0 p/s,0 p/s,20.3 kp/s,17.2 kp/s,3.13 kp/s,0 p/s,0 p/s,11.4 kp/s,7.43 kp/s,1.48 kp/s,0 p/s
2026-08-20 19:17:00,0 p/s,0 p/s,0 p/s,0 p/s,29.6 p/s,0 p/s,0 p/s,7.64 kp/s,3.62 kp/s,4.04 kp/s,0 p/s,0 p/s,6.15 kp/s,1.46 kp/s,47.3 p/s,0 p/s,0 p/s,0 p/s,0 p/s,0 p/s,178 p/s,0 p/s,0 p/s,20.3 kp/s,17.2 kp/s,3.25 kp/s,0 p/s,0 p/s,11.8 kp/s,7.17 kp/s,1.38 kp/s,0 p/s
2026-08-20 19:17:20,0 p/s,0 p/s,0 p/s,0 p/s,29.3 p/s,0 p/s,0 p/s,7.63 kp/s,3.62 kp/s,4.01 kp/s,0 p/s,0 p/s,6.14 kp/s,1.46 kp/s,46.9 p/s,0 p/s,0 p/s,0 p/s,0 p/s,0 p/s,161 p/s,0 p/s,0 p/s,20.8 kp/s,17.4 kp/s,3.51 kp/s,0 p/s,0 p/s,12.7 kp/s,6.86 kp/s,1.24 kp/s,0 p/s
2026-08-20 19:17:40,0 p/s,0 p/s,0 p/s,0 p/s,29.4 p/s,0 p/s,0 p/s,7.67 kp/s,3.65 kp/s,4.03 kp/s,0 p/s,0 p/s,6.17 kp/s,1.46 kp/s,47.2 p/s,0 p/s,0 p/s,0 p/s,0 p/s,0 p/s,150 p/s,0 p/s,0 p/s,20.6 kp/s,17.1 kp/s,3.62 kp/s,0 p/s,0 p/s,12.9 kp/s,6.61 kp/s,1.16 kp/s,0 p/s
2026-08-20 19:18:00,0 p/s,0 p/s,0 p/s,0 p/s,29.5 p/s,0 p/s,0 p/s,7.56 kp/s,3.58 kp/s,3.99 kp/s,0 p/s,0 p/s,6.08 kp/s,1.45 kp/s,46.5 p/s,0 p/s,0 p/s,0 p/s,0 p/s,0 p/s,146 p/s,0 p/s,0 p/s,20.8 kp/s,17.1 kp/s,3.79 kp/s,0 p/s,0 p/s,13.3 kp/s,6.52 kp/s,1.12 kp/s,0 p/s
2026-08-20 19:18:20,0 p/s,0 p/s,0 p/s,0 p/s,29.7 p/s,0 p/s,0 p/s,7.64 kp/s,3.63 kp/s,4.02 kp/s,0 p/s,0 p/s,6.16 kp/s,1.46 kp/s,47 p/s,0 p/s,0 p/s,0 p/s,0 p/s,0 p/s,144 p/s,0 p/s,0 p/s,20.9 kp/s,17.2 kp/s,3.84 kp/s,0 p/s,0 p/s,13.4 kp/s,6.55 kp/s,1.12 kp/s,0 p/s
2026-08-20 19:18:40,0 p/s,0 p/s,0 p/s,0 p/s,29.2 p/s,0 p/s,0 p/s,7.61 kp/s,3.63 kp/s,3.99 kp/s,0 p/s,0 p/s,6.13 kp/s,1.46 kp/s,47.5 p/s,0 p/s,0 p/s,0 p/s,0 p/s,0 p/s,143 p/s,0 p/s,0 p/s,20.8 kp/s,17.1 kp/s,3.82 kp/s,0 p/s,0 p/s,13.3 kp/s,6.52 kp/s,1.11 kp/s,0 p/s
2026-08-20 19:19:00,0 p/s,0 p/s,0 p/s,0 p/s,29.5 p/s,0 p/s,0 p/s,7.64 kp/s,3.64 kp/s,4.02 kp/s,0 p/s,0 p/s,6.14 kp/s,1.46 kp/s,46.8 p/s,0 p/s,0 p/s,0 p/s,0 p/s,0 p/s,139 p/s,0 p/s,0 p/s,20.1 kp/s,16.6 kp/s,3.71 kp/s,0 p/s,0 p/s,12.9 kp/s,6.32 kp/s,1.08 kp/s,0 p/s
2026-08-20 19:19:20,0 p/s,0 p/s,0 p/s,0 p/s,29.8 p/s,0 p/s,0 p/s,7.64 kp/s,3.64 kp/s,4.01 kp/s,0 p/s,0 p/s,6.15 kp/s,1.46 kp/s,46.9 p/s,0 p/s,0 p/s,0 p/s,0 p/s,0 p/s,141 p/s,0 p/s,0 p/s,20.4 kp/s,16.8 kp/s,3.75 kp/s,0 p/s,0 p/s,13.1 kp/s,6.38 kp/s,1.09 kp/s,0 p/s
2026-08-20 19:19:40,0 p/s,0 p/s,0 p/s,0 p/s,29.1 p/s,0 p/s,0 p/s,7.62 kp/s,3.63 kp/s,4.02 kp/s,0 p/s,0 p/s,6.13 kp/s,1.45 kp/s,47.1 p/s,0 p/s,0 p/s,0 p/s,0 p/s,0 p/s,141 p/s,0 p/s,0 p/s,20.5 kp/s,16.9 kp/s,3.78 kp/s,0 p/s,0 p/s,13.2 kp/s,6.44 kp/s,1.10 kp/s,0 p/s
2026-08-20 19:20:00,0 p/s,0 p/s,0 p/s,0 p/s,29.6 p/s,0 p/s,0 p/s,7.65 kp/s,3.64 kp/s,4.02 kp/s,0 p/s,0 p/s,6.17 kp/s,1.46 kp/s,46.7 p/s,0 p/s,0 p/s,0 p/s,0 p/s,0 p/s,139 p/s,0 p/s,0 p/s,20.0 kp/s,16.5 kp/s,3.69 kp/s,0 p/s,0 p/s,12.9 kp/s,6.28 kp/s,1.07 kp/s,0 p/s
2026-08-20 19:20:20,0 p/s,0 p/s,0 p/s,0 p/s,29.3 p/s,0 p/s,0 p/s,7.57 kp/s,3.60 kp/s,3.97 kp/s,0 p/s,0 p/s,6.10 kp/s,1.45 kp/s,46.9 p/s,0 p/s,0 p/s,0 p/s,0 p/s,0 p/s,143 p/s,0 p/s,0 p/s,20.6 kp/s,16.9 kp/s,3.79 kp/s,0 p/s,0 p/s,13.2 kp/s,6.45 kp/s,1.10 kp/s,0 p/s
2026-08-20 19:20:40,0 p/s,0 p/s,0 p/s,0 p/s,29.7 p/s,0 p/s,0 p/s,7.66 kp/s,3.65 kp/s,4.01 kp/s,0 p/s,0 p/s,6.16 kp/s,1.46 kp/s,47.1 p/s,0 p/s,0 p/s,0 p/s,0 p/s,0 p/s,140 p/s,0 p/s,0 p/s,20.3 kp/s,16.7 kp/s,3.74 kp/s,0 p/s,0 p/s,13.0 kp/s,6.36 kp/s,1.09 kp/s,0 p/s
2026-08-20 19:21:00,0 p/s,0 p/s,0 p/s,0 p/s,29.4 p/s,0 p/s,0 p/s,7.56 kp/s,3.60 kp/s,3.97 kp/s,0 p/s,0 p/s,6.08 kp/s,1.44 kp/s,46.7 p/s,0 p/s,0 p/s,0 p/s,0 p/s,0 p/s,142 p/s,0 p/s,0 p/s,20.4 kp/s,16.8 kp/s,3.76 kp/s,0 p/s,0 p/s,13.1 kp/s,6.40 kp/s,1.09 kp/s,0 p/s
2026-08-20 19:21:20,0 p/s,0 p/s,0 p/s,0 p/s,29.8 p/s,0 p/s,0 p/s,7.63 kp/s,3.63 kp/s,4.01 kp/s,0 p/s,0 p/s,6.14 kp/s,1.46 kp/s,46.2 p/s,0 p/s,0 p/s,0 p/s,0 p/s,0 p/s,143 p/s,0 p/s,0 p/s,20.6 kp/s,16.9 kp/s,3.79 kp/s,0 p/s,0 p/s,13.2 kp/s,6.47 kp/s,1.11 kp/s,0 p/s
2026-08-20 19:21:40,0 p/s,0 p/s,0 p/s,0 p/s,29.1 p/s,0 p/s,0 p/s,7.57 kp/s,3.61 kp/s,3.98 kp/s,0 p/s,0 p/s,6.10 kp/s,1.45 kp/s,46.7 p/s,0 p/s,0 p/s,0 p/s,0 p/s,0 p/s,141 p/s,0 p/s,0 p/s,20.3 kp/s,16.7 kp/s,3.75 kp/s,0 p/s,0 p/s,13.1 kp/s,6.39 kp/s,1.09 kp/s,0 p/s
2026-08-20 19:22:00,0 p/s,0 p/s,0 p/s,0 p/s,29.6 p/s,0 p/s,0 p/s,7.59 kp/s,3.62 kp/s,3.99 kp/s,0 p/s,0 p/s,6.11 kp/s,1.45 kp/s,46.8 p/s,0 p/s,0 p/s,0 p/s,0 p/s,0 p/s,145 p/s,0 p/s,0 p/s,20.8 kp/s,17.1 kp/s,3.83 kp/s,0 p/s,0 p/s,13.4 kp/s,6.50 kp/s,1.11 kp/s,0 p/s
2026-08-20 19:22:20,0 p/s,0 p/s,0 p/s,0 p/s,29.3 p/s,0 p/s,0 p/s,7.51 kp/s,3.55 kp/s,3.96 kp/s,0 p/s,0 p/s,6.05 kp/s,1.43 kp/s,46.5 p/s,0 p/s,0 p/s,0 p/s,0 p/s,0 p/s,143 p/s,0 p/s,0 p/s,20.5 kp/s,16.9 kp/s,3.78 kp/s,0 p/s,0 p/s,13.2 kp/s,6.45 kp/s,1.10 kp/s,0 p/s
2026-08-20 19:22:40,0 p/s,0 p/s,0 p/s,0 p/s,29.1 p/s,0 p/s,0 p/s,7.57 kp/s,3.59 kp/s,3.98 kp/s,0 p/s,0 p/s,6.10 kp/s,1.45 kp/s,46.4 p/s,0 p/s,0 p/s,0 p/s,0 p/s,0 p/s,143 p/s,0 p/s,0 p/s,20.8 kp/s,17.1 kp/s,3.83 kp/s,0 p/s,0 p/s,13.4 kp/s,6.51 kp/s,1.12 kp/s,0 p/s
2026-08-20 19:23:00,0 p/s,0 p/s,0 p/s,0 p/s,29.3 p/s,0 p/s,0 p/s,7.58 kp/s,3.61 kp/s,4.00 kp/s,0 p/s,0 p/s,6.10 kp/s,1.45 kp/s,46.3 p/s,0 p/s,0 p/s,0 p/s,0 p/s,0 p/s,143 p/s,0 p/s,0 p/s,20.7 kp/s,17.0 kp/s,3.81 kp/s,0 p/s,0 p/s,13.3 kp/s,6.48 kp/s,1.11 kp/s,0 p/s
2026-08-20 19:23:20,0 p/s,0 p/s,0 p/s,0 p/s,29.8 p/s,0 p/s,0 p/s,7.67 kp/s,3.65 kp/s,4.03 kp/s,0 p/s,0 p/s,6.17 kp/s,1.47 kp/s,46.8 p/s,0 p/s,0 p/s,0 p/s,0 p/s,0 p/s,143 p/s,0 p/s,0 p/s,20.7 kp/s,17.0 kp/s,3.81 kp/s,0 p/s,0 p/s,13.3 kp/s,6.50 kp/s,1.11 kp/s,0 p/s
2026-08-20 19:23:40,0 p/s,0 p/s,0 p/s,0 p/s,29.3 p/s,0 p/s,0 p/s,7.63 kp/s,3.62 kp/s,4.02 kp/s,0 p/s,0 p/s,6.14 kp/s,1.45 kp/s,47 p/s,0 p/s,0 p/s,0 p/s,0 p/s,0 p/s,144 p/s,0 p/s,0 p/s,20.7 kp/s,17.0 kp/s,3.82 kp/s,0 p/s,0 p/s,13.3 kp/s,6.49 kp/s,1.11 kp/s,0 p/s
2026-08-20 19:24:00,0 p/s,0 p/s,0 p/s,0 p/s,28.9 p/s,0 p/s,0 p/s,7.62 kp/s,3.64 kp/s,4.01 kp/s,0 p/s,0 p/s,6.13 kp/s,1.46 kp/s,46.9 p/s,0 p/s,0 p/s,0 p/s,0 p/s,0 p/s,142 p/s,0 p/s,0 p/s,20.5 kp/s,16.9 kp/s,3.78 kp/s,0 p/s,0 p/s,13.2 kp/s,6.44 kp/s,1.10 kp/s,0 p/s
2026-08-20 19:24:20,0 p/s,0 p/s,0 p/s,0 p/s,29 p/s,0 p/s,0 p/s,7.62 kp/s,3.63 kp/s,4.02 kp/s,0 p/s,0 p/s,6.13 kp/s,1.46 kp/s,46.5 p/s,0 p/s,0 p/s,0 p/s,0 p/s,0 p/s,143 p/s,0 p/s,0 p/s,20.7 kp/s,17.0 kp/s,3.81 kp/s,0 p/s,0 p/s,13.3 kp/s,6.48 kp/s,1.11 kp/s,0 p/s
2026-08-20 19:24:40,0 p/s,0 p/s,0 p/s,0 p/s,28.7 p/s,0 p/s,0 p/s,7.60 kp/s,3.62 kp/s,3.99 kp/s,0 p/s,0 p/s,6.13 kp/s,1.45 kp/s,47.5 p/s,0 p/s,0 p/s,0 p/s,0 p/s,0 p/s,143 p/s,0 p/s,0 p/s,20.6 kp/s,16.9 kp/s,3.80 kp/s,0 p/s,0 p/s,13.2 kp/s,6.46 kp/s,1.10 kp/s,0 p/s
2026-08-20 19:25:00,0 p/s,0 p/s,0 p/s,0 p/s,29.9 p/s,0 p/s,0 p/s,7.56 kp/s,3.60 kp/s,3.99 kp/s,0 p/s,0 p/s,6.08 kp/s,1.45 kp/s,46.5 p/s,0 p/s,0 p/s,0 p/s,0 p/s,0 p/s,141 p/s,0 p/s,0 p/s,20.5 kp/s,16.8 kp/s,3.76 kp/s,0 p/s,0 p/s,13.1 kp/s,6.41 kp/s,1.10 kp/s,0 p/s
2026-08-20 19:25:20,0 p/s,0 p/s,0 p/s,0 p/s,28.9 p/s,0 p/s,0 p/s,7.57 kp/s,3.59 kp/s,3.99 kp/s,0 p/s,0 p/s,6.10 kp/s,1.45 kp/s,46.5 p/s,0 p/s,0 p/s,0 p/s,0 p/s,0 p/s,140 p/s,0 p/s,0 p/s,20.2 kp/s,16.6 kp/s,3.72 kp/s,0 p/s,0 p/s,13.0 kp/s,6.33 kp/s,1.08 kp/s,0 p/s
2026-08-20 19:25:40,0 p/s,0 p/s,0 p/s,0 p/s,29.3 p/s,0 p/s,0 p/s,7.60 kp/s,3.62 kp/s,4.00 kp/s,0 p/s,0 p/s,6.11 kp/s,1.45 kp/s,47 p/s,0 p/s,0 p/s,0 p/s,0 p/s,0 p/s,142 p/s,0 p/s,0 p/s,20.5 kp/s,16.9 kp/s,3.78 kp/s,0 p/s,0 p/s,13.2 kp/s,6.44 kp/s,1.10 kp/s,0 p/s
2026-08-20 19:26:00,0 p/s,0 p/s,0 p/s,0 p/s,29.2 p/s,0 p/s,0 p/s,7.65 kp/s,3.65 kp/s,4.02 kp/s,0 p/s,0 p/s,6.16 kp/s,1.46 kp/s,47.3 p/s,0 p/s,0 p/s,0 p/s,0 p/s,0 p/s,143 p/s,0 p/s,0 p/s,20.6 kp/s,16.9 kp/s,3.79 kp/s,0 p/s,0 p/s,13.2 kp/s,6.45 kp/s,1.11 kp/s,0 p/s
2026-08-20 19:26:20,0 p/s,0 p/s,0 p/s,0 p/s,30.6 p/s,0 p/s,0 p/s,7.79 kp/s,3.70 kp/s,4.10 kp/s,0 p/s,0 p/s,6.26 kp/s,1.49 kp/s,47.9 p/s,0 p/s,0 p/s,0 p/s,0 p/s,0 p/s,49.2 p/s,0 p/s,0 p/s,20.1 kp/s,16.6 kp/s,3.74 kp/s,0 p/s,0 p/s,13.0 kp/s,6.46 kp/s,1.06 kp/s,0 p/s
2026-08-20 19:26:40,0 p/s,0 p/s,0 p/s,0 p/s,31.1 p/s,0 p/s,0 p/s,8.19 kp/s,3.90 kp/s,4.31 kp/s,0 p/s,0 p/s,6.59 kp/s,1.57 kp/s,52.1 p/s,0 p/s,0 p/s,0 p/s,0 p/s,0 p/s,0 p/s,0 p/s,0 p/s,21.3 kp/s,17.5 kp/s,4.00 kp/s,0 p/s,0 p/s,13.2 kp/s,7.40 kp/s,1.11 kp/s,0 p/s
2026-08-20 19:27:00,0 p/s,0 p/s,0 p/s,0 p/s,31.4 p/s,0 p/s,0 p/s,8.21 kp/s,3.91 kp/s,4.34 kp/s,0 p/s,0 p/s,6.63 kp/s,1.58 kp/s,52.2 p/s,0 p/s,0 p/s,0 p/s,0 p/s,0 p/s,1.33 p/s,0 p/s,0 p/s,21.0 kp/s,17.4 kp/s,3.94 kp/s,0 p/s,0 p/s,12.4 kp/s,8.11 kp/s,1.09 kp/s,0 p/s
2026-08-20 19:27:20,0 p/s,0 p/s,0 p/s,0 p/s,31.8 p/s,0 p/s,0 p/s,8.23 kp/s,3.94 kp/s,4.33 kp/s,0 p/s,0 p/s,6.65 kp/s,1.58 kp/s,52.4 p/s,0 p/s,0 p/s,0 p/s,0 p/s,0 p/s,11.1 p/s,0 p/s,0 p/s,17.8 kp/s,14.8 kp/s,3.23 kp/s,0 p/s,0 p/s,8.40 kp/s,9.05 kp/s,1.02 kp/s,0 p/s
2026-08-20 19:27:40,0 p/s,0 p/s,0 p/s,0 p/s,32 p/s,0 p/s,0 p/s,8.33 kp/s,4.01 kp/s,4.36 kp/s,0 p/s,0 p/s,6.73 kp/s,1.60 kp/s,54.2 p/s,0 p/s,0 p/s,0 p/s,0 p/s,0 p/s,12.2 p/s,0 p/s,0 p/s,15.9 kp/s,13.5 kp/s,2.66 kp/s,0 p/s,0 p/s,6.06 kp/s,9.77 kp/s,828 p/s,0 p/s
2026-08-20 19:28:00,0 p/s,0 p/s,0 p/s,0 p/s,32.8 p/s,0 p/s,0 p/s,8.57 kp/s,4.13 kp/s,4.48 kp/s,0 p/s,0 p/s,6.91 kp/s,1.64 kp/s,55.4 p/s,0 p/s,0 p/s,0 p/s,0 p/s,0 p/s,14.2 p/s,0 p/s,0 p/s,14.4 kp/s,12.7 kp/s,2.04 kp/s,0 p/s,0 p/s,3.08 kp/s,11.4 kp/s,766 p/s,0 p/s
2026-08-20 19:28:20,0 p/s,0 p/s,0 p/s,0 p/s,31.6 p/s,0 p/s,0 p/s,8.33 kp/s,4.01 kp/s,4.34 kp/s,0 p/s,0 p/s,6.71 kp/s,1.59 kp/s,53.2 p/s,0 p/s,0 p/s,0 p/s,0 p/s,0 p/s,16 p/s,0 p/s,0 p/s,13.7 kp/s,12.2 kp/s,1.43 kp/s,0 p/s,0 p/s,1.10 kp/s,11.9 kp/s,780 p/s,0 p/s
2026-08-20 19:28:40,0 p/s,0 p/s,0 p/s,0 p/s,31 p/s,0 p/s,0 p/s,8.21 kp/s,3.94 kp/s,4.30 kp/s,0 p/s,0 p/s,6.62 kp/s,1.57 kp/s,52.2 p/s,0 p/s,0 p/s,0 p/s,0 p/s,0 p/s,16.2 p/s,0 p/s,0 p/s,13.8 kp/s,12.4 kp/s,1.45 kp/s,0 p/s,0 p/s,1.11 kp/s,12.1 kp/s,787 p/s,0 p/s
2026-08-20 19:29:00,0 p/s,0 p/s,0 p/s,0 p/s,31.5 p/s,0 p/s,0 p/s,8.35 kp/s,4.02 kp/s,4.35 kp/s,0 p/s,0 p/s,6.72 kp/s,1.59 kp/s,53.1 p/s,0 p/s,0 p/s,0 p/s,0 p/s,0 p/s,16 p/s,0 p/s,0 p/s,13.9 kp/s,12.5 kp/s,1.46 kp/s,0 p/s,0 p/s,1.12 kp/s,12.2 kp/s,797 p/s,0 p/s
2026-08-20 19:29:20,0 p/s,0 p/s,0 p/s,0 p/s,31.3 p/s,0 p/s,0 p/s,8.27 kp/s,3.98 kp/s,4.31 kp/s,0 p/s,0 p/s,6.66 kp/s,1.57 kp/s,52.5 p/s,0 p/s,0 p/s,0 p/s,0 p/s,0 p/s,16.7 p/s,0 p/s,0 p/s,13.9 kp/s,12.4 kp/s,1.46 kp/s,0 p/s,0 p/s,1.11 kp/s,12.1 kp/s,792 p/s,0 p/s
2026-08-20 19:29:40,0 p/s,0 p/s,0 p/s,0 p/s,31.7 p/s,0 p/s,0 p/s,8.18 kp/s,3.91 kp/s,4.28 kp/s,0 p/s,0 p/s,6.60 kp/s,1.57 kp/s,51.5 p/s,0 p/s,0 p/s,0 p/s,0 p/s,0 p/s,16.5 p/s,0 p/s,0 p/s,13.8 kp/s,12.3 kp/s,1.45 kp/s,0 p/s,0 p/s,1.11 kp/s,12.0 kp/s,784 p/s,0 p/s
2026-08-20 19:30:00,0 p/s,0 p/s,0 p/s,0 p/s,31.5 p/s,0 p/s,0 p/s,8.21 kp/s,3.95 kp/s,4.29 kp/s,0 p/s,0 p/s,6.61 kp/s,1.56 kp/s,51.8 p/s,0 p/s,0 p/s,0 p/s,0 p/s,0 p/s,16.6 p/s,0 p/s,0 p/s,13.9 kp/s,12.4 kp/s,1.45 kp/s,0 p/s,0 p/s,1.11 kp/s,12.1 kp/s,791 p/s,0 p/s
2026-08-20 19:30:20,0 p/s,0 p/s,0 p/s,0 p/s,30.6 p/s,0 p/s,0 p/s,8.08 kp/s,3.88 kp/s,4.23 kp/s,0 p/s,0 p/s,6.52 kp/s,1.54 kp/s,51 p/s,0 p/s,0 p/s,0 p/s,0 p/s,0 p/s,17.3 p/s,0 p/s,0 p/s,13.9 kp/s,12.4 kp/s,1.46 kp/s,0 p/s,0 p/s,1.12 kp/s,12.2 kp/s,791 p/s,0 p/s
2026-08-20 19:30:40,0 p/s,0 p/s,0 p/s,0 p/s,32.5 p/s,0 p/s,0 p/s,8.35 kp/s,4.02 kp/s,4.35 kp/s,0 p/s,0 p/s,6.73 kp/s,1.59 kp/s,52.8 p/s,0 p/s,0 p/s,0 p/s,0 p/s,0 p/s,16.6 p/s,0 p/s,0 p/s,14.0 kp/s,12.5 kp/s,1.47 kp/s,0 p/s,0 p/s,1.12 kp/s,12.3 kp/s,800 p/s,0 p/s
2026-08-20 19:31:00,0 p/s,0 p/s,0 p/s,0 p/s,31.7 p/s,0 p/s,0 p/s,8.32 kp/s,4.01 kp/s,4.32 kp/s,0 p/s,0 p/s,6.70 kp/s,1.59 kp/s,52.7 p/s,0 p/s,0 p/s,0 p/s,0 p/s,0 p/s,16.2 p/s,0 p/s,0 p/s,13.8 kp/s,12.3 kp/s,1.45 kp/s,0 p/s,0 p/s,1.11 kp/s,12.1 kp/s,789 p/s,0 p/s
2026-08-20 19:31:20,0 p/s,0 p/s,0 p/s,0 p/s,31.7 p/s,0 p/s,0 p/s,8.29 kp/s,3.98 kp/s,4.32 kp/s,0 p/s,0 p/s,6.68 kp/s,1.58 kp/s,52.5 p/s,0 p/s,0 p/s,0 p/s,0 p/s,0 p/s,16.6 p/s,0 p/s,0 p/s,13.9 kp/s,12.4 kp/s,1.46 kp/s,0 p/s,0 p/s,1.12 kp/s,12.2 kp/s,794 p/s,0 p/s
2026-08-20 19:31:40,0 p/s,0 p/s,0 p/s,0 p/s,31.2 p/s,0 p/s,0 p/s,8.19 kp/s,3.93 kp/s,4.28 kp/s,0 p/s,0 p/s,6.61 kp/s,1.56 kp/s,51.7 p/s,0 p/s,0 p/s,0 p/s,0 p/s,0 p/s,16.1 p/s,0 p/s,0 p/s,13.8 kp/s,12.4 kp/s,1.45 kp/s,0 p/s,0 p/s,1.11 kp/s,12.1 kp/s,790 p/s,0 p/s
2026-08-20 19:32:00,0 p/s,0 p/s,0 p/s,0 p/s,31.7 p/s,0 p/s,0 p/s,8.28 kp/s,3.98 kp/s,4.32 kp/s,0 p/s,0 p/s,6.67 kp/s,1.58 kp/s,52.3 p/s,0 p/s,0 p/s,0 p/s,0 p/s,0 p/s,16.6 p/s,0 p/s,0 p/s,13.9 kp/s,12.4 kp/s,1.46 kp/s,0 p/s,0 p/s,1.11 kp/s,12.2 kp/s,794 p/s,0 p/s
2026-08-20 19:32:20,0 p/s,0 p/s,0 p/s,0 p/s,31.5 p/s,0 p/s,0 p/s,8.20 kp/s,3.96 kp/s,4.27 kp/s,0 p/s,0 p/s,6.62 kp/s,1.57 kp/s,52.1 p/s,0 p/s,0 p/s,0 p/s,0 p/s,0 p/s,16.7 p/s,0 p/s,0 p/s,13.8 kp/s,12.3 kp/s,1.45 kp/s,0 p/s,0 p/s,1.11 kp/s,12.1 kp/s,787 p/s,0 p/s
2026-08-20 19:32:40,0 p/s,0 p/s,0 p/s,0 p/s,31.5 p/s,0 p/s,0 p/s,8.25 kp/s,3.98 kp/s,4.30 kp/s,0 p/s,0 p/s,6.65 kp/s,1.58 kp/s,52 p/s,0 p/s,0 p/s,0 p/s,0 p/s,0 p/s,16.7 p/s,0 p/s,0 p/s,13.8 kp/s,12.4 kp/s,1.45 kp/s,0 p/s,0 p/s,1.11 kp/s,12.1 kp/s,788 p/s,0 p/s
2026-08-20 19:33:00,0 p/s,0 p/s,0 p/s,0 p/s,31.6 p/s,0 p/s,0 p/s,8.24 kp/s,3.97 kp/s,4.29 kp/s,0 p/s,0 p/s,6.64 kp/s,1.57 kp/s,52.3 p/s,0 p/s,0 p/s,0 p/s,0 p/s,0 p/s,16.7 p/s,0 p/s,0 p/s,13.9 kp/s,12.5 kp/s,1.47 kp/s,0 p/s,0 p/s,1.12 kp/s,12.2 kp/s,796 p/s,0 p/s
2026-08-20 19:33:20,0 p/s,0 p/s,0 p/s,0 p/s,31.8 p/s,0 p/s,0 p/s,8.29 kp/s,3.98 kp/s,4.33 kp/s,0 p/s,0 p/s,6.68 kp/s,1.58 kp/s,52.5 p/s,0 p/s,0 p/s,0 p/s,0 p/s,0 p/s,16.7 p/s,0 p/s,0 p/s,14.0 kp/s,12.5 kp/s,1.47 kp/s,0 p/s,0 p/s,1.12 kp/s,12.2 kp/s,796 p/s,0 p/s
2026-08-20 19:33:40,0 p/s,0 p/s,0 p/s,0 p/s,31.7 p/s,0 p/s,0 p/s,8.33 kp/s,4.00 kp/s,4.34 kp/s,0 p/s,0 p/s,6.70 kp/s,1.58 kp/s,52.7 p/s,0 p/s,0 p/s,0 p/s,0 p/s,0 p/s,16.3 p/s,0 p/s,0 p/s,13.9 kp/s,12.4 kp/s,1.46 kp/s,0 p/s,0 p/s,1.12 kp/s,12.2 kp/s,793 p/s,0 p/s
2026-08-20 19:34:00,0 p/s,0 p/s,0 p/s,0 p/s,31.9 p/s,0 p/s,0 p/s,8.33 kp/s,4.02 kp/s,4.33 kp/s,0 p/s,0 p/s,6.72 kp/s,1.59 kp/s,52.9 p/s,0 p/s,0 p/s,0 p/s,0 p/s,0 p/s,16.7 p/s,0 p/s,0 p/s,13.9 kp/s,12.4 kp/s,1.46 kp/s,0 p/s,0 p/s,1.12 kp/s,12.2 kp/s,794 p/s,0 p/s
2026-08-20 19:34:20,0 p/s,0 p/s,0 p/s,0 p/s,32.1 p/s,0 p/s,0 p/s,8.34 kp/s,4.01 kp/s,4.35 kp/s,0 p/s,0 p/s,6.72 kp/s,1.59 kp/s,52.7 p/s,0 p/s,0 p/s,0 p/s,0 p/s,0 p/s,16.8 p/s,0 p/s,0 p/s,14.0 kp/s,12.5 kp/s,1.47 kp/s,0 p/s,0 p/s,1.12 kp/s,12.3 kp/s,801 p/s,0 p/s
2026-08-20 19:34:40,0 p/s,0 p/s,0 p/s,0 p/s,31.3 p/s,0 p/s,0 p/s,8.29 kp/s,3.99 kp/s,4.32 kp/s,0 p/s,0 p/s,6.67 kp/s,1.58 kp/s,52.5 p/s,0 p/s,0 p/s,0 p/s,0 p/s,0 p/s,16.4 p/s,0 p/s,0 p/s,13.8 kp/s,12.4 kp/s,1.45 kp/s,0 p/s,0 p/s,1.11 kp/s,12.1 kp/s,791 p/s,0 p/s
2026-08-20 19:35:00,0 p/s,0 p/s,0 p/s,0 p/s,32.1 p/s,0 p/s,0 p/s,8.33 kp/s,4.02 kp/s,4.33 kp/s,0 p/s,0 p/s,6.72 kp/s,1.59 kp/s,52.9 p/s,0 p/s,0 p/s,0 p/s,0 p/s,0 p/s,16.9 p/s,0 p/s,0 p/s,14.0 kp/s,12.5 kp/s,1.47 kp/s,0 p/s,0 p/s,1.12 kp/s,12.2 kp/s,795 p/s,0 p/s
2026-08-20 19:35:20,0 p/s,0 p/s,0 p/s,0 p/s,31 p/s,0 p/s,0 p/s,8.28 kp/s,3.97 kp/s,4.33 kp/s,0 p/s,0 p/s,6.67 kp/s,1.58 kp/s,52.3 p/s,0 p/s,0 p/s,0 p/s,0 p/s,0 p/s,17.1 p/s,0 p/s,0 p/s,14.0 kp/s,12.5 kp/s,1.47 kp/s,0 p/s,0 p/s,1.12 kp/s,12.3 kp/s,801 p/s,0 p/s
2026-08-20 19:35:40,0 p/s,0 p/s,0 p/s,0 p/s,31.6 p/s,0 p/s,0 p/s,8.27 kp/s,3.98 kp/s,4.30 kp/s,0 p/s,0 p/s,6.66 kp/s,1.58 kp/s,52.6 p/s,0 p/s,0 p/s,0 p/s,0 p/s,0 p/s,16.7 p/s,0 p/s,0 p/s,13.9 kp/s,12.5 kp/s,1.46 kp/s,0 p/s,0 p/s,1.12 kp/s,12.2 kp/s,796 p/s,0 p/s
2026-08-20 19:36:00,0 p/s,0 p/s,0 p/s,0 p/s,31.1 p/s,0 p/s,0 p/s,8.28 kp/s,3.98 kp/s,4.32 kp/s,0 p/s,0 p/s,6.67 kp/s,1.58 kp/s,52.6 p/s,0 p/s,0 p/s,0 p/s,0 p/s,0 p/s,16.3 p/s,0 p/s,0 p/s,13.8 kp/s,12.4 kp/s,1.45 kp/s,0 p/s,0 p/s,1.11 kp/s,12.1 kp/s,789 p/s,0 p/s
2026-08-20 19:36:20,0 p/s,0 p/s,0 p/s,0 p/s,31.7 p/s,0 p/s,0 p/s,8.29 kp/s,3.99 kp/s,4.32 kp/s,0 p/s,0 p/s,6.68 kp/s,1.58 kp/s,52.3 p/s,0 p/s,0 p/s,0 p/s,0 p/s,0 p/s,16.4 p/s,0 p/s,0 p/s,13.8 kp/s,12.4 kp/s,1.45 kp/s,0 p/s,0 p/s,1.11 kp/s,12.1 kp/s,791 p/s,0 p/s
2026-08-20 19:36:40,0 p/s,0 p/s,0 p/s,0 p/s,31.1 p/s,0 p/s,0 p/s,8.27 kp/s,3.98 kp/s,4.30 kp/s,0 p/s,0 p/s,6.67 kp/s,1.58 kp/s,52.9 p/s,0 p/s,0 p/s,0 p/s,0 p/s,0 p/s,16.6 p/s,0 p/s,0 p/s,13.9 kp/s,12.5 kp/s,1.46 kp/s,0 p/s,0 p/s,1.12 kp/s,12.2 kp/s,795 p/s,0 p/s
2026-08-20 19:37:00,0 p/s,0 p/s,0 p/s,0 p/s,31.7 p/s,0 p/s,0 p/s,8.26 kp/s,3.97 kp/s,4.32 kp/s,0 p/s,0 p/s,6.66 kp/s,1.58 kp/s,52.1 p/s,0 p/s,0 p/s,0 p/s,0 p/s,0 p/s,99.8 p/s,0 p/s,0 p/s,14.5 kp/s,12.8 kp/s,1.55 kp/s,0 p/s,0 p/s,1.24 kp/s,12.4 kp/s,796 p/s,0 p/s
2026-08-20 19:37:20,0 p/s,0 p/s,0 p/s,0 p/s,32.5 p/s,0 p/s,0 p/s,8.32 kp/s,3.99 kp/s,4.36 kp/s,0 p/s,0 p/s,6.70 kp/s,1.59 kp/s,52.1 p/s,0 p/s,0 p/s,0 p/s,0 p/s,0 p/s,111 p/s,0 p/s,0 p/s,17.0 kp/s,15.0 kp/s,1.79 kp/s,0 p/s,0 p/s,1.57 kp/s,14.5 kp/s,710 p/s,0 p/s
2026-08-20 19:37:40,0 p/s,0 p/s,0 p/s,0 p/s,32.1 p/s,0 p/s,0 p/s,8.17 kp/s,3.90 kp/s,4.28 kp/s,0 p/s,0 p/s,6.59 kp/s,1.56 kp/s,51.1 p/s,0 p/s,0 p/s,0 p/s,0 p/s,0 p/s,101 p/s,0 p/s,0 p/s,17.3 kp/s,15.4 kp/s,1.79 kp/s,0 p/s,0 p/s,1.61 kp/s,14.9 kp/s,649 p/s,0 p/s
2026-08-20 19:38:00,0 p/s,0 p/s,0 p/s,0 p/s,31.9 p/s,0 p/s,0 p/s,8.20 kp/s,3.94 kp/s,4.30 kp/s,0 p/s,0 p/s,6.61 kp/s,1.57 kp/s,51.2 p/s,0 p/s,0 p/s,0 p/s,0 p/s,0 p/s,99.3 p/s,0 p/s,0 p/s,18.4 kp/s,16.4 kp/s,1.88 kp/s,0 p/s,0 p/s,1.81 kp/s,15.8 kp/s,618 p/s,0 p/s
2026-08-20 19:38:20,0 p/s,0 p/s,0 p/s,0 p/s,31.9 p/s,0 p/s,0 p/s,8.16 kp/s,3.90 kp/s,4.29 kp/s,0 p/s,0 p/s,6.57 kp/s,1.55 kp/s,51.2 p/s,0 p/s,0 p/s,0 p/s,0 p/s,0 p/s,90.8 p/s,0 p/s,0 p/s,19.9 kp/s,17.8 kp/s,2.02 kp/s,0 p/s,0 p/s,1.97 kp/s,17.2 kp/s,557 p/s,0 p/s
2026-08-20 19:38:40,0 p/s,0 p/s,0 p/s,0 p/s,31.9 p/s,0 p/s,0 p/s,8.03 kp/s,3.83 kp/s,4.22 kp/s,0 p/s,0 p/s,6.47 kp/s,1.54 kp/s,49.5 p/s,0 p/s,0 p/s,0 p/s,0 p/s,0 p/s,86.3 p/s,0 p/s,0 p/s,20.6 kp/s,18.4 kp/s,2.19 kp/s,0 p/s,0 p/s,2.31 kp/s,17.9 kp/s,560 p/s,0 p/s
2026-08-20 19:39:00,0 p/s,0 p/s,0 p/s,0 p/s,31.4 p/s,0 p/s,0 p/s,7.90 kp/s,3.78 kp/s,4.14 kp/s,0 p/s,0 p/s,6.36 kp/s,1.52 kp/s,48.8 p/s,0 p/s,0 p/s,0 p/s,0 p/s,0 p/s,83.9 p/s,0 p/s,0 p/s,20.4 kp/s,18.3 kp/s,2.19 kp/s,0 p/s,0 p/s,2.32 kp/s,17.7 kp/s,554 p/s,0 p/s
2026-08-20 19:39:20,0 p/s,0 p/s,0 p/s,0 p/s,32.1 p/s,0 p/s,0 p/s,7.97 kp/s,3.81 kp/s,4.18 kp/s,0 p/s,0 p/s,6.42 kp/s,1.53 kp/s,49.3 p/s,0 p/s,0 p/s,0 p/s,0 p/s,0 p/s,85.7 p/s,0 p/s,0 p/s,20.4 kp/s,18.3 kp/s,2.18 kp/s,0 p/s,0 p/s,2.31 kp/s,17.7 kp/s,555 p/s,0 p/s
2026-08-20 19:39:40,0 p/s,0 p/s,0 p/s,0 p/s,31 p/s,0 p/s,0 p/s,7.92 kp/s,3.79 kp/s,4.15 kp/s,0 p/s,0 p/s,6.38 kp/s,1.52 kp/s,49.5 p/s,0 p/s,0 p/s,0 p/s,0 p/s,0 p/s,86.7 p/s,0 p/s,0 p/s,20.3 kp/s,18.2 kp/s,2.17 kp/s,0 p/s,0 p/s,2.31 kp/s,17.6 kp/s,548 p/s,0 p/s
2026-08-20 19:40:00,0 p/s,0 p/s,0 p/s,0 p/s,31.8 p/s,0 p/s,0 p/s,8.13 kp/s,3.89 kp/s,4.27 kp/s,0 p/s,0 p/s,6.54 kp/s,1.55 kp/s,50.5 p/s,0 p/s,0 p/s,0 p/s,0 p/s,0 p/s,86.1 p/s,0 p/s,0 p/s,20.5 kp/s,18.3 kp/s,2.19 kp/s,0 p/s,0 p/s,2.33 kp/s,17.8 kp/s,553 p/s,0 p/s
2026-08-20 19:40:20,0 p/s,0 p/s,0 p/s,0 p/s,31.3 p/s,0 p/s,0 p/s,8.01 kp/s,3.83 kp/s,4.21 kp/s,0 p/s,0 p/s,6.46 kp/s,1.54 kp/s,49.6 p/s,0 p/s,0 p/s,0 p/s,0 p/s,0 p/s,88.2 p/s,0 p/s,0 p/s,20.6 kp/s,18.5 kp/s,2.21 kp/s,0 p/s,0 p/s,2.34 kp/s,17.9 kp/s,558 p/s,0 p/s
2026-08-20 19:40:40,0 p/s,0 p/s,0 p/s,0 p/s,31.5 p/s,0 p/s,0 p/s,8.07 kp/s,3.86 kp/s,4.23 kp/s,0 p/s,0 p/s,6.50 kp/s,1.54 kp/s,50.5 p/s,0 p/s,0 p/s,0 p/s,0 p/s,0 p/s,87.3 p/s,0 p/s,0 p/s,20.5 kp/s,18.3 kp/s,2.19 kp/s,0 p/s,0 p/s,2.32 kp/s,17.8 kp/s,551 p/s,0 p/s
2026-08-20 19:41:00,0 p/s,0 p/s,0 p/s,0 p/s,31.5 p/s,0 p/s,0 p/s,8.10 kp/s,3.86 kp/s,4.25 kp/s,0 p/s,0 p/s,6.52 kp/s,1.55 kp/s,50.2 p/s,0 p/s,0 p/s,0 p/s,0 p/s,0 p/s,87.3 p/s,0 p/s,0 p/s,20.4 kp/s,18.3 kp/s,2.18 kp/s,0 p/s,0 p/s,2.32 kp/s,17.7 kp/s,552 p/s,0 p/s
2026-08-20 19:41:20,0 p/s,0 p/s,0 p/s,0 p/s,31.7 p/s,0 p/s,0 p/s,8.10 kp/s,3.88 kp/s,4.26 kp/s,0 p/s,0 p/s,6.53 kp/s,1.55 kp/s,50.7 p/s,0 p/s,0 p/s,0 p/s,0 p/s,0 p/s,86.5 p/s,0 p/s,0 p/s,20.2 kp/s,18.1 kp/s,2.16 kp/s,0 p/s,0 p/s,2.29 kp/s,17.5 kp/s,545 p/s,0 p/s
2026-08-20 19:41:40,0 p/s,0 p/s,0 p/s,0 p/s,30.9 p/s,0 p/s,0 p/s,7.99 kp/s,3.82 kp/s,4.19 kp/s,0 p/s,0 p/s,6.44 kp/s,1.53 kp/s,49.8 p/s,0 p/s,0 p/s,0 p/s,0 p/s,0 p/s,86.4 p/s,0 p/s,0 p/s,20.0 kp/s,17.9 kp/s,2.14 kp/s,0 p/s,0 p/s,2.27 kp/s,17.4 kp/s,539 p/s,0 p/s
2026-08-20 19:42:00,0 p/s,0 p/s,0 p/s,0 p/s,31.1 p/s,0 p/s,0 p/s,8.14 kp/s,3.89 kp/s,4.27 kp/s,0 p/s,0 p/s,6.56 kp/s,1.56 kp/s,51.3 p/s,0 p/s,0 p/s,0 p/s,0 p/s,0 p/s,88.4 p/s,0 p/s,0 p/s,20.2 kp/s,18.1 kp/s,2.16 kp/s,0 p/s,0 p/s,2.29 kp/s,17.5 kp/s,544 p/s,0 p/s
2026-08-20 19:42:20,0 p/s,0 p/s,0 p/s,0 p/s,30.9 p/s,0 p/s,0 p/s,7.92 kp/s,3.79 kp/s,4.15 kp/s,0 p/s,0 p/s,6.38 kp/s,1.51 kp/s,49.5 p/s,0 p/s,0 p/s,0 p/s,0 p/s,0 p/s,87.6 p/s,0 p/s,0 p/s,20.5 kp/s,18.4 kp/s,2.19 kp/s,0 p/s,0 p/s,2.33 kp/s,17.8 kp/s,554 p/s,0 p/s
2026-08-20 19:42:40,0 p/s,0 p/s,0 p/s,0 p/s,31 p/s,0 p/s,0 p/s,8.01 kp/s,3.84 kp/s,4.20 kp/s,0 p/s,0 p/s,6.44 kp/s,1.53 kp/s,50 p/s,0 p/s,0 p/s,0 p/s,0 p/s,0 p/s,84.6 p/s,0 p/s,0 p/s,20.0 kp/s,17.9 kp/s,2.14 kp/s,0 p/s,0 p/s,2.27 kp/s,17.4 kp/s,542 p/s,0 p/s
2026-08-20 19:43:00,0 p/s,0 p/s,0 p/s,0 p/s,31.1 p/s,0 p/s,0 p/s,8.00 kp/s,3.83 kp/s,4.19 kp/s,0 p/s,0 p/s,6.46 kp/s,1.53 kp/s,50.3 p/s,0 p/s,0 p/s,0 p/s,0 p/s,0 p/s,85.9 p/s,0 p/s,0 p/s,20.3 kp/s,18.2 kp/s,2.16 kp/s,0 p/s,0 p/s,2.30 kp/s,17.6 kp/s,547 p/s,0 p/s
2026-08-20 19:43:20,0 p/s,0 p/s,0 p/s,0 p/s,31.1 p/s,0 p/s,0 p/s,8.02 kp/s,3.85 kp/s,4.21 kp/s,0 p/s,0 p/s,6.46 kp/s,1.53 kp/s,50 p/s,0 p/s,0 p/s,0 p/s,0 p/s,0 p/s,87.9 p/s,0 p/s,0 p/s,20.5 kp/s,18.4 kp/s,2.19 kp/s,0 p/s,0 p/s,2.33 kp/s,17.8 kp/s,553 p/s,0 p/s
2026-08-20 19:43:40,0 p/s,0 p/s,0 p/s,0 p/s,30.8 p/s,0 p/s,0 p/s,8.04 kp/s,3.86 kp/s,4.21 kp/s,0 p/s,0 p/s,6.47 kp/s,1.54 kp/s,50.3 p/s,0 p/s,0 p/s,0 p/s,0 p/s,0 p/s,87.1 p/s,0 p/s,0 p/s,20.4 kp/s,18.3 kp/s,2.18 kp/s,0 p/s,0 p/s,2.32 kp/s,17.7 kp/s,552 p/s,0 p/s
2026-08-20 19:44:00,0 p/s,0 p/s,0 p/s,0 p/s,30.9 p/s,0 p/s,0 p/s,8.01 kp/s,3.83 kp/s,4.20 kp/s,0 p/s,0 p/s,6.46 kp/s,1.53 kp/s,50.1 p/s,0 p/s,0 p/s,0 p/s,0 p/s,0 p/s,86.9 p/s,0 p/s,0 p/s,20.3 kp/s,18.2 kp/s,2.18 kp/s,0 p/s,0 p/s,2.31 kp/s,17.6 kp/s,549 p/s,0 p/s
2026-08-20 19:44:20,0 p/s,0 p/s,0 p/s,0 p/s,30.7 p/s,0 p/s,0 p/s,7.95 kp/s,3.79 kp/s,4.19 kp/s,0 p/s,0 p/s,6.42 kp/s,1.52 kp/s,49.6 p/s,0 p/s,0 p/s,0 p/s,0 p/s,0 p/s,86.5 p/s,0 p/s,0 p/s,20.2 kp/s,18.1 kp/s,2.16 kp/s,0 p/s,0 p/s,2.29 kp/s,17.5 kp/s,544 p/s,0 p/s
2026-08-20 19:44:40,0 p/s,0 p/s,0 p/s,0 p/s,31.3 p/s,0 p/s,0 p/s,7.98 kp/s,3.82 kp/s,4.18 kp/s,0 p/s,0 p/s,6.42 kp/s,1.52 kp/s,49.6 p/s,0 p/s,0 p/s,0 p/s,0 p/s,0 p/s,86.5 p/s,0 p/s,0 p/s,20.3 kp/s,18.1 kp/s,2.16 kp/s,0 p/s,0 p/s,2.30 kp/s,17.6 kp/s,547 p/s,0 p/s
2026-08-20 19:45:00,0 p/s,0 p/s,0 p/s,0 p/s,31 p/s,0 p/s,0 p/s,8.01 kp/s,3.84 kp/s,4.20 kp/s,0 p/s,0 p/s,6.46 kp/s,1.54 kp/s,50.5 p/s,0 p/s,0 p/s,0 p/s,0 p/s,0 p/s,84.9 p/s,0 p/s,0 p/s,20.1 kp/s,18.0 kp/s,2.15 kp/s,0 p/s,0 p/s,2.28 kp/s,17.4 kp/s,543 p/s,0 p/s
2026-08-20 19:45:20,0 p/s,0 p/s,0 p/s,0 p/s,31.1 p/s,0 p/s,0 p/s,8.07 kp/s,3.87 kp/s,4.22 kp/s,0 p/s,0 p/s,6.49 kp/s,1.54 kp/s,50.7 p/s,0 p/s,0 p/s,0 p/s,0 p/s,0 p/s,86.5 p/s,0 p/s,0 p/s,20.1 kp/s,18.0 kp/s,2.15 kp/s,0 p/s,0 p/s,2.28 kp/s,17.5 kp/s,544 p/s,0 p/s
2026-08-20 19:45:40,0 p/s,0 p/s,0 p/s,0 p/s,30.1 p/s,0 p/s,0 p/s,7.82 kp/s,3.72 kp/s,4.13 kp/s,0 p/s,0 p/s,6.31 kp/s,1.50 kp/s,48.6 p/s,0 p/s,0 p/s,0 p/s,0 p/s,0 p/s,86.1 p/s,0 p/s,0 p/s,19.9 kp/s,17.8 kp/s,2.13 kp/s,0 p/s,0 p/s,2.26 kp/s,17.3 kp/s,536 p/s,0 p/s
2026-08-20 19:46:00,0 p/s,0 p/s,0 p/s,0 p/s,30.5 p/s,0 p/s,0 p/s,7.87 kp/s,3.76 kp/s,4.12 kp/s,0 p/s,0 p/s,6.34 kp/s,1.51 kp/s,49.2 p/s,0 p/s,0 p/s,0 p/s,0 p/s,0 p/s,83.4 p/s,0 p/s,0 p/s,19.8 kp/s,17.7 kp/s,2.11 kp/s,0 p/s,0 p/s,2.24 kp/s,17.2 kp/s,534 p/s,0 p/s
2026-08-20 19:46:20,0 p/s,0 p/s,0 p/s,0 p/s,31 p/s,0 p/s,0 p/s,8.03 kp/s,3.84 kp/s,4.21 kp/s,0 p/s,0 p/s,6.46 kp/s,1.53 kp/s,50.3 p/s,0 p/s,0 p/s,0 p/s,0 p/s,0 p/s,86 p/s,0 p/s,0 p/s,20.0 kp/s,18.0 kp/s,2.14 kp/s,0 p/s,0 p/s,2.28 kp/s,17.4 kp/s,540 p/s,0 p/s
2026-08-20 19:46:40,0 p/s,0 p/s,0 p/s,0 p/s,31 p/s,0 p/s,0 p/s,8.05 kp/s,3.87 kp/s,4.22 kp/s,0 p/s,0 p/s,6.49 kp/s,1.54 kp/s,50.6 p/s,0 p/s,0 p/s,0 p/s,0 p/s,0 p/s,86 p/s,0 p/s,0 p/s,20.2 kp/s,18.1 kp/s,2.16 kp/s,0 p/s,0 p/s,2.29 kp/s,17.6 kp/s,547 p/s,0 p/s
2026-08-20 19:47:00,0 p/s,0 p/s,0 p/s,0 p/s,31.5 p/s,0 p/s,0 p/s,8.08 kp/s,3.85 kp/s,4.25 kp/s,0 p/s,0 p/s,6.51 kp/s,1.55 kp/s,50.3 p/s,0 p/s,0 p/s,0 p/s,0 p/s,0 p/s,97.3 p/s,0 p/s,0 p/s,20.5 kp/s,18.3 kp/s,2.19 kp/s,0 p/s,0 p/s,2.32 kp/s,17.7 kp/s,552 p/s,0 p/s
2026-08-20 19:47:20,0 p/s,0 p/s,0 p/s,0 p/s,31.5 p/s,0 p/s,0 p/s,8.08 kp/s,3.86 kp/s,4.25 kp/s,0 p/s,0 p/s,6.50 kp/s,1.54 kp/s,50.2 p/s,0 p/s,0 p/s,0 p/s,0 p/s,0 p/s,316 p/s,0 p/s,0 p/s,21.4 kp/s,18.7 kp/s,2.83 kp/s,0 p/s,0 p/s,2.75 kp/s,18.0 kp/s,674 p/s,0 p/s
2026-08-20 19:47:40,0 p/s,0 p/s,0 p/s,0 p/s,30.5 p/s,0 p/s,0 p/s,7.86 kp/s,3.75 kp/s,4.13 kp/s,0 p/s,0 p/s,6.33 kp/s,1.50 kp/s,49.1 p/s,0 p/s,0 p/s,0 p/s,0 p/s,0 p/s,430 p/s,0 p/s,0 p/s,21.2 kp/s,18.2 kp/s,3.15 kp/s,0 p/s,0 p/s,2.90 kp/s,17.6 kp/s,782 p/s,0 p/s
2026-08-20 19:48:00,0 p/s,0 p/s,0 p/s,0 p/s,29.9 p/s,0 p/s,0 p/s,7.64 kp/s,3.64 kp/s,4.03 kp/s,0 p/s,0 p/s,6.15 kp/s,1.46 kp/s,46.7 p/s,0 p/s,0 p/s,0 p/s,0 p/s,0 p/s,501 p/s,0 p/s,0 p/s,20.8 kp/s,17.7 kp/s,3.38 kp/s,0 p/s,0 p/s,3.07 kp/s,17.2 kp/s,823 p/s,0 p/s
2026-08-20 19:48:20,0 p/s,0 p/s,0 p/s,0 p/s,29.5 p/s,0 p/s,0 p/s,7.63 kp/s,3.63 kp/s,4.02 kp/s,0 p/s,0 p/s,6.15 kp/s,1.46 kp/s,47.3 p/s,0 p/s,0 p/s,0 p/s,0 p/s,0 p/s,625 p/s,0 p/s,0 p/s,21.3 kp/s,17.9 kp/s,3.77 kp/s,0 p/s,0 p/s,3.36 kp/s,17.4 kp/s,910 p/s,0 p/s
2026-08-20 19:48:40,0 p/s,0 p/s,0 p/s,0 p/s,29.6 p/s,0 p/s,0 p/s,7.59 kp/s,3.61 kp/s,4.01 kp/s,0 p/s,0 p/s,6.11 kp/s,1.45 kp/s,47 p/s,0 p/s,0 p/s,0 p/s,0 p/s,0 p/s,638 p/s,0 p/s,0 p/s,20.6 kp/s,17.3 kp/s,3.84 kp/s,0 p/s,0 p/s,3.44 kp/s,16.9 kp/s,907 p/s,0 p/s
2026-08-20 19:49:00,0 p/s,0 p/s,0 p/s,0 p/s,29.5 p/s,0 p/s,0 p/s,7.64 kp/s,3.65 kp/s,4.02 kp/s,0 p/s,0 p/s,6.15 kp/s,1.46 kp/s,47.4 p/s,0 p/s,0 p/s,0 p/s,0 p/s,0 p/s,647 p/s,0 p/s,0 p/s,21.1 kp/s,17.7 kp/s,3.99 kp/s,0 p/s,0 p/s,3.63 kp/s,17.2 kp/s,925 p/s,0 p/s
2026-08-20 19:49:20,0 p/s,0 p/s,0 p/s,0 p/s,29.7 p/s,0 p/s,0 p/s,7.59 kp/s,3.61 kp/s,4.00 kp/s,0 p/s,0 p/s,6.11 kp/s,1.45 kp/s,46.9 p/s,0 p/s,0 p/s,0 p/s,0 p/s,0 p/s,647 p/s,0 p/s,0 p/s,21.0 kp/s,17.6 kp/s,3.98 kp/s,0 p/s,0 p/s,3.61 kp/s,17.2 kp/s,921 p/s,0 p/s
2026-08-20 19:49:40,0 p/s,0 p/s,0 p/s,0 p/s,30.1 p/s,0 p/s,0 p/s,7.63 kp/s,3.62 kp/s,4.02 kp/s,0 p/s,0 p/s,6.15 kp/s,1.46 kp/s,47.4 p/s,0 p/s,0 p/s,0 p/s,0 p/s,0 p/s,640 p/s,0 p/s,0 p/s,20.8 kp/s,17.5 kp/s,3.93 kp/s,0 p/s,0 p/s,3.57 kp/s,17.0 kp/s,910 p/s,0 p/s
2026-08-20 19:50:00,0 p/s,0 p/s,0 p/s,0 p/s,29.3 p/s,0 p/s,0 p/s,7.61 kp/s,3.64 kp/s,4.00 kp/s,0 p/s,0 p/s,6.14 kp/s,1.46 kp/s,47.6 p/s,0 p/s,0 p/s,0 p/s,0 p/s,0 p/s,637 p/s,0 p/s,0 p/s,20.7 kp/s,17.4 kp/s,3.92 kp/s,0 p/s,0 p/s,3.56 kp/s,16.9 kp/s,908 p/s,0 p/s
2026-08-20 19:50:20,0 p/s,0 p/s,0 p/s,0 p/s,29.5 p/s,0 p/s,0 p/s,7.63 kp/s,3.64 kp/s,4.02 kp/s,0 p/s,0 p/s,6.15 kp/s,1.46 kp/s,47.3 p/s,0 p/s,0 p/s,0 p/s,0 p/s,0 p/s,639 p/s,0 p/s,0 p/s,20.8 kp/s,17.5 kp/s,3.93 kp/s,0 p/s,0 p/s,3.57 kp/s,17.0 kp/s,913 p/s,0 p/s
2026-08-20 19:50:40,0 p/s,0 p/s,0 p/s,0 p/s,29.7 p/s,0 p/s,0 p/s,7.60 kp/s,3.62 kp/s,3.99 kp/s,0 p/s,0 p/s,6.12 kp/s,1.45 kp/s,47 p/s,0 p/s,0 p/s,0 p/s,0 p/s,0 p/s,646 p/s,0 p/s,0 p/s,21.0 kp/s,17.6 kp/s,3.97 kp/s,0 p/s,0 p/s,3.61 kp/s,17.2 kp/s,918 p/s,0 p/s
2026-08-20 19:51:00,0 p/s,0 p/s,0 p/s,0 p/s,29.7 p/s,0 p/s,0 p/s,7.63 kp/s,3.64 kp/s,4.02 kp/s,0 p/s,0 p/s,6.15 kp/s,1.46 kp/s,47.3 p/s,0 p/s,0 p/s,0 p/s,0 p/s,0 p/s,639 p/s,0 p/s,0 p/s,20.8 kp/s,17.4 kp/s,3.92 kp/s,0 p/s,0 p/s,3.56 kp/s,17.0 kp/s,910 p/s,0 p/s
2026-08-20 19:51:20,0 p/s,0 p/s,0 p/s,0 p/s,29.5 p/s,0 p/s,0 p/s,7.61 kp/s,3.66 kp/s,4.00 kp/s,0 p/s,0 p/s,6.13 kp/s,1.45 kp/s,47.5 p/s,0 p/s,0 p/s,0 p/s,0 p/s,0 p/s,645 p/s,0 p/s,0 p/s,21.0 kp/s,17.6 kp/s,3.96 kp/s,0 p/s,0 p/s,3.60 kp/s,17.1 kp/s,918 p/s,0 p/s
2026-08-20 19:51:40,0 p/s,0 p/s,0 p/s,0 p/s,29.3 p/s,0 p/s,0 p/s,7.66 kp/s,3.67 kp/s,4.00 kp/s,0 p/s,0 p/s,6.17 kp/s,1.46 kp/s,47.8 p/s,0 p/s,0 p/s,0 p/s,0 p/s,0 p/s,646 p/s,0 p/s,0 p/s,21.0 kp/s,17.7 kp/s,3.98 kp/s,0 p/s,0 p/s,3.62 kp/s,17.2 kp/s,922 p/s,0 p/s
2026-08-20 19:52:00,0 p/s,0 p/s,0 p/s,0 p/s,29.3 p/s,0 p/s,0 p/s,7.60 kp/s,3.64 kp/s,3.99 kp/s,0 p/s,0 p/s,6.12 kp/s,1.45 kp/s,47.6 p/s,0 p/s,0 p/s,0 p/s,0 p/s,0 p/s,644 p/s,0 p/s,0 p/s,20.9 kp/s,17.6 kp/s,3.96 kp/s,0 p/s,0 p/s,3.60 kp/s,17.1 kp/s,919 p/s,0 p/s
2026-08-20 19:52:20,0 p/s,0 p/s,0 p/s,0 p/s,29.4 p/s,0 p/s,0 p/s,7.55 kp/s,3.60 kp/s,3.98 kp/s,0 p/s,0 p/s,6.07 kp/s,1.44 kp/s,46.6 p/s,0 p/s,0 p/s,0 p/s,0 p/s,0 p/s,639 p/s,0 p/s,0 p/s,20.8 kp/s,17.4 kp/s,3.93 kp/s,0 p/s,0 p/s,3.57 kp/s,17.0 kp/s,910 p/s,0 p/s
2026-08-20 19:52:40,0 p/s,0 p/s,0 p/s,0 p/s,29.9 p/s,0 p/s,0 p/s,7.58 kp/s,3.62 kp/s,4.00 kp/s,0 p/s,0 p/s,6.11 kp/s,1.45 kp/s,46.5 p/s,0 p/s,0 p/s,0 p/s,0 p/s,0 p/s,638 p/s,0 p/s,0 p/s,20.7 kp/s,17.4 kp/s,3.93 kp/s,0 p/s,0 p/s,3.56 kp/s,17.0 kp/s,911 p/s,0 p/s
2026-08-20 19:53:00,0 p/s,0 p/s,0 p/s,0 p/s,29.4 p/s,0 p/s,0 p/s,7.51 kp/s,3.58 kp/s,3.95 kp/s,0 p/s,0 p/s,6.05 kp/s,1.44 kp/s,47 p/s,0 p/s,0 p/s,0 p/s,0 p/s,0 p/s,639 p/s,0 p/s,0 p/s,20.8 kp/s,17.5 kp/s,3.93 kp/s,0 p/s,0 p/s,3.57 kp/s,17.0 kp/s,910 p/s,0 p/s
2026-08-20 19:53:20,0 p/s,0 p/s,0 p/s,0 p/s,29.2 p/s,0 p/s,0 p/s,7.56 kp/s,3.60 kp/s,4.00 kp/s,0 p/s,0 p/s,6.10 kp/s,1.45 kp/s,46.7 p/s,0 p/s,0 p/s,0 p/s,0 p/s,0 p/s,636 p/s,0 p/s,0 p/s,20.7 kp/s,17.4 kp/s,3.91 kp/s,0 p/s,0 p/s,3.55 kp/s,16.9 kp/s,908 p/s,0 p/s
2026-08-20 19:53:40,0 p/s,0 p/s,0 p/s,0 p/s,29.1 p/s,0 p/s,0 p/s,7.52 kp/s,3.59 kp/s,3.95 kp/s,0 p/s,0 p/s,6.05 kp/s,1.44 kp/s,46.7 p/s,0 p/s,0 p/s,0 p/s,0 p/s,0 p/s,648 p/s,0 p/s,0 p/s,21.1 kp/s,17.7 kp/s,3.99 kp/s,0 p/s,0 p/s,3.62 kp/s,17.2 kp/s,924 p/s,0 p/s
2026-08-20 19:54:00,0 p/s,0 p/s,0 p/s,0 p/s,29.7 p/s,0 p/s,0 p/s,7.55 kp/s,3.59 kp/s,3.99 kp/s,0 p/s,0 p/s,6.08 kp/s,1.45 kp/s,46.4 p/s,0 p/s,0 p/s,0 p/s,0 p/s,0 p/s,645 p/s,0 p/s,0 p/s,21.0 kp/s,17.6 kp/s,3.97 kp/s,0 p/s,0 p/s,3.61 kp/s,17.2 kp/s,919 p/s,0 p/s
2026-08-20 19:54:20,0 p/s,0 p/s,0 p/s,0 p/s,29.3 p/s,0 p/s,0 p/s,7.65 kp/s,3.63 kp/s,4.04 kp/s,0 p/s,0 p/s,6.16 kp/s,1.47 kp/s,47.3 p/s,0 p/s,0 p/s,0 p/s,0 p/s,0 p/s,642 p/s,0 p/s,0 p/s,20.9 kp/s,17.5 kp/s,3.95 kp/s,0 p/s,0 p/s,3.58 kp/s,17.1 kp/s,915 p/s,0 p/s
2026-08-20 19:54:40,0 p/s,0 p/s,0 p/s,0 p/s,29.9 p/s,0 p/s,0 p/s,7.64 kp/s,3.63 kp/s,4.03 kp/s,0 p/s,0 p/s,6.16 kp/s,1.46 kp/s,47.3 p/s,0 p/s,0 p/s,0 p/s,0 p/s,0 p/s,647 p/s,0 p/s,0 p/s,21.0 kp/s,17.7 kp/s,3.99 kp/s,0 p/s,0 p/s,3.62 kp/s,17.2 kp/s,922 p/s,0 p/s
2026-08-20 19:55:00,0 p/s,0 p/s,0 p/s,0 p/s,29.7 p/s,0 p/s,0 p/s,7.64 kp/s,3.65 kp/s,4.02 kp/s,0 p/s,0 p/s,6.16 kp/s,1.46 kp/s,46.9 p/s,0 p/s,0 p/s,0 p/s,0 p/s,0 p/s,641 p/s,0 p/s,0 p/s,20.9 kp/s,17.5 kp/s,3.95 kp/s,0 p/s,0 p/s,3.59 kp/s,17.1 kp/s,914 p/s,0 p/s
2026-08-20 19:55:20,0 p/s,0 p/s,0 p/s,0 p/s,29.7 p/s,0 p/s,0 p/s,7.64 kp/s,3.66 kp/s,4.01 kp/s,0 p/s,0 p/s,6.16 kp/s,1.46 kp/s,47.5 p/s,0 p/s,0 p/s,0 p/s,0 p/s,0 p/s,648 p/s,0 p/s,0 p/s,21.1 kp/s,17.7 kp/s,3.99 kp/s,0 p/s,0 p/s,3.62 kp/s,17.2 kp/s,924 p/s,0 p/s
2026-08-20 19:55:40,0 p/s,0 p/s,0 p/s,0 p/s,29.5 p/s,0 p/s,0 p/s,7.59 kp/s,3.61 kp/s,4.00 kp/s,0 p/s,0 p/s,6.11 kp/s,1.45 kp/s,47.1 p/s,0 p/s,0 p/s,0 p/s,0 p/s,0 p/s,638 p/s,0 p/s,0 p/s,20.8 kp/s,17.5 kp/s,3.93 kp/s,0 p/s,0 p/s,3.57 kp/s,17.0 kp/s,909 p/s,0 p/s
2026-08-20 19:56:00,0 p/s,0 p/s,0 p/s,0 p/s,29.7 p/s,0 p/s,0 p/s,7.59 kp/s,3.61 kp/s,4.00 kp/s,0 p/s,0 p/s,6.12 kp/s,1.45 kp/s,46.7 p/s,0 p/s,0 p/s,0 p/s,0 p/s,0 p/s,648 p/s,0 p/s,0 p/s,21.1 kp/s,17.7 kp/s,3.99 kp/s,0 p/s,0 p/s,3.62 kp/s,17.2 kp/s,925 p/s,0 p/s
2026-08-20 19:56:20,0 p/s,0 p/s,0 p/s,0 p/s,29.7 p/s,0 p/s,0 p/s,7.65 kp/s,3.64 kp/s,4.03 kp/s,0 p/s,0 p/s,6.16 kp/s,1.46 kp/s,47.2 p/s,0 p/s,0 p/s,0 p/s,0 p/s,0 p/s,640 p/s,0 p/s,0 p/s,20.8 kp/s,17.5 kp/s,3.94 kp/s,0 p/s,0 p/s,3.58 kp/s,17.0 kp/s,914 p/s,0 p/s
2026-08-20 19:56:40,0 p/s,0 p/s,0 p/s,0 p/s,29.4 p/s,0 p/s,0 p/s,7.57 kp/s,3.62 kp/s,3.98 kp/s,0 p/s,0 p/s,6.09 kp/s,1.45 kp/s,47.5 p/s,0 p/s,0 p/s,0 p/s,0 p/s,0 p/s,643 p/s,0 p/s,0 p/s,20.9 kp/s,17.5 kp/s,3.94 kp/s,0 p/s,0 p/s,3.59 kp/s,17.1 kp/s,915 p/s,0 p/s
2026-08-20 19:57:00,0 p/s,0 p/s,0 p/s,0 p/s,29.7 p/s,0 p/s,0 p/s,7.62 kp/s,3.63 kp/s,4.00 kp/s,0 p/s,0 p/s,6.14 kp/s,1.45 kp/s,46.8 p/s,0 p/s,0 p/s,0 p/s,0 p/s,0 p/s,643 p/s,0 p/s,0 p/s,21.0 kp/s,17.6 kp/s,3.97 kp/s,0 p/s,0 p/s,3.61 kp/s,17.1 kp/s,918 p/s,0 p/s
2026-08-20 19:57:20,0 p/s,0 p/s,0 p/s,0 p/s,30.6 p/s,0 p/s,0 p/s,8.04 kp/s,3.81 kp/s,4.26 kp/s,0 p/s,0 p/s,6.49 kp/s,1.53 kp/s,49.1 p/s,0 p/s,0 p/s,0 p/s,0 p/s,0 p/s,526 p/s,0 p/s,0 p/s,20.2 kp/s,17.1 kp/s,3.78 kp/s,0 p/s,0 p/s,3.39 kp/s,16.9 kp/s,935 p/s,0 p/s
2026-08-20 19:57:40,0 p/s,0 p/s,0 p/s,0 p/s,31.6 p/s,0 p/s,0 p/s,8.19 kp/s,3.90 kp/s,4.32 kp/s,0 p/s,0 p/s,6.61 kp/s,1.56 kp/s,50.2 p/s,0 p/s,0 p/s,0 p/s,0 p/s,0 p/s,507 p/s,0 p/s,0 p/s,20.6 kp/s,17.5 kp/s,3.80 kp/s,0 p/s,0 p/s,3.42 kp/s,17.2 kp/s,974 p/s,0 p/s
2026-08-20 19:58:00,0 p/s,0 p/s,0 p/s,0 p/s,33.1 p/s,0 p/s,0 p/s,8.45 kp/s,4.05 kp/s,4.44 kp/s,0 p/s,0 p/s,6.82 kp/s,1.62 kp/s,52.5 p/s,0 p/s,0 p/s,0 p/s,0 p/s,0 p/s,376 p/s,0 p/s,0 p/s,20.5 kp/s,17.5 kp/s,3.57 kp/s,0 p/s,0 p/s,3.36 kp/s,17.3 kp/s,894 p/s,0 p/s
2026-08-20 19:58:20,0 p/s,0 p/s,0 p/s,0 p/s,33.4 p/s,0 p/s,0 p/s,8.61 kp/s,4.12 kp/s,4.54 kp/s,0 p/s,0 p/s,6.95 kp/s,1.65 kp/s,53.7 p/s,0 p/s,0 p/s,0 p/s,0 p/s,0 p/s,271 p/s,0 p/s,0 p/s,16.1 kp/s,14.0 kp/s,2.68 kp/s,0 p/s,0 p/s,2.58 kp/s,13.7 kp/s,871 p/s,0 p/s
2026-08-20 19:58:40,0 p/s,0 p/s,0 p/s,0 p/s,34.3 p/s,0 p/s,0 p/s,9.03 kp/s,4.34 kp/s,4.71 kp/s,0 p/s,0 p/s,7.30 kp/s,1.73 kp/s,57.3 p/s,0 p/s,0 p/s,0 p/s,0 p/s,0 p/s,90.5 p/s,0 p/s,0 p/s,14.4 kp/s,12.7 kp/s,2.12 kp/s,0 p/s,0 p/s,2.21 kp/s,12.3 kp/s,782 p/s,0 p/s
2026-08-20 19:59:00,0 p/s,0 p/s,0 p/s,0 p/s,34.7 p/s,0 p/s,0 p/s,9.17 kp/s,4.42 kp/s,4.78 kp/s,0 p/s,0 p/s,7.40 kp/s,1.76 kp/s,58.7 p/s,0 p/s,0 p/s,0 p/s,0 p/s,0 p/s,18.9 p/s,0 p/s,0 p/s,13.4 kp/s,12.0 kp/s,1.47 kp/s,0 p/s,0 p/s,1.25 kp/s,11.7 kp/s,780 p/s,0 p/s
2026-08-20 19:59:20,0 p/s,0 p/s,0 p/s,0 p/s,33.4 p/s,0 p/s,0 p/s,8.90 kp/s,4.26 kp/s,4.63 kp/s,0 p/s,0 p/s,7.16 kp/s,1.70 kp/s,56.4 p/s,0 p/s,0 p/s,0 p/s,0 p/s,0 p/s,16.8 p/s,0 p/s,0 p/s,13.8 kp/s,12.3 kp/s,1.49 kp/s,0 p/s,0 p/s,1.16 kp/s,12.0 kp/s,802 p/s,0 p/s
2026-08-20 19:59:40,0 p/s,0 p/s,0 p/s,0 p/s,33.9 p/s,0 p/s,0 p/s,8.85 kp/s,4.25 kp/s,4.61 kp/s,0 p/s,0 p/s,7.13 kp/s,1.70 kp/s,56.1 p/s,0 p/s,0 p/s,0 p/s,0 p/s,0 p/s,17.1 p/s,0 p/s,0 p/s,14.1 kp/s,12.6 kp/s,1.52 kp/s,0 p/s,0 p/s,1.19 kp/s,12.3 kp/s,821 p/s,0 p/s
2026-08-20 20:00:00,0 p/s,0 p/s,0 p/s,0 p/s,34.3 p/s,0 p/s,0 p/s,8.92 kp/s,4.29 kp/s,4.66 kp/s,0 p/s,0 p/s,7.19 kp/s,1.71 kp/s,55.9 p/s,0 p/s,0 p/s,0 p/s,0 p/s,0 p/s,16.5 p/s,0 p/s,0 p/s,13.8 kp/s,12.3 kp/s,1.48 kp/s,0 p/s,0 p/s,1.16 kp/s,12.0 kp/s,803 p/s,0 p/s
2026-08-20 20:00:20,0 p/s,0 p/s,0 p/s,0 p/s,34.3 p/s,0 p/s,0 p/s,8.89 kp/s,4.27 kp/s,4.65 kp/s,0 p/s,0 p/s,7.17 kp/s,1.70 kp/s,56.3 p/s,0 p/s,0 p/s,0 p/s,0 p/s,0 p/s,16.6 p/s,0 p/s,0 p/s,14.0 kp/s,12.4 kp/s,1.50 kp/s,0 p/s,0 p/s,1.17 kp/s,12.1 kp/s,813 p/s,0 p/s
2026-08-20 20:00:40,0 p/s,0 p/s,0 p/s,0 p/s,33.9 p/s,0 p/s,0 p/s,8.86 kp/s,4.24 kp/s,4.62 kp/s,0 p/s,0 p/s,7.14 kp/s,1.70 kp/s,55.5 p/s,0 p/s,0 p/s,0 p/s,0 p/s,0 p/s,17 p/s,0 p/s,0 p/s,14.0 kp/s,12.5 kp/s,1.51 kp/s,0 p/s,0 p/s,1.18 kp/s,12.2 kp/s,815 p/s,0 p/s
2026-08-20 20:01:00,0 p/s,0 p/s,0 p/s,0 p/s,33.9 p/s,0 p/s,0 p/s,8.86 kp/s,4.25 kp/s,4.63 kp/s,0 p/s,0 p/s,7.13 kp/s,1.69 kp/s,55.6 p/s,0 p/s,0 p/s,0 p/s,0 p/s,0 p/s,16.8 p/s,0 p/s,0 p/s,14.0 kp/s,12.5 kp/s,1.51 kp/s,0 p/s,0 p/s,1.18 kp/s,12.2 kp/s,816 p/s,0 p/s
2026-08-20 20:01:20,0 p/s,0 p/s,0 p/s,0 p/s,33.5 p/s,0 p/s,0 p/s,8.86 kp/s,4.26 kp/s,4.62 kp/s,0 p/s,0 p/s,7.13 kp/s,1.69 kp/s,55.9 p/s,0 p/s,0 p/s,0 p/s,0 p/s,0 p/s,16.5 p/s,0 p/s,0 p/s,13.9 kp/s,12.4 kp/s,1.50 kp/s,0 p/s,0 p/s,1.17 kp/s,12.1 kp/s,810 p/s,0 p/s
2026-08-20 20:01:40,0 p/s,0 p/s,0 p/s,0 p/s,33.5 p/s,0 p/s,0 p/s,8.78 kp/s,4.21 kp/s,4.59 kp/s,0 p/s,0 p/s,7.07 kp/s,1.68 kp/s,55.3 p/s,0 p/s,0 p/s,0 p/s,0 p/s,0 p/s,17 p/s,0 p/s,0 p/s,14.0 kp/s,12.5 kp/s,1.51 kp/s,0 p/s,0 p/s,1.18 kp/s,12.1 kp/s,814 p/s,0 p/s
2026-08-20 20:02:00,0 p/s,0 p/s,0 p/s,0 p/s,33 p/s,0 p/s,0 p/s,8.80 kp/s,4.22 kp/s,4.59 kp/s,0 p/s,0 p/s,7.10 kp/s,1.68 kp/s,55.6 p/s,0 p/s,0 p/s,0 p/s,0 p/s,0 p/s,17.7 p/s,0 p/s,0 p/s,14.3 kp/s,12.8 kp/s,1.54 kp/s,0 p/s,0 p/s,1.21 kp/s,12.4 kp/s,834 p/s,0 p/s
2026-08-20 20:02:20,0 p/s,0 p/s,0 p/s,0 p/s,33.9 p/s,0 p/s,0 p/s,8.82 kp/s,4.25 kp/s,4.60 kp/s,0 p/s,0 p/s,7.10 kp/s,1.69 kp/s,55.4 p/s,0 p/s,0 p/s,0 p/s,0 p/s,0 p/s,17.2 p/s,0 p/s,0 p/s,14.3 kp/s,12.7 kp/s,1.54 kp/s,0 p/s,0 p/s,1.20 kp/s,12.4 kp/s,832 p/s,0 p/s
2026-08-20 20:02:40,0 p/s,0 p/s,0 p/s,0 p/s,34.5 p/s,0 p/s,0 p/s,8.98 kp/s,4.31 kp/s,4.68 kp/s,0 p/s,0 p/s,7.23 kp/s,1.72 kp/s,56.3 p/s,0 p/s,0 p/s,0 p/s,0 p/s,0 p/s,17 p/s,0 p/s,0 p/s,14.0 kp/s,12.5 kp/s,1.51 kp/s,0 p/s,0 p/s,1.18 kp/s,12.2 kp/s,817 p/s,0 p/s
2026-08-20 20:03:00,0 p/s,0 p/s,0 p/s,0 p/s,33.9 p/s,0 p/s,0 p/s,8.87 kp/s,4.24 kp/s,4.64 kp/s,0 p/s,0 p/s,7.14 kp/s,1.69 kp/s,55.8 p/s,0 p/s,0 p/s,0 p/s,0 p/s,0 p/s,16.8 p/s,0 p/s,0 p/s,14.1 kp/s,12.5 kp/s,1.52 kp/s,0 p/s,0 p/s,1.18 kp/s,12.2 kp/s,820 p/s,0 p/s
2026-08-20 20:03:20,0 p/s,0 p/s,0 p/s,0 p/s,33.9 p/s,0 p/s,0 p/s,8.85 kp/s,4.24 kp/s,4.62 kp/s,0 p/s,0 p/s,7.12 kp/s,1.69 kp/s,55.8 p/s,0 p/s,0 p/s,0 p/s,0 p/s,0 p/s,16.9 p/s,0 p/s,0 p/s,13.9 kp/s,12.4 kp/s,1.49 kp/s,0 p/s,0 p/s,1.17 kp/s,12.0 kp/s,807 p/s,0 p/s
2026-08-20 20:03:40,0 p/s,0 p/s,0 p/s,0 p/s,34.1 p/s,0 p/s,0 p/s,8.89 kp/s,4.27 kp/s,4.63 kp/s,0 p/s,0 p/s,7.16 kp/s,1.70 kp/s,56.1 p/s,0 p/s,0 p/s,0 p/s,0 p/s,0 p/s,17 p/s,0 p/s,0 p/s,14.1 kp/s,12.6 kp/s,1.52 kp/s,0 p/s,0 p/s,1.19 kp/s,12.2 kp/s,819 p/s,0 p/s
2026-08-20 20:04:00,0 p/s,0 p/s,0 p/s,0 p/s,33.5 p/s,0 p/s,0 p/s,8.81 kp/s,4.23 kp/s,4.60 kp/s,0 p/s,0 p/s,7.10 kp/s,1.69 kp/s,55.4 p/s,0 p/s,0 p/s,0 p/s,0 p/s,0 p/s,17.1 p/s,0 p/s,0 p/s,14.1 kp/s,12.6 kp/s,1.52 kp/s,0 p/s,0 p/s,1.19 kp/s,12.2 kp/s,821 p/s,0 p/s
2026-08-20 20:04:20,0 p/s,0 p/s,0 p/s,0 p/s,33.9 p/s,0 p/s,0 p/s,8.88 kp/s,4.24 kp/s,4.64 kp/s,0 p/s,0 p/s,7.14 kp/s,1.70 kp/s,55.8 p/s,0 p/s,0 p/s,0 p/s,0 p/s,0 p/s,16.9 p/s,0 p/s,0 p/s,14.1 kp/s,12.6 kp/s,1.52 kp/s,0 p/s,0 p/s,1.19 kp/s,12.3 kp/s,822 p/s,0 p/s
2026-08-20 20:04:40,0 p/s,0 p/s,0 p/s,0 p/s,33.5 p/s,0 p/s,0 p/s,8.77 kp/s,4.19 kp/s,4.58 kp/s,0 p/s,0 p/s,7.06 kp/s,1.68 kp/s,55.2 p/s,0 p/s,0 p/s,0 p/s,0 p/s,0 p/s,16.8 p/s,0 p/s,0 p/s,14.0 kp/s,12.5 kp/s,1.51 kp/s,0 p/s,0 p/s,1.18 kp/s,12.2 kp/s,816 p/s,0 p/s
2026-08-20 20:05:00,0 p/s,0 p/s,0 p/s,0 p/s,33.5 p/s,0 p/s,0 p/s,8.78 kp/s,4.21 kp/s,4.59 kp/s,0 p/s,0 p/s,7.06 kp/s,1.68 kp/s,54.7 p/s,0 p/s,0 p/s,0 p/s,0 p/s,0 p/s,17.2 p/s,0 p/s,0 p/s,14.3 kp/s,12.7 kp/s,1.54 kp/s,0 p/s,0 p/s,1.20 kp/s,12.4 kp/s,829 p/s,0 p/s
2026-08-20 20:05:20,0 p/s,0 p/s,0 p/s,0 p/s,33.5 p/s,0 p/s,0 p/s,8.77 kp/s,4.19 kp/s,4.59 kp/s,0 p/s,0 p/s,7.06 kp/s,1.68 kp/s,54.7 p/s,0 p/s,0 p/s,0 p/s,0 p/s,0 p/s,17.4 p/s,0 p/s,0 p/s,14.3 kp/s,12.7 kp/s,1.54 kp/s,0 p/s,0 p/s,1.20 kp/s,12.4 kp/s,830 p/s,0 p/s
2026-08-20 20:05:40,0 p/s,0 p/s,0 p/s,0 p/s,34 p/s,0 p/s,0 p/s,8.79 kp/s,4.21 kp/s,4.59 kp/s,0 p/s,0 p/s,7.08 kp/s,1.68 kp/s,55 p/s,0 p/s,0 p/s,0 p/s,0 p/s,0 p/s,17.1 p/s,0 p/s,0 p/s,14.2 kp/s,12.6 kp/s,1.53 kp/s,0 p/s,0 p/s,1.19 kp/s,12.3 kp/s,825 p/s,0 p/s
2026-08-20 20:06:00,0 p/s,0 p/s,0 p/s,0 p/s,33.9 p/s,0 p/s,0 p/s,8.83 kp/s,4.24 kp/s,4.61 kp/s,0 p/s,0 p/s,7.10 kp/s,1.69 kp/s,55.6 p/s,0 p/s,0 p/s,0 p/s,0 p/s,0 p/s,17.2 p/s,0 p/s,0 p/s,14.3 kp/s,12.7 kp/s,1.54 kp/s,0 p/s,0 p/s,1.20 kp/s,12.4 kp/s,831 p/s,0 p/s
2026-08-20 20:06:20,0 p/s,0 p/s,0 p/s,0 p/s,33.9 p/s,0 p/s,0 p/s,8.80 kp/s,4.23 kp/s,4.57 kp/s,0 p/s,0 p/s,7.08 kp/s,1.68 kp/s,55.4 p/s,0 p/s,0 p/s,0 p/s,0 p/s,0 p/s,17.1 p/s,0 p/s,0 p/s,14.2 kp/s,12.7 kp/s,1.53 kp/s,0 p/s,0 p/s,1.20 kp/s,12.3 kp/s,827 p/s,0 p/s
2026-08-20 20:06:40,0 p/s,0 p/s,0 p/s,0 p/s,33.1 p/s,0 p/s,0 p/s,8.77 kp/s,4.21 kp/s,4.59 kp/s,0 p/s,0 p/s,7.06 kp/s,1.68 kp/s,55.2 p/s,0 p/s,0 p/s,0 p/s,0 p/s,0 p/s,16.7 p/s,0 p/s,0 p/s,14.0 kp/s,12.5 kp/s,1.50 kp/s,0 p/s,0 p/s,1.18 kp/s,12.1 kp/s,815 p/s,0 p/s
2026-08-20 20:07:00,0 p/s,0 p/s,0 p/s,0 p/s,33.9 p/s,0 p/s,0 p/s,8.93 kp/s,4.27 kp/s,4.66 kp/s,0 p/s,0 p/s,7.19 kp/s,1.71 kp/s,56.2 p/s,0 p/s,0 p/s,0 p/s,0 p/s,0 p/s,16.7 p/s,0 p/s,0 p/s,14.0 kp/s,12.5 kp/s,1.51 kp/s,0 p/s,0 p/s,1.18 kp/s,12.2 kp/s,817 p/s,0 p/s
2026-08-20 20:07:20,0 p/s,0 p/s,0 p/s,0 p/s,33.7 p/s,0 p/s,0 p/s,8.81 kp/s,4.22 kp/s,4.60 kp/s,0 p/s,0 p/s,7.09 kp/s,1.68 kp/s,55.2 p/s,0 p/s,0 p/s,0 p/s,0 p/s,0 p/s,17.3 p/s,0 p/s,0 p/s,14.1 kp/s,12.5 kp/s,1.51 kp/s,0 p/s,0 p/s,1.18 kp/s,12.2 kp/s,819 p/s,0 p/s
2026-08-20 20:07:40,0 p/s,0 p/s,0 p/s,0 p/s,34.6 p/s,0 p/s,0 p/s,8.96 kp/s,4.29 kp/s,4.69 kp/s,0 p/s,0 p/s,7.21 kp/s,1.71 kp/s,56.1 p/s,0 p/s,0 p/s,0 p/s,0 p/s,0 p/s,153 p/s,0 p/s,0 p/s,14.5 kp/s,12.9 kp/s,1.66 kp/s,0 p/s,0 p/s,1.22 kp/s,12.5 kp/s,949 p/s,0 p/s
2026-08-20 20:08:00,0 p/s,0 p/s,0 p/s,0 p/s,33.7 p/s,0 p/s,0 p/s,8.74 kp/s,4.19 kp/s,4.57 kp/s,0 p/s,0 p/s,7.03 kp/s,1.67 kp/s,54.8 p/s,0 p/s,0 p/s,0 p/s,0 p/s,0 p/s,1.04 kp/s,0 p/s,0 p/s,14.8 kp/s,12.9 kp/s,2.78 kp/s,0 p/s,0 p/s,1.24 kp/s,12.4 kp/s,2.02 kp/s,0 p/s
2026-08-20 20:08:20,0 p/s,0 p/s,0 p/s,0 p/s,33 p/s,0 p/s,0 p/s,8.41 kp/s,4.00 kp/s,4.41 kp/s,0 p/s,0 p/s,6.78 kp/s,1.61 kp/s,52.2 p/s,0 p/s,0 p/s,0 p/s,0 p/s,0 p/s,2.71 kp/s,0 p/s,0 p/s,15.3 kp/s,12.7 kp/s,5.11 kp/s,0 p/s,0 p/s,1.49 kp/s,12.3 kp/s,4.02 kp/s,0 p/s
2026-08-20 20:08:40,0 p/s,0 p/s,0 p/s,0 p/s,32.1 p/s,0 p/s,0 p/s,8.25 kp/s,3.94 kp/s,4.34 kp/s,0 p/s,0 p/s,6.64 kp/s,1.58 kp/s,51.3 p/s,0 p/s,0 p/s,0 p/s,0 p/s,0 p/s,3.12 kp/s,0 p/s,0 p/s,15.3 kp/s,12.4 kp/s,5.89 kp/s,0 p/s,0 p/s,1.53 kp/s,12.0 kp/s,4.69 kp/s,0 p/s
2026-08-20 20:09:00,0 p/s,0 p/s,0 p/s,0 p/s,32.2 p/s,0 p/s,0 p/s,8.22 kp/s,3.93 kp/s,4.32 kp/s,0 p/s,0 p/s,6.62 kp/s,1.57 kp/s,50.7 p/s,0 p/s,0 p/s,0 p/s,0 p/s,0 p/s,3.61 kp/s,0 p/s,0 p/s,15.6 kp/s,12.5 kp/s,6.60 kp/s,0 p/s,0 p/s,1.60 kp/s,12.1 kp/s,5.29 kp/s,0 p/s
2026-08-20 20:09:20,0 p/s,0 p/s,0 p/s,0 p/s,32.5 p/s,0 p/s,0 p/s,8.19 kp/s,3.92 kp/s,4.30 kp/s,0 p/s,0 p/s,6.59 kp/s,1.57 kp/s,51.1 p/s,0 p/s,0 p/s,0 p/s,0 p/s,0 p/s,4.34 kp/s,0 p/s,0 p/s,16.7 kp/s,13.1 kp/s,7.83 kp/s,0 p/s,0 p/s,1.84 kp/s,12.8 kp/s,6.39 kp/s,0 p/s
2026-08-20 20:09:40,0 p/s,0 p/s,0 p/s,0 p/s,31.8 p/s,0 p/s,0 p/s,8.08 kp/s,3.85 kp/s,4.25 kp/s,0 p/s,0 p/s,6.51 kp/s,1.55 kp/s,50.2 p/s,0 p/s,0 p/s,0 p/s,0 p/s,0 p/s,4.29 kp/s,0 p/s,0 p/s,16.5 kp/s,13.0 kp/s,7.74 kp/s,0 p/s,0 p/s,1.87 kp/s,12.7 kp/s,6.33 kp/s,0 p/s
2026-08-20 20:10:00,0 p/s,0 p/s,0 p/s,0 p/s,32.2 p/s,0 p/s,0 p/s,8.17 kp/s,3.89 kp/s,4.30 kp/s,0 p/s,0 p/s,6.58 kp/s,1.56 kp/s,50.8 p/s,0 p/s,0 p/s,0 p/s,0 p/s,0 p/s,4.29 kp/s,0 p/s,0 p/s,16.5 kp/s,13.0 kp/s,7.75 kp/s,0 p/s,0 p/s,1.88 kp/s,12.7 kp/s,6.34 kp/s,0 p/s
2026-08-20 20:10:20,0 p/s,0 p/s,0 p/s,0 p/s,31.7 p/s,0 p/s,0 p/s,8.16 kp/s,3.89 kp/s,4.29 kp/s,0 p/s,0 p/s,6.57 kp/s,1.56 kp/s,50.7 p/s,0 p/s,0 p/s,0 p/s,0 p/s,0 p/s,4.32 kp/s,0 p/s,0 p/s,16.6 kp/s,13.1 kp/s,7.80 kp/s,0 p/s,0 p/s,1.88 kp/s,12.7 kp/s,6.37 kp/s,0 p/s
2026-08-20 20:10:40,0 p/s,0 p/s,0 p/s,0 p/s,31.3 p/s,0 p/s,0 p/s,8.15 kp/s,3.89 kp/s,4.29 kp/s,0 p/s,0 p/s,6.57 kp/s,1.56 kp/s,50.8 p/s,0 p/s,0 p/s,0 p/s,0 p/s,0 p/s,4.28 kp/s,0 p/s,0 p/s,16.4 kp/s,13.0 kp/s,7.72 kp/s,0 p/s,0 p/s,1.87 kp/s,12.6 kp/s,6.31 kp/s,0 p/s
2026-08-20 20:11:00,0 p/s,0 p/s,0 p/s,0 p/s,32.1 p/s,0 p/s,0 p/s,8.14 kp/s,3.89 kp/s,4.27 kp/s,0 p/s,0 p/s,6.55 kp/s,1.56 kp/s,49.9 p/s,0 p/s,0 p/s,0 p/s,0 p/s,0 p/s,4.28 kp/s,0 p/s,0 p/s,16.5 kp/s,13.0 kp/s,7.74 kp/s,0 p/s,0 p/s,1.87 kp/s,12.6 kp/s,6.32 kp/s,0 p/s
2026-08-20 20:11:20,0 p/s,0 p/s,0 p/s,0 p/s,31.2 p/s,0 p/s,0 p/s,8.09 kp/s,3.86 kp/s,4.26 kp/s,0 p/s,0 p/s,6.52 kp/s,1.55 kp/s,50 p/s,0 p/s,0 p/s,0 p/s,0 p/s,0 p/s,4.34 kp/s,0 p/s,0 p/s,16.6 kp/s,13.1 kp/s,7.82 kp/s,0 p/s,0 p/s,1.89 kp/s,12.8 kp/s,6.39 kp/s,0 p/s
2026-08-20 20:11:40,0 p/s,0 p/s,0 p/s,0 p/s,31.8 p/s,0 p/s,0 p/s,8.12 kp/s,3.88 kp/s,4.26 kp/s,0 p/s,0 p/s,6.54 kp/s,1.55 kp/s,50.1 p/s,0 p/s,0 p/s,0 p/s,0 p/s,0 p/s,4.32 kp/s,0 p/s,0 p/s,16.6 kp/s,13.1 kp/s,7.80 kp/s,0 p/s,0 p/s,1.88 kp/s,12.7 kp/s,6.37 kp/s,0 p/s
2026-08-20 20:12:00,0 p/s,0 p/s,0 p/s,0 p/s,32.5 p/s,0 p/s,0 p/s,8.18 kp/s,3.89 kp/s,4.31 kp/s,0 p/s,0 p/s,6.59 kp/s,1.57 kp/s,50.4 p/s,0 p/s,0 p/s,0 p/s,0 p/s,0 p/s,4.32 kp/s,0 p/s,0 p/s,16.6 kp/s,13.1 kp/s,7.81 kp/s,0 p/s,0 p/s,1.89 kp/s,12.8 kp/s,6.38 kp/s,0 p/s
2026-08-20 20:12:20,0 p/s,0 p/s,0 p/s,0 p/s,31.9 p/s,0 p/s,0 p/s,8.23 kp/s,3.93 kp/s,4.32 kp/s,0 p/s,0 p/s,6.62 kp/s,1.57 kp/s,50.7 p/s,0 p/s,0 p/s,0 p/s,0 p/s,0 p/s,4.28 kp/s,0 p/s,0 p/s,16.4 kp/s,13.0 kp/s,7.73 kp/s,0 p/s,0 p/s,1.87 kp/s,12.6 kp/s,6.32 kp/s,0 p/s
2026-08-20 20:12:40,0 p/s,0 p/s,0 p/s,0 p/s,31.6 p/s,0 p/s,0 p/s,8.18 kp/s,3.90 kp/s,4.30 kp/s,0 p/s,0 p/s,6.59 kp/s,1.57 kp/s,50.9 p/s,0 p/s,0 p/s,0 p/s,0 p/s,0 p/s,4.31 kp/s,0 p/s,0 p/s,16.5 kp/s,13.1 kp/s,7.78 kp/s,0 p/s,0 p/s,1.88 kp/s,12.7 kp/s,6.36 kp/s,0 p/s
2026-08-20 20:13:00,0 p/s,0 p/s,0 p/s,0 p/s,32 p/s,0 p/s,0 p/s,8.19 kp/s,3.90 kp/s,4.30 kp/s,0 p/s,0 p/s,6.59 kp/s,1.56 kp/s,50.9 p/s,0 p/s,0 p/s,0 p/s,0 p/s,0 p/s,4.25 kp/s,0 p/s,0 p/s,16.3 kp/s,12.9 kp/s,7.68 kp/s,0 p/s,0 p/s,1.85 kp/s,12.5 kp/s,6.27 kp/s,0 p/s
2026-08-20 20:13:20,0 p/s,0 p/s,0 p/s,0 p/s,31.9 p/s,0 p/s,0 p/s,8.21 kp/s,3.92 kp/s,4.32 kp/s,0 p/s,0 p/s,6.61 kp/s,1.57 kp/s,51.1 p/s,0 p/s,0 p/s,0 p/s,0 p/s,0 p/s,4.41 kp/s,0 p/s,0 p/s,16.9 kp/s,13.4 kp/s,7.96 kp/s,0 p/s,0 p/s,1.93 kp/s,13.0 kp/s,6.51 kp/s,0 p/s
2026-08-20 20:13:40,0 p/s,0 p/s,0 p/s,0 p/s,31.8 p/s,0 p/s,0 p/s,8.14 kp/s,3.89 kp/s,4.28 kp/s,0 p/s,0 p/s,6.55 kp/s,1.56 kp/s,50.6 p/s,0 p/s,0 p/s,0 p/s,0 p/s,0 p/s,4.34 kp/s,0 p/s,0 p/s,16.7 kp/s,13.2 kp/s,7.86 kp/s,0 p/s,0 p/s,1.90 kp/s,12.8 kp/s,6.42 kp/s,0 p/s
2026-08-20 20:14:00,0 p/s,0 p/s,0 p/s,0 p/s,31.9 p/s,0 p/s,0 p/s,8.14 kp/s,3.88 kp/s,4.29 kp/s,0 p/s,0 p/s,6.56 kp/s,1.56 kp/s,50.3 p/s,0 p/s,0 p/s,0 p/s,0 p/s,0 p/s,4.29 kp/s,0 p/s,0 p/s,16.4 kp/s,13.0 kp/s,7.73 kp/s,0 p/s,0 p/s,1.87 kp/s,12.6 kp/s,6.32 kp/s,0 p/s
2026-08-20 20:14:20,0 p/s,0 p/s,0 p/s,0 p/s,31.7 p/s,0 p/s,0 p/s,8.14 kp/s,3.88 kp/s,4.27 kp/s,0 p/s,0 p/s,6.55 kp/s,1.56 kp/s,49.9 p/s,0 p/s,0 p/s,0 p/s,0 p/s,0 p/s,4.40 kp/s,0 p/s,0 p/s,16.9 kp/s,13.4 kp/s,7.96 kp/s,0 p/s,0 p/s,1.93 kp/s,13.0 kp/s,6.50 kp/s,0 p/s
2026-08-20 20:14:40,0 p/s,0 p/s,0 p/s,0 p/s,31.3 p/s,0 p/s,0 p/s,8.08 kp/s,3.86 kp/s,4.25 kp/s,0 p/s,0 p/s,6.51 kp/s,1.54 kp/s,50.1 p/s,0 p/s,0 p/s,0 p/s,0 p/s,0 p/s,4.28 kp/s,0 p/s,0 p/s,16.4 kp/s,13.0 kp/s,7.73 kp/s,0 p/s,0 p/s,1.87 kp/s,12.6 kp/s,6.31 kp/s,0 p/s
2026-08-20 20:15:00,0 p/s,0 p/s,0 p/s,0 p/s,32.1 p/s,0 p/s,0 p/s,8.16 kp/s,3.88 kp/s,4.30 kp/s,0 p/s,0 p/s,6.57 kp/s,1.56 kp/s,50.4 p/s,0 p/s,0 p/s,0 p/s,0 p/s,0 p/s,4.34 kp/s,0 p/s,0 p/s,16.7 kp/s,13.2 kp/s,7.85 kp/s,0 p/s,0 p/s,1.89 kp/s,12.8 kp/s,6.41 kp/s,0 p/s
2026-08-20 20:15:20,0 p/s,0 p/s,0 p/s,0 p/s,31.7 p/s,0 p/s,0 p/s,8.17 kp/s,3.91 kp/s,4.28 kp/s,0 p/s,0 p/s,6.58 kp/s,1.56 kp/s,50.9 p/s,0 p/s,0 p/s,0 p/s,0 p/s,0 p/s,4.27 kp/s,0 p/s,0 p/s,16.4 kp/s,13.0 kp/s,7.72 kp/s,0 p/s,0 p/s,1.86 kp/s,12.6 kp/s,6.30 kp/s,0 p/s
2026-08-20 20:15:40,0 p/s,0 p/s,0 p/s,0 p/s,31.6 p/s,0 p/s,0 p/s,8.16 kp/s,3.90 kp/s,4.28 kp/s,0 p/s,0 p/s,6.57 kp/s,1.56 kp/s,50.9 p/s,0 p/s,0 p/s,0 p/s,0 p/s,0 p/s,4.27 kp/s,0 p/s,0 p/s,16.4 kp/s,12.9 kp/s,7.70 kp/s,0 p/s,0 p/s,1.86 kp/s,12.6 kp/s,6.29 kp/s,0 p/s
2026-08-20 20:16:00,0 p/s,0 p/s,0 p/s,0 p/s,31.5 p/s,0 p/s,0 p/s,8.11 kp/s,3.87 kp/s,4.27 kp/s,0 p/s,0 p/s,6.53 kp/s,1.55 kp/s,50.2 p/s,0 p/s,0 p/s,0 p/s,0 p/s,0 p/s,4.29 kp/s,0 p/s,0 p/s,16.5 kp/s,13.0 kp/s,7.75 kp/s,0 p/s,0 p/s,1.87 kp/s,12.6 kp/s,6.33 kp/s,0 p/s
2026-08-20 20:16:20,0 p/s,0 p/s,0 p/s,0 p/s,31.9 p/s,0 p/s,0 p/s,8.26 kp/s,3.93 kp/s,4.34 kp/s,0 p/s,0 p/s,6.66 kp/s,1.58 kp/s,51 p/s,0 p/s,0 p/s,0 p/s,0 p/s,0 p/s,4.31 kp/s,0 p/s,0 p/s,16.5 kp/s,13.1 kp/s,7.79 kp/s,0 p/s,0 p/s,1.88 kp/s,12.7 kp/s,6.36 kp/s,0 p/s
2026-08-20 20:16:40,0 p/s,0 p/s,0 p/s,0 p/s,31.9 p/s,0 p/s,0 p/s,8.13 kp/s,3.87 kp/s,4.30 kp/s,0 p/s,0 p/s,6.54 kp/s,1.56 kp/s,50.5 p/s,0 p/s,0 p/s,0 p/s,0 p/s,0 p/s,4.33 kp/s,0 p/s,0 p/s,16.6 kp/s,13.1 kp/s,7.81 kp/s,0 p/s,0 p/s,1.89 kp/s,12.8 kp/s,6.39 kp/s,0 p/s
2026-08-20 20:17:00,0 p/s,0 p/s,0 p/s,0 p/s,31.3 p/s,0 p/s,0 p/s,8.12 kp/s,3.88 kp/s,4.25 kp/s,0 p/s,0 p/s,6.54 kp/s,1.56 kp/s,50.6 p/s,0 p/s,0 p/s,0 p/s,0 p/s,0 p/s,4.29 kp/s,0 p/s,0 p/s,16.5 kp/s,13.0 kp/s,7.74 kp/s,0 p/s,0 p/s,1.87 kp/s,12.7 kp/s,6.33 kp/s,0 p/s
2026-08-20 20:17:20,0 p/s,0 p/s,0 p/s,0 p/s,31.2 p/s,0 p/s,0 p/s,8.16 kp/s,3.89 kp/s,4.29 kp/s,0 p/s,0 p/s,6.57 kp/s,1.56 kp/s,50.8 p/s,0 p/s,0 p/s,0 p/s,0 p/s,0 p/s,4.28 kp/s,0 p/s,0 p/s,16.4 kp/s,13.0 kp/s,7.73 kp/s,0 p/s,0 p/s,1.86 kp/s,12.6 kp/s,6.32 kp/s,0 p/s
2026-08-20 20:17:40,0 p/s,0 p/s,0 p/s,0 p/s,31.7 p/s,0 p/s,0 p/s,8.22 kp/s,3.92 kp/s,4.33 kp/s,0 p/s,0 p/s,6.63 kp/s,1.57 kp/s,51 p/s,0 p/s,0 p/s,0 p/s,0 p/s,0 p/s,4.37 kp/s,0 p/s,0 p/s,16.8 kp/s,13.2 kp/s,7.89 kp/s,0 p/s,0 p/s,1.91 kp/s,12.9 kp/s,6.45 kp/s,0 p/s
2026-08-20 20:18:00,0 p/s,0 p/s,0 p/s,0 p/s,31.7 p/s,0 p/s,0 p/s,8.11 kp/s,3.86 kp/s,4.27 kp/s,0 p/s,0 p/s,6.53 kp/s,1.55 kp/s,50.3 p/s,0 p/s,0 p/s,0 p/s,0 p/s,0 p/s,4.34 kp/s,0 p/s,0 p/s,17.2 kp/s,13.5 kp/s,7.77 kp/s,0 p/s,0 p/s,2.22 kp/s,12.8 kp/s,6.30 kp/s,0 p/s
2026-08-20 20:18:20,0 p/s,0 p/s,0 p/s,0 p/s,31.2 p/s,0 p/s,0 p/s,8.00 kp/s,3.82 kp/s,4.21 kp/s,0 p/s,0 p/s,6.43 kp/s,1.53 kp/s,49.6 p/s,0 p/s,0 p/s,0 p/s,0 p/s,0 p/s,3.77 kp/s,0 p/s,0 p/s,17.9 kp/s,14.4 kp/s,7.06 kp/s,0 p/s,0 p/s,4.52 kp/s,11.4 kp/s,5.46 kp/s,0 p/s
2026-08-20 20:18:40,0 p/s,0 p/s,0 p/s,0 p/s,32.1 p/s,0 p/s,0 p/s,8.08 kp/s,3.85 kp/s,4.25 kp/s,0 p/s,0 p/s,6.50 kp/s,1.54 kp/s,49.8 p/s,0 p/s,0 p/s,0 p/s,0 p/s,0 p/s,3.61 kp/s,0 p/s,0 p/s,18.6 kp/s,15.1 kp/s,6.87 kp/s,0 p/s,0 p/s,5.65 kp/s,11.1 kp/s,5.23 kp/s,0 p/s
2026-08-20 20:19:00,0 p/s,0 p/s,0 p/s,0 p/s,30.8 p/s,0 p/s,0 p/s,7.98 kp/s,3.79 kp/s,4.19 kp/s,0 p/s,0 p/s,6.43 kp/s,1.53 kp/s,49.1 p/s,0 p/s,0 p/s,0 p/s,0 p/s,0 p/s,3.38 kp/s,0 p/s,0 p/s,18.7 kp/s,15.4 kp/s,6.54 kp/s,0 p/s,0 p/s,6.45 kp/s,10.6 kp/s,4.89 kp/s,0 p/s
2026-08-20 20:19:20,0 p/s,0 p/s,0 p/s,0 p/s,31.3 p/s,0 p/s,0 p/s,8.03 kp/s,3.82 kp/s,4.22 kp/s,0 p/s,0 p/s,6.46 kp/s,1.54 kp/s,49.5 p/s,0 p/s,0 p/s,0 p/s,0 p/s,0 p/s,2.98 kp/s,0 p/s,0 p/s,18.8 kp/s,15.6 kp/s,6.03 kp/s,0 p/s,0 p/s,7.76 kp/s,9.56 kp/s,4.31 kp/s,0 p/s
2026-08-20 20:19:40,0 p/s,0 p/s,0 p/s,0 p/s,31.1 p/s,0 p/s,0 p/s,7.91 kp/s,3.76 kp/s,4.17 kp/s,0 p/s,0 p/s,6.37 kp/s,1.51 kp/s,48.5 p/s,0 p/s,0 p/s,0 p/s,0 p/s,0 p/s,2.99 kp/s,0 p/s,0 p/s,19.1 kp/s,15.9 kp/s,6.16 kp/s,0 p/s,0 p/s,8.21 kp/s,9.63 kp/s,4.33 kp/s,0 p/s
2026-08-20 20:20:00,0 p/s,0 p/s,0 p/s,0 p/s,29.9 p/s,0 p/s,0 p/s,7.85 kp/s,3.75 kp/s,4.14 kp/s,0 p/s,0 p/s,6.31 kp/s,1.50 kp/s,48.5 p/s,0 p/s,0 p/s,0 p/s,0 p/s,0 p/s,2.97 kp/s,0 p/s,0 p/s,19.0 kp/s,15.9 kp/s,6.12 kp/s,0 p/s,0 p/s,8.19 kp/s,9.58 kp/s,4.30 kp/s,0 p/s
2026-08-20 20:20:20,0 p/s,0 p/s,0 p/s,0 p/s,30.9 p/s,0 p/s,0 p/s,7.95 kp/s,3.79 kp/s,4.19 kp/s,0 p/s,0 p/s,6.39 kp/s,1.52 kp/s,49.5 p/s,0 p/s,0 p/s,0 p/s,0 p/s,0 p/s,2.99 kp/s,0 p/s,0 p/s,19.2 kp/s,16.0 kp/s,6.17 kp/s,0 p/s,0 p/s,8.25 kp/s,9.65 kp/s,4.33 kp/s,0 p/s
2026-08-20 20:20:40,0 p/s,0 p/s,0 p/s,0 p/s,30.5 p/s,0 p/s,0 p/s,7.90 kp/s,3.77 kp/s,4.16 kp/s,0 p/s,0 p/s,6.36 kp/s,1.51 kp/s,49.5 p/s,0 p/s,0 p/s,0 p/s,0 p/s,0 p/s,2.97 kp/s,0 p/s,0 p/s,19.0 kp/s,15.9 kp/s,6.13 kp/s,0 p/s,0 p/s,8.18 kp/s,9.58 kp/s,4.30 kp/s,0 p/s
2026-08-20 20:21:00,0 p/s,0 p/s,0 p/s,0 p/s,30.3 p/s,0 p/s,0 p/s,7.88 kp/s,3.73 kp/s,4.15 kp/s,0 p/s,0 p/s,6.36 kp/s,1.51 kp/s,48.7 p/s,0 p/s,0 p/s,0 p/s,0 p/s,0 p/s,2.96 kp/s,0 p/s,0 p/s,19.0 kp/s,15.8 kp/s,6.10 kp/s,0 p/s,0 p/s,8.16 kp/s,9.54 kp/s,4.28 kp/s,0 p/s
2026-08-20 20:21:20,0 p/s,0 p/s,0 p/s,0 p/s,31.2 p/s,0 p/s,0 p/s,7.91 kp/s,3.77 kp/s,4.17 kp/s,0 p/s,0 p/s,6.37 kp/s,1.51 kp/s,48.9 p/s,0 p/s,0 p/s,0 p/s,0 p/s,0 p/s,2.93 kp/s,0 p/s,0 p/s,18.8 kp/s,15.6 kp/s,6.04 kp/s,0 p/s,0 p/s,8.07 kp/s,9.45 kp/s,4.24 kp/s,0 p/s
2026-08-20 20:21:40,0 p/s,0 p/s,0 p/s,0 p/s,31.1 p/s,0 p/s,0 p/s,7.98 kp/s,3.80 kp/s,4.20 kp/s,0 p/s,0 p/s,6.43 kp/s,1.53 kp/s,49.3 p/s,0 p/s,0 p/s,0 p/s,0 p/s,0 p/s,2.96 kp/s,0 p/s,0 p/s,19.0 kp/s,15.8 kp/s,6.10 kp/s,0 p/s,0 p/s,8.17 kp/s,9.54 kp/s,4.28 kp/s,0 p/s
2026-08-20 20:22:00,0 p/s,0 p/s,0 p/s,0 p/s,31.2 p/s,0 p/s,0 p/s,8.00 kp/s,3.82 kp/s,4.22 kp/s,0 p/s,0 p/s,6.45 kp/s,1.53 kp/s,49.9 p/s,0 p/s,0 p/s,0 p/s,0 p/s,0 p/s,2.97 kp/s,0 p/s,0 p/s,19.1 kp/s,15.9 kp/s,6.14 kp/s,0 p/s,0 p/s,8.20 kp/s,9.58 kp/s,4.31 kp/s,0 p/s
2026-08-20 20:22:20,0 p/s,0 p/s,0 p/s,0 p/s,30.7 p/s,0 p/s,0 p/s,7.88 kp/s,3.76 kp/s,4.15 kp/s,0 p/s,0 p/s,6.35 kp/s,1.51 kp/s,48.9 p/s,0 p/s,0 p/s,0 p/s,0 p/s,0 p/s,2.93 kp/s,0 p/s,0 p/s,18.8 kp/s,15.6 kp/s,6.04 kp/s,0 p/s,0 p/s,8.08 kp/s,9.45 kp/s,4.24 kp/s,0 p/s
2026-08-20 20:22:40,0 p/s,0 p/s,0 p/s,0 p/s,30.5 p/s,0 p/s,0 p/s,7.94 kp/s,3.78 kp/s,4.19 kp/s,0 p/s,0 p/s,6.40 kp/s,1.52 kp/s,48.9 p/s,0 p/s,0 p/s,0 p/s,0 p/s,0 p/s,3.00 kp/s,0 p/s,0 p/s,19.2 kp/s,16.0 kp/s,6.18 kp/s,0 p/s,0 p/s,8.27 kp/s,9.68 kp/s,4.34 kp/s,0 p/s
2026-08-20 20:23:00,0 p/s,0 p/s,0 p/s,0 p/s,30.9 p/s,0 p/s,0 p/s,7.87 kp/s,3.75 kp/s,4.14 kp/s,0 p/s,0 p/s,6.34 kp/s,1.51 kp/s,48.7 p/s,0 p/s,0 p/s,0 p/s,0 p/s,0 p/s,2.95 kp/s,0 p/s,0 p/s,18.9 kp/s,15.7 kp/s,6.07 kp/s,0 p/s,0 p/s,8.11 kp/s,9.48 kp/s,4.26 kp/s,0 p/s
2026-08-20 20:23:20,0 p/s,0 p/s,0 p/s,0 p/s,31.1 p/s,0 p/s,0 p/s,8.01 kp/s,3.81 kp/s,4.22 kp/s,0 p/s,0 p/s,6.45 kp/s,1.53 kp/s,49.7 p/s,0 p/s,0 p/s,0 p/s,0 p/s,0 p/s,2.93 kp/s,0 p/s,0 p/s,18.7 kp/s,15.6 kp/s,6.03 kp/s,0 p/s,0 p/s,8.05 kp/s,9.43 kp/s,4.23 kp/s,0 p/s
2026-08-20 20:23:40,0 p/s,0 p/s,0 p/s,0 p/s,30.9 p/s,0 p/s,0 p/s,7.94 kp/s,3.79 kp/s,4.18 kp/s,0 p/s,0 p/s,6.39 kp/s,1.52 kp/s,49.3 p/s,0 p/s,0 p/s,0 p/s,0 p/s,0 p/s,2.92 kp/s,0 p/s,0 p/s,18.8 kp/s,15.6 kp/s,6.04 kp/s,0 p/s,0 p/s,8.07 kp/s,9.43 kp/s,4.24 kp/s,0 p/s
2026-08-20 20:24:00,0 p/s,0 p/s,0 p/s,0 p/s,31.4 p/s,0 p/s,0 p/s,8.00 kp/s,3.81 kp/s,4.21 kp/s,0 p/s,0 p/s,6.44 kp/s,1.53 kp/s,49.7 p/s,0 p/s,0 p/s,0 p/s,0 p/s,0 p/s,2.95 kp/s,0 p/s,0 p/s,18.9 kp/s,15.7 kp/s,6.08 kp/s,0 p/s,0 p/s,8.12 kp/s,9.51 kp/s,4.27 kp/s,0 p/s
2026-08-20 20:24:20,0 p/s,0 p/s,0 p/s,0 p/s,30.7 p/s,0 p/s,0 p/s,7.91 kp/s,3.77 kp/s,4.16 kp/s,0 p/s,0 p/s,6.37 kp/s,1.51 kp/s,49.3 p/s,0 p/s,0 p/s,0 p/s,0 p/s,0 p/s,2.93 kp/s,0 p/s,0 p/s,18.8 kp/s,15.7 kp/s,6.03 kp/s,0 p/s,0 p/s,8.08 kp/s,9.45 kp/s,4.24 kp/s,0 p/s
2026-08-20 20:24:40,0 p/s,0 p/s,0 p/s,0 p/s,30.9 p/s,0 p/s,0 p/s,8.00 kp/s,3.81 kp/s,4.21 kp/s,0 p/s,0 p/s,6.44 kp/s,1.53 kp/s,49.4 p/s,0 p/s,0 p/s,0 p/s,0 p/s,0 p/s,2.88 kp/s,0 p/s,0 p/s,18.5 kp/s,15.4 kp/s,5.95 kp/s,0 p/s,0 p/s,7.93 kp/s,9.29 kp/s,4.18 kp/s,0 p/s
2026-08-20 20:25:00,0 p/s,0 p/s,0 p/s,0 p/s,31.5 p/s,0 p/s,0 p/s,8.02 kp/s,3.83 kp/s,4.22 kp/s,0 p/s,0 p/s,6.45 kp/s,1.53 kp/s,49.9 p/s,0 p/s,0 p/s,0 p/s,0 p/s,0 p/s,2.95 kp/s,0 p/s,0 p/s,18.9 kp/s,15.8 kp/s,6.07 kp/s,0 p/s,0 p/s,8.13 kp/s,9.52 kp/s,4.27 kp/s,0 p/s
2026-08-20 20:25:20,0 p/s,0 p/s,0 p/s,0 p/s,30.5 p/s,0 p/s,0 p/s,7.87 kp/s,3.75 kp/s,4.14 kp/s,0 p/s,0 p/s,6.33 kp/s,1.51 kp/s,48.7 p/s,0 p/s,0 p/s,0 p/s,0 p/s,0 p/s,2.96 kp/s,0 p/s,0 p/s,19.0 kp/s,15.8 kp/s,6.11 kp/s,0 p/s,0 p/s,8.16 kp/s,9.56 kp/s,4.29 kp/s,0 p/s
2026-08-20 20:25:40,0 p/s,0 p/s,0 p/s,0 p/s,30.6 p/s,0 p/s,0 p/s,7.92 kp/s,3.77 kp/s,4.18 kp/s,0 p/s,0 p/s,6.38 kp/s,1.52 kp/s,48.8 p/s,0 p/s,0 p/s,0 p/s,0 p/s,0 p/s,2.99 kp/s,0 p/s,0 p/s,19.2 kp/s,16.0 kp/s,6.17 kp/s,0 p/s,0 p/s,8.25 kp/s,9.64 kp/s,4.34 kp/s,0 p/s
2026-08-20 20:26:00,0 p/s,0 p/s,0 p/s,0 p/s,30.9 p/s,0 p/s,0 p/s,7.89 kp/s,3.76 kp/s,4.16 kp/s,0 p/s,0 p/s,6.35 kp/s,1.51 kp/s,48.9 p/s,0 p/s,0 p/s,0 p/s,0 p/s,0 p/s,2.95 kp/s,0 p/s,0 p/s,18.9 kp/s,15.8 kp/s,6.08 kp/s,0 p/s,0 p/s,8.14 kp/s,9.51 kp/s,4.27 kp/s,0 p/s
2026-08-20 20:26:20,0 p/s,0 p/s,0 p/s,0 p/s,30.8 p/s,0 p/s,0 p/s,7.97 kp/s,3.79 kp/s,4.20 kp/s,0 p/s,0 p/s,6.41 kp/s,1.53 kp/s,49.2 p/s,0 p/s,0 p/s,0 p/s,0 p/s,0 p/s,2.97 kp/s,0 p/s,0 p/s,19.1 kp/s,15.9 kp/s,6.13 kp/s,0 p/s,0 p/s,8.19 kp/s,9.58 kp/s,4.30 kp/s,0 p/s
2026-08-20 20:26:40,0 p/s,0 p/s,0 p/s,0 p/s,30.7 p/s,0 p/s,0 p/s,7.93 kp/s,3.78 kp/s,4.19 kp/s,0 p/s,0 p/s,6.38 kp/s,1.52 kp/s,49.3 p/s,0 p/s,0 p/s,0 p/s,0 p/s,0 p/s,2.96 kp/s,0 p/s,0 p/s,18.9 kp/s,15.8 kp/s,6.09 kp/s,0 p/s,0 p/s,8.15 kp/s,9.53 kp/s,4.28 kp/s,0 p/s
2026-08-20 20:27:00,0 p/s,0 p/s,0 p/s,0 p/s,31.1 p/s,0 p/s,0 p/s,7.96 kp/s,3.78 kp/s,4.20 kp/s,0 p/s,0 p/s,6.41 kp/s,1.52 kp/s,49.2 p/s,0 p/s,0 p/s,0 p/s,0 p/s,0 p/s,2.93 kp/s,0 p/s,0 p/s,18.9 kp/s,15.7 kp/s,6.06 kp/s,0 p/s,0 p/s,8.10 kp/s,9.48 kp/s,4.25 kp/s,0 p/s
2026-08-20 20:27:20,0 p/s,0 p/s,0 p/s,0 p/s,30.8 p/s,0 p/s,0 p/s,7.94 kp/s,3.79 kp/s,4.18 kp/s,0 p/s,0 p/s,6.39 kp/s,1.52 kp/s,48.9 p/s,0 p/s,0 p/s,0 p/s,0 p/s,0 p/s,2.97 kp/s,0 p/s,0 p/s,19.1 kp/s,15.9 kp/s,6.13 kp/s,0 p/s,0 p/s,8.19 kp/s,9.59 kp/s,4.30 kp/s,0 p/s
2026-08-20 20:27:40,0 p/s,0 p/s,0 p/s,0 p/s,31 p/s,0 p/s,0 p/s,7.92 kp/s,3.77 kp/s,4.16 kp/s,0 p/s,0 p/s,6.38 kp/s,1.52 kp/s,49.1 p/s,0 p/s,0 p/s,0 p/s,0 p/s,0 p/s,2.99 kp/s,0 p/s,0 p/s,19.2 kp/s,16.0 kp/s,6.16 kp/s,0 p/s,0 p/s,8.23 kp/s,9.63 kp/s,4.32 kp/s,0 p/s
2026-08-20 20:28:00,0 p/s,0 p/s,0 p/s,0 p/s,30.6 p/s,0 p/s,0 p/s,7.90 kp/s,3.77 kp/s,4.17 kp/s,0 p/s,0 p/s,6.36 kp/s,1.51 kp/s,48.6 p/s,0 p/s,0 p/s,0 p/s,0 p/s,0 p/s,2.98 kp/s,0 p/s,0 p/s,19.1 kp/s,16.0 kp/s,6.16 kp/s,0 p/s,0 p/s,8.24 kp/s,9.63 kp/s,4.32 kp/s,0 p/s
2026-08-20 20:28:20,0 p/s,0 p/s,0 p/s,0 p/s,30.6 p/s,0 p/s,0 p/s,7.88 kp/s,3.76 kp/s,4.15 kp/s,0 p/s,0 p/s,6.34 kp/s,1.51 kp/s,48.7 p/s,0 p/s,0 p/s,0 p/s,0 p/s,0 p/s,2.97 kp/s,0 p/s,0 p/s,19.0 kp/s,15.8 kp/s,6.12 kp/s,0 p/s,0 p/s,8.16 kp/s,9.57 kp/s,4.31 kp/s,0 p/s
2026-08-20 20:28:40,0 p/s,0 p/s,0 p/s,0 p/s,30.7 p/s,0 p/s,0 p/s,8.02 kp/s,3.82 kp/s,4.22 kp/s,0 p/s,0 p/s,6.45 kp/s,1.53 kp/s,49.7 p/s,0 p/s,0 p/s,0 p/s,0 p/s,0 p/s,2.90 kp/s,0 p/s,0 p/s,18.7 kp/s,15.5 kp/s,5.99 kp/s,0 p/s,0 p/s,8.03 kp/s,9.37 kp/s,4.21 kp/s,0 p/s
2026-08-20 20:29:00,0 p/s,0 p/s,0 p/s,0 p/s,31.1 p/s,0 p/s,0 p/s,7.96 kp/s,3.79 kp/s,4.19 kp/s,0 p/s,0 p/s,6.40 kp/s,1.52 kp/s,49.5 p/s,0 p/s,0 p/s,0 p/s,0 p/s,0 p/s,2.96 kp/s,0 p/s,0 p/s,19.0 kp/s,15.8 kp/s,6.11 kp/s,0 p/s,0 p/s,8.18 kp/s,9.55 kp/s,4.29 kp/s,0 p/s
2026-08-20 20:29:20,0 p/s,0 p/s,0 p/s,0 p/s,30.7 p/s,0 p/s,0 p/s,8.00 kp/s,3.82 kp/s,4.21 kp/s,0 p/s,0 p/s,6.43 kp/s,1.53 kp/s,49.5 p/s,0 p/s,0 p/s,0 p/s,0 p/s,0 p/s,2.94 kp/s,0 p/s,0 p/s,18.9 kp/s,15.7 kp/s,6.07 kp/s,0 p/s,0 p/s,8.13 kp/s,9.49 kp/s,4.26 kp/s,0 p/s
2026-08-20 20:29:40,0 p/s,0 p/s,0 p/s,0 p/s,30.5 p/s,0 p/s,0 p/s,7.97 kp/s,3.79 kp/s,4.21 kp/s,0 p/s,0 p/s,6.42 kp/s,1.52 kp/s,49.4 p/s,0 p/s,0 p/s,0 p/s,0 p/s,0 p/s,2.97 kp/s,0 p/s,0 p/s,19.0 kp/s,15.9 kp/s,6.12 kp/s,0 p/s,0 p/s,8.18 kp/s,9.58 kp/s,4.30 kp/s,0 p/s
2026-08-20 20:30:00,0 p/s,0 p/s,0 p/s,0 p/s,31 p/s,0 p/s,0 p/s,7.99 kp/s,3.82 kp/s,4.19 kp/s,0 p/s,0 p/s,6.44 kp/s,1.53 kp/s,49.5 p/s,0 p/s,0 p/s,0 p/s,0 p/s,0 p/s,2.97 kp/s,0 p/s,0 p/s,19.0 kp/s,15.8 kp/s,6.13 kp/s,0 p/s,0 p/s,8.18 kp/s,9.56 kp/s,4.30 kp/s,0 p/s
2026-08-20 20:30:20,0 p/s,0 p/s,0 p/s,0 p/s,31.3 p/s,0 p/s,0 p/s,8.02 kp/s,3.82 kp/s,4.22 kp/s,0 p/s,0 p/s,6.45 kp/s,1.53 kp/s,49.9 p/s,0 p/s,0 p/s,0 p/s,0 p/s,0 p/s,2.92 kp/s,0 p/s,0 p/s,18.7 kp/s,15.6 kp/s,6.02 kp/s,0 p/s,0 p/s,8.05 kp/s,9.42 kp/s,4.23 kp/s,0 p/s
2026-08-20 20:30:40,0 p/s,0 p/s,0 p/s,0 p/s,30.4 p/s,0 p/s,0 p/s,8.00 kp/s,3.81 kp/s,4.21 kp/s,0 p/s,0 p/s,6.44 kp/s,1.53 kp/s,49.4 p/s,0 p/s,0 p/s,0 p/s,0 p/s,0 p/s,2.96 kp/s,0 p/s,0 p/s,19.0 kp/s,15.8 kp/s,6.11 kp/s,0 p/s,0 p/s,8.18 kp/s,9.54 kp/s,4.28 kp/s,0 p/s
2026-08-20 20:31:00,0 p/s,0 p/s,0 p/s,0 p/s,30.7 p/s,0 p/s,0 p/s,7.95 kp/s,3.79 kp/s,4.18 kp/s,0 p/s,0 p/s,6.40 kp/s,1.52 kp/s,49.2 p/s,0 p/s,0 p/s,0 p/s,0 p/s,0 p/s,2.96 kp/s,0 p/s,0 p/s,19.0 kp/s,15.8 kp/s,6.11 kp/s,0 p/s,0 p/s,8.16 kp/s,9.55 kp/s,4.29 kp/s,0 p/s
2026-08-20 20:31:20,0 p/s,0 p/s,0 p/s,0 p/s,30.6 p/s,0 p/s,0 p/s,7.84 kp/s,3.73 kp/s,4.13 kp/s,0 p/s,0 p/s,6.31 kp/s,1.50 kp/s,48.3 p/s,0 p/s,0 p/s,0 p/s,0 p/s,0 p/s,2.90 kp/s,0 p/s,0 p/s,18.7 kp/s,15.6 kp/s,5.99 kp/s,0 p/s,0 p/s,8.03 kp/s,9.38 kp/s,4.20 kp/s,0 p/s
2026-08-20 20:31:40,0 p/s,0 p/s,0 p/s,0 p/s,30.9 p/s,0 p/s,0 p/s,8.00 kp/s,3.82 kp/s,4.20 kp/s,0 p/s,0 p/s,6.43 kp/s,1.53 kp/s,49.9 p/s,0 p/s,0 p/s,0 p/s,0 p/s,0 p/s,2.92 kp/s,0 p/s,0 p/s,18.7 kp/s,15.6 kp/s,6.02 kp/s,0 p/s,0 p/s,8.04 kp/s,9.40 kp/s,4.23 kp/s,0 p/s
2026-08-20 20:32:00,0 p/s,0 p/s,0 p/s,0 p/s,30.5 p/s,0 p/s,0 p/s,7.92 kp/s,3.78 kp/s,4.17 kp/s,0 p/s,0 p/s,6.38 kp/s,1.51 kp/s,49.1 p/s,0 p/s,0 p/s,0 p/s,0 p/s,0 p/s,2.92 kp/s,0 p/s,0 p/s,18.8 kp/s,15.6 kp/s,6.04 kp/s,0 p/s,0 p/s,8.07 kp/s,9.45 kp/s,4.24 kp/s,0 p/s
2026-08-20 20:32:20,0 p/s,0 p/s,0 p/s,0 p/s,30.7 p/s,0 p/s,0 p/s,7.97 kp/s,3.78 kp/s,4.21 kp/s,0 p/s,0 p/s,6.41 kp/s,1.52 kp/s,49.4 p/s,0 p/s,0 p/s,0 p/s,0 p/s,0 p/s,2.93 kp/s,0 p/s,0 p/s,18.9 kp/s,15.7 kp/s,6.05 kp/s,0 p/s,0 p/s,8.11 kp/s,9.48 kp/s,4.25 kp/s,0 p/s
2026-08-20 20:32:40,0 p/s,0 p/s,0 p/s,0 p/s,31 p/s,0 p/s,0 p/s,8.01 kp/s,3.82 kp/s,4.21 kp/s,0 p/s,0 p/s,6.45 kp/s,1.53 kp/s,49.5 p/s,0 p/s,0 p/s,0 p/s,0 p/s,0 p/s,2.95 kp/s,0 p/s,0 p/s,18.9 kp/s,15.7 kp/s,6.08 kp/s,0 p/s,0 p/s,8.11 kp/s,9.50 kp/s,4.27 kp/s,0 p/s
2026-08-20 20:33:00,0 p/s,0 p/s,0 p/s,0 p/s,30.9 p/s,0 p/s,0 p/s,7.89 kp/s,3.76 kp/s,4.17 kp/s,0 p/s,0 p/s,6.35 kp/s,1.51 kp/s,48.5 p/s,0 p/s,0 p/s,0 p/s,0 p/s,0 p/s,2.95 kp/s,0 p/s,0 p/s,18.9 kp/s,15.8 kp/s,6.09 kp/s,0 p/s,0 p/s,8.14 kp/s,9.51 kp/s,4.27 kp/s,0 p/s
2026-08-20 20:33:20,0 p/s,0 p/s,0 p/s,0 p/s,30.9 p/s,0 p/s,0 p/s,7.92 kp/s,3.76 kp/s,4.17 kp/s,0 p/s,0 p/s,6.37 kp/s,1.52 kp/s,48.9 p/s,0 p/s,0 p/s,0 p/s,0 p/s,0 p/s,2.94 kp/s,0 p/s,0 p/s,18.8 kp/s,15.7 kp/s,6.05 kp/s,0 p/s,0 p/s,8.06 kp/s,9.46 kp/s,4.25 kp/s,0 p/s
2026-08-20 20:33:40,0 p/s,0 p/s,0 p/s,0 p/s,30.9 p/s,0 p/s,0 p/s,7.88 kp/s,3.76 kp/s,4.16 kp/s,0 p/s,0 p/s,6.35 kp/s,1.51 kp/s,48.6 p/s,0 p/s,0 p/s,0 p/s,0 p/s,0 p/s,2.92 kp/s,0 p/s,0 p/s,18.7 kp/s,15.6 kp/s,6.02 kp/s,0 p/s,0 p/s,8.05 kp/s,9.42 kp/s,4.23 kp/s,0 p/s
2026-08-20 20:34:00,0 p/s,0 p/s,0 p/s,0 p/s,30.7 p/s,0 p/s,0 p/s,7.91 kp/s,3.77 kp/s,4.17 kp/s,0 p/s,0 p/s,6.37 kp/s,1.51 kp/s,49.1 p/s,0 p/s,0 p/s,0 p/s,0 p/s,0 p/s,2.98 kp/s,0 p/s,0 p/s,19.1 kp/s,15.9 kp/s,6.14 kp/s,0 p/s,0 p/s,8.25 kp/s,9.62 kp/s,4.31 kp/s,0 p/s
2026-08-20 20:34:20,0 p/s,0 p/s,0 p/s,0 p/s,30.5 p/s,0 p/s,0 p/s,7.91 kp/s,3.77 kp/s,4.17 kp/s,0 p/s,0 p/s,6.36 kp/s,1.51 kp/s,48.9 p/s,0 p/s,0 p/s,0 p/s,0 p/s,0 p/s,2.99 kp/s,0 p/s,0 p/s,19.2 kp/s,16.0 kp/s,6.16 kp/s,0 p/s,0 p/s,8.24 kp/s,9.63 kp/s,4.32 kp/s,0 p/s
2026-08-20 20:34:40,0 p/s,0 p/s,0 p/s,0 p/s,30.3 p/s,0 p/s,0 p/s,7.92 kp/s,3.77 kp/s,4.17 kp/s,0 p/s,0 p/s,6.37 kp/s,1.52 kp/s,49 p/s,0 p/s,0 p/s,0 p/s,0 p/s,0 p/s,2.93 kp/s,0 p/s,0 p/s,18.8 kp/s,15.7 kp/s,6.04 kp/s,0 p/s,0 p/s,8.08 kp/s,9.46 kp/s,4.24 kp/s,0 p/s
2026-08-20 20:35:00,0 p/s,0 p/s,0 p/s,0 p/s,31 p/s,0 p/s,0 p/s,7.92 kp/s,3.77 kp/s,4.18 kp/s,0 p/s,0 p/s,6.37 kp/s,1.51 kp/s,48.9 p/s,0 p/s,0 p/s,0 p/s,0 p/s,0 p/s,2.95 kp/s,0 p/s,0 p/s,19.0 kp/s,15.8 kp/s,6.10 kp/s,0 p/s,0 p/s,8.17 kp/s,9.55 kp/s,4.28 kp/s,0 p/s
2026-08-20 20:35:20,0 p/s,0 p/s,0 p/s,0 p/s,30.9 p/s,0 p/s,0 p/s,7.93 kp/s,3.77 kp/s,4.19 kp/s,0 p/s,0 p/s,6.39 kp/s,1.52 kp/s,48.9 p/s,0 p/s,0 p/s,0 p/s,0 p/s,0 p/s,2.94 kp/s,0 p/s,0 p/s,18.8 kp/s,15.7 kp/s,6.04 kp/s,0 p/s,0 p/s,8.07 kp/s,9.45 kp/s,4.25 kp/s,0 p/s
2026-08-20 20:35:40,0 p/s,0 p/s,0 p/s,0 p/s,31 p/s,0 p/s,0 p/s,7.90 kp/s,3.77 kp/s,4.16 kp/s,0 p/s,0 p/s,6.37 kp/s,1.51 kp/s,49.1 p/s,0 p/s,0 p/s,0 p/s,0 p/s,0 p/s,2.97 kp/s,0 p/s,0 p/s,19.0 kp/s,15.8 kp/s,6.12 kp/s,0 p/s,0 p/s,8.17 kp/s,9.56 kp/s,4.29 kp/s,0 p/s
2026-08-20 20:36:00,0 p/s,0 p/s,0 p/s,0 p/s,29.9 p/s,0 p/s,0 p/s,7.91 kp/s,3.77 kp/s,4.16 kp/s,0 p/s,0 p/s,6.37 kp/s,1.51 kp/s,49.2 p/s,0 p/s,0 p/s,0 p/s,0 p/s,0 p/s,2.92 kp/s,0 p/s,0 p/s,18.8 kp/s,15.7 kp/s,6.03 kp/s,0 p/s,0 p/s,8.08 kp/s,9.45 kp/s,4.24 kp/s,0 p/s
2026-08-20 20:36:20,0 p/s,0 p/s,0 p/s,0 p/s,30.5 p/s,0 p/s,0 p/s,7.93 kp/s,3.76 kp/s,4.18 kp/s,0 p/s,0 p/s,6.39 kp/s,1.51 kp/s,49.3 p/s,0 p/s,0 p/s,0 p/s,0 p/s,0 p/s,2.95 kp/s,0 p/s,0 p/s,18.9 kp/s,15.7 kp/s,6.07 kp/s,0 p/s,0 p/s,8.13 kp/s,9.50 kp/s,4.26 kp/s,0 p/s